Log Start Time,2026-08-24T08:01:16,,,,,,,
Delta uS,V Ch1,V Ch2,I,X,Y,Z,Temp,RTC Stamp
60001904,0.011,0,0,0,0,0,73,2026-08-24T08:02:53
38683840,-0.025,0,0,0,0,0,73,2026-08-24T08:02:53
21317520,0.018,0,0,0,0,0,73,2026-08-24T08:03:14
26231520,0.047,0,0,0,0,0,73,2026-08-24T08:03:41
83280,0.05,0,0,0,0,0,73,2026-08-24T08:03:41
68544,0.052,0,0,0,0,0,74,2026-08-24T08:03:41
32176,0.059,0,0,0,0,0,73,2026-08-24T08:03:41
32848,0.061,0,0,0,0,0,73,2026-08-24T08:03:41
166432,0.066,0,0,0,0,0,74,2026-08-24T08:03:41
209056,-0.027,0,0,0,0,0,74,2026-08-24T08:03:41
99408,-0.029,0,0,0,0,0,73,2026-08-24T08:03:41
2089376,0.109,0,0,0,0,0,73,2026-08-24T08:03:43
2969008,-0.032,0,0,0,0,0,74,2026-08-24T08:03:46
183024,-0.052,0,0,0,0,0,74,2026-08-24T08:03:46
52016,-0.061,0,0,0,0,0,73,2026-08-24T08:03:47
131536,-0.068,0,0,0,0,0,74,2026-08-24T08:03:47
4316832,-0.07,0,0,0,0,0,74,2026-08-24T08:03:51
133888,-0.072,0,0,0,0,0,74,2026-08-24T08:03:51
66064,-0.075,0,0,0,0,0,74,2026-08-24T08:03:51
200160,-0.077,0,0,0,0,0,74,2026-08-24T08:03:51
2750160,-0.079,0,0,0,0,0,74,2026-08-24T08:03:54
20186528,0.043,0,0,0,0,0,74,2026-08-24T08:04:14
46498832,0.317,0,0,0,0,0,74,2026-08-24T08:05:01
13503904,0.038,0,0,0,0,0,74,2026-08-24T08:05:14
50906512,0.379,0,0,0,0,0,75,2026-08-24T08:06:05
29472,-0.338,0,0,0,0,0,75,2026-08-24T08:06:05
32224,-0.533,0,0,0,0,0,75,2026-08-24T08:06:05
83200,-0.558,0,0,0,0,0,75,2026-08-24T08:06:05
292352,0.503,0,0,0,0,0,75,2026-08-24T08:06:06
382464,0.53,0,0,0,0,0,75,2026-08-24T08:06:06
83456,0.569,0,0,0,0,0,75,2026-08-24T08:06:06
1317056,1.033,0,0,0,0,0,75,2026-08-24T08:06:07
6875040,0.011,0,0,0,0,0,75,2026-08-24T08:06:14
60000800,0.048,0,0,0,0,0,75,2026-08-24T08:07:14
49202048,4.081,0,0,0,0,0,76,2026-08-24T08:08:04
29760,4.099,0,0,0,0,0,76,2026-08-24T08:08:04
32448,4.12,0,0,0,0,0,76,2026-08-24T08:08:04
32448,4.149,0,0,0,0,0,76,2026-08-24T08:08:04
10706400,4.067,0,0,0,0,0,76,2026-08-24T08:08:14
8424576,4.099,0,0,0,0,0,76,2026-08-24T08:08:23
1002304,4.084,0,0,0,0,0,76,2026-08-24T08:08:24
1002240,4.056,0,0,0,0,0,76,2026-08-24T08:08:25
1002176,4.081,0,0,0,0,0,77,2026-08-24T08:08:26
1001760,4.106,0,0,0,0,0,76,2026-08-24T08:08:27
1002208,4.106,0,0,0,0,0,76,2026-08-24T08:08:28
60002048,4.077,0,0,0,0,0,77,2026-08-24T08:09:28
60001504,4.135,0,0,0,0,0,77,2026-08-24T08:10:28
10733824,4.181,0,0,0,0,0,77,2026-08-24T08:10:39
49269888,4.081,0,0,0,0,0,78,2026-08-24T08:11:28
60002496,4.095,0,0,0,0,0,78,2026-08-24T08:12:28
60002112,4.056,0,0,0,0,0,79,2026-08-24T08:13:28
60001600,4.106,0,0,0,0,0,79,2026-08-24T08:14:28
60001728,4.095,0,0,0,0,0,79,2026-08-24T08:15:28
60002304,4.092,0,0,0,0,0,79,2026-08-24T08:16:28
60001856,4.099,0,0,0,0,0,79,2026-08-24T08:17:28
60001984,4.092,0,0,0,0,0,79,2026-08-24T08:18:28
60001600,4.052,0,0,0,0,0,79,2026-08-24T08:19:28
60000896,4.099,0,0,0,0,0,79,2026-08-24T08:20:28
60002176,4.088,0,0,0,0,0,79,2026-08-24T08:21:28
60001664,4.052,0,0,0,0,0,80,2026-08-24T08:22:28
60001920,4.038,0,0,0,0,0,79,2026-08-24T08:23:28
60001792,4.127,0,0,0,0,0,79,2026-08-24T08:24:28
60002176,4.045,0,0,0,0,0,80,2026-08-24T08:25:28
60002688,4.102,0,0,0,0,0,80,2026-08-24T08:26:28
60002432,4.07,0,0,0,0,0,80,2026-08-24T08:27:28
60002432,4.11,0,0,0,0,0,80,2026-08-24T08:28:28
60001920,4.113,0,0,0,0,0,80,2026-08-24T08:29:28
60000512,4.106,0,0,0,0,0,80,2026-08-24T08:30:28
60002944,4.11,0,0,0,0,0,80,2026-08-24T08:31:28
60002048,4.092,0,0,0,0,0,80,2026-08-24T08:32:28
60003456,4.095,0,0,0,0,0,80,2026-08-24T08:33:28
60001664,4.084,0,0,0,0,0,80,2026-08-24T08:34:28
60002560,4.088,0,0,0,0,0,80,2026-08-24T08:35:28
60002560,4.127,0,0,0,0,0,80,2026-08-24T08:36:28
60001792,4.077,0,0,0,0,0,80,2026-08-24T08:37:28
60003072,4.11,0,0,0,0,0,80,2026-08-24T08:38:28
60001536,4.106,0,0,0,0,0,80,2026-08-24T08:39:28
60002816,4.084,0,0,0,0,0,80,2026-08-24T08:40:28
60002560,4.102,0,0,0,0,0,80,2026-08-24T08:41:28
60002048,4.081,0,0,0,0,0,80,2026-08-24T08:42:28
60001536,4.092,0,0,0,0,0,80,2026-08-24T08:43:28
60001792,4.07,0,0,0,0,0,80,2026-08-24T08:44:28
60001792,4.088,0,0,0,0,0,80,2026-08-24T08:45:28
60015872,4.045,0,0,0,0,0,80,2026-08-24T08:46:28
60033536,4.113,0,0,0,0,0,80,2026-08-24T08:47:28
60035328,4.07,0,0,0,0,0,80,2026-08-24T08:48:28
60033280,4.11,0,0,0,0,0,80,2026-08-24T08:49:28
60032000,4.124,0,0,0,0,0,80,2026-08-24T08:50:28
60032768,4.084,0,0,0,0,0,81,2026-08-24T08:51:28
60032512,4.117,0,0,0,0,0,81,2026-08-24T08:52:28
60032000,4.113,0,0,0,0,0,81,2026-08-24T08:53:28
60035328,4.077,0,0,0,0,0,81,2026-08-24T08:54:28
60034048,4.102,0,0,0,0,0,81,2026-08-24T08:55:29
60032512,4.034,0,0,0,0,0,81,2026-08-24T08:56:29
60033024,4.07,0,0,0,0,0,81,2026-08-24T08:57:29
60032256,4.084,0,0,0,0,0,80,2026-08-24T08:58:29
60031744,4.088,0,0,0,0,0,81,2026-08-24T08:59:29
60032512,4.074,0,0,0,0,0,81,2026-08-24T09:00:29
60032512,4.081,0,0,0,0,0,81,2026-08-24T09:01:29
60032512,4.099,0,0,0,0,0,81,2026-08-24T09:02:29
60032512,4.12,0,0,0,0,0,81,2026-08-24T09:03:29
60032000,4.099,0,0,0,0,0,81,2026-08-24T09:04:29
60035072,4.063,0,0,0,0,0,81,2026-08-24T09:05:29
60035584,4.084,0,0,0,0,0,81,2026-08-24T09:06:29
60032000,4.077,0,0,0,0,0,81,2026-08-24T09:07:29
60032768,4.092,0,0,0,0,0,81,2026-08-24T09:08:29
60032256,4.081,0,0,0,0,0,81,2026-08-24T09:09:29
60032768,4.102,0,0,0,0,0,81,2026-08-24T09:10:29
60032512,4.081,0,0,0,0,0,81,2026-08-24T09:11:29
60033536,4.07,0,0,0,0,0,81,2026-08-24T09:12:29
-4234931200,4.095,0,0,0,0,0,81,2026-08-24T09:13:29
60002472,4.074,0,0,0,0,0,81,2026-08-24T09:14:29
60002224,4.124,0,0,0,0,0,81,2026-08-24T09:15:29
60001776,4.12,0,0,0,0,0,81,2026-08-24T09:16:29
60002000,4.095,0,0,0,0,0,81,2026-08-24T09:17:29
60002816,4.092,0,0,0,0,0,81,2026-08-24T09:18:29
60002336,4.056,0,0,0,0,0,81,2026-08-24T09:19:29
60002272,4.124,0,0,0,0,0,81,2026-08-24T09:20:29
60001632,4.081,0,0,0,0,0,81,2026-08-24T09:21:29
60002624,4.095,0,0,0,0,0,81,2026-08-24T09:22:29
60002048,4.088,0,0,0,0,0,81,2026-08-24T09:23:29
60002624,4.077,0,0,0,0,0,81,2026-08-24T09:24:29
60002752,4.095,0,0,0,0,0,81,2026-08-24T09:25:29
60000512,4.127,0,0,0,0,0,81,2026-08-24T09:26:29
60003072,4.074,0,0,0,0,0,81,2026-08-24T09:27:29
60002560,4.074,0,0,0,0,0,81,2026-08-24T09:28:29
60000448,4.081,0,0,0,0,0,81,2026-08-24T09:29:29
60002816,4.077,0,0,0,0,0,81,2026-08-24T09:30:29
60002816,4.092,0,0,0,0,0,82,2026-08-24T09:31:29
60000512,4.045,0,0,0,0,0,81,2026-08-24T09:32:29
60002688,4.081,0,0,0,0,0,81,2026-08-24T09:33:29
60003584,4.077,0,0,0,0,0,81,2026-08-24T09:34:29
60000768,4.038,0,0,0,0,0,81,2026-08-24T09:35:29
60002432,4.077,0,0,0,0,0,81,2026-08-24T09:36:29
60003712,4.034,0,0,0,0,0,81,2026-08-24T09:37:29
60002432,4.07,0,0,0,0,0,81,2026-08-24T09:38:29
60002944,4.067,0,0,0,0,0,82,2026-08-24T09:39:29
60001152,4.113,0,0,0,0,0,81,2026-08-24T09:40:29
60003072,4.07,0,0,0,0,0,81,2026-08-24T09:41:29
60000896,4.106,0,0,0,0,0,81,2026-08-24T09:42:29
60003456,4.074,0,0,0,0,0,81,2026-08-24T09:43:29
60002816,4.084,0,0,0,0,0,81,2026-08-24T09:44:29
60000512,4.077,0,0,0,0,0,81,2026-08-24T09:45:29
60002944,4.102,0,0,0,0,0,81,2026-08-24T09:46:29
60003456,4.099,0,0,0,0,0,81,2026-08-24T09:47:30
60000896,4.088,0,0,0,0,0,81,2026-08-24T09:48:30
60001408,4.045,0,0,0,0,0,81,2026-08-24T09:49:30
60001024,4.099,0,0,0,0,0,81,2026-08-24T09:50:30
60002816,4.095,0,0,0,0,0,81,2026-08-24T09:51:30
60001024,4.081,0,0,0,0,0,81,2026-08-24T09:52:30
60003072,4.088,0,0,0,0,0,81,2026-08-24T09:53:30
60000768,4.099,0,0,0,0,0,81,2026-08-24T09:54:30
60003328,4.095,0,0,0,0,0,81,2026-08-24T09:55:30
60001024,4.084,0,0,0,0,0,82,2026-08-24T09:56:30
60000768,4.074,0,0,0,0,0,81,2026-08-24T09:57:30
60003072,4.099,0,0,0,0,0,81,2026-08-24T09:58:30
60003072,4.095,0,0,0,0,0,81,2026-08-24T09:59:30
60002816,4.088,0,0,0,0,0,81,2026-08-24T10:00:30
60002560,4.099,0,0,0,0,0,81,2026-08-24T10:01:30
60033792,4.042,0,0,0,0,0,81,2026-08-24T10:02:30
60002048,4.063,0,0,0,0,0,82,2026-08-24T10:03:30
60001280,4.099,0,0,0,0,0,82,2026-08-24T10:04:30
60002048,4.117,0,0,0,0,0,81,2026-08-24T10:05:30
60001280,4.034,0,0,0,0,0,82,2026-08-24T10:06:30
60000768,4.117,0,0,0,0,0,81,2026-08-24T10:07:30
60002048,4.088,0,0,0,0,0,81,2026-08-24T10:08:30
60002048,4.077,0,0,0,0,0,82,2026-08-24T10:09:30
60003072,4.077,0,0,0,0,0,81,2026-08-24T10:10:30
60000512,4.113,0,0,0,0,0,81,2026-08-24T10:11:30
60003584,4.088,0,0,0,0,0,81,2026-08-24T10:12:30
60002304,4.088,0,0,0,0,0,82,2026-08-24T10:13:30
60000256,4.052,0,0,0,0,0,81,2026-08-24T10:14:30
60003328,4.081,0,0,0,0,0,82,2026-08-24T10:15:30
60002560,4.045,0,0,0,0,0,81,2026-08-24T10:16:30
60001280,4.07,0,0,0,0,0,81,2026-08-24T10:17:30
60003072,4.095,0,0,0,0,0,81,2026-08-24T10:18:30
60001792,4.095,0,0,0,0,0,81,2026-08-24T10:19:30
60003072,4.045,0,0,0,0,0,81,2026-08-24T10:20:30
60001536,4.095,0,0,0,0,0,81,2026-08-24T10:21:30
60002816,4.11,0,0,0,0,0,81,2026-08-24T10:22:30
60002304,4.074,0,0,0,0,0,81,2026-08-24T10:23:30
-4234966784,4.084,0,0,0,0,0,82,2026-08-24T10:24:30
60003224,4.095,0,0,0,0,0,81,2026-08-24T10:25:30
60000408,4.077,0,0,0,0,0,81,2026-08-24T10:26:30
60000968,4.063,0,0,0,0,0,81,2026-08-24T10:27:30
60002720,4.067,0,0,0,0,0,81,2026-08-24T10:28:30
60000384,4.113,0,0,0,0,0,81,2026-08-24T10:29:30
60002848,4.084,0,0,0,0,0,81,2026-08-24T10:30:30
60002912,4.099,0,0,0,0,0,81,2026-08-24T10:31:30
60000352,4.063,0,0,0,0,0,81,2026-08-24T10:32:30
60000864,4.088,0,0,0,0,0,82,2026-08-24T10:33:30
60003520,4.056,0,0,0,0,0,81,2026-08-24T10:34:30
60002944,4.077,0,0,0,0,0,81,2026-08-24T10:35:30
60003008,4.084,0,0,0,0,0,82,2026-08-24T10:36:30
60002688,4.063,0,0,0,0,0,82,2026-08-24T10:37:30
60003008,4.063,0,0,0,0,0,81,2026-08-24T10:38:30
60000704,4.092,0,0,0,0,0,81,2026-08-24T10:39:30
60001280,4.07,0,0,0,0,0,81,2026-08-24T10:40:30
60001984,4.081,0,0,0,0,0,81,2026-08-24T10:41:30
60001024,4.07,0,0,0,0,0,81,2026-08-24T10:42:30
60003072,4.088,0,0,0,0,0,81,2026-08-24T10:43:30
60002688,4.034,0,0,0,0,0,81,2026-08-24T10:44:30
60002944,4.074,0,0,0,0,0,81,2026-08-24T10:45:30
60002560,4.031,0,0,0,0,0,81,2026-08-24T10:46:30
60000512,4.092,0,0,0,0,0,82,2026-08-24T10:47:30
60003072,4.067,0,0,0,0,0,81,2026-08-24T10:48:30
60001920,4.113,0,0,0,0,0,81,2026-08-24T10:49:30
60017536,4.074,0,0,0,0,0,81,2026-08-24T10:50:30
60001664,4.07,0,0,0,0,0,81,2026-08-24T10:51:30
60001152,4.081,0,0,0,0,0,81,2026-08-24T10:52:30
60002304,4.095,0,0,0,0,0,81,2026-08-24T10:53:30
60000256,4.084,0,0,0,0,0,81,2026-08-24T10:54:30
60003328,4.092,0,0,0,0,0,81,2026-08-24T10:55:30
60000768,4.102,0,0,0,0,0,81,2026-08-24T10:56:30
60001920,4.11,0,0,0,0,0,81,2026-08-24T10:57:30
60003072,4.088,0,0,0,0,0,81,2026-08-24T10:58:30
60000896,4.084,0,0,0,0,0,81,2026-08-24T10:59:30
60002944,4.077,0,0,0,0,0,81,2026-08-24T11:00:30
60002048,4.031,0,0,0,0,0,81,2026-08-24T11:01:30
60000512,4.106,0,0,0,0,0,81,2026-08-24T11:02:30
60003328,4.088,0,0,0,0,0,81,2026-08-24T11:03:30
60000256,4.081,0,0,0,0,0,81,2026-08-24T11:04:30
60001536,4.042,0,0,0,0,0,81,2026-08-24T11:05:30
60002560,4.11,0,0,0,0,0,81,2026-08-24T11:06:30
60001280,4.07,0,0,0,0,0,81,2026-08-24T11:07:30
60002560,4.07,0,0,0,0,0,81,2026-08-24T11:08:30
60003328,4.081,0,0,0,0,0,81,2026-08-24T11:09:30
60003328,4.038,0,0,0,0,0,81,2026-08-24T11:10:30
60002304,4.099,0,0,0,0,0,81,2026-08-24T11:11:30
60001280,4.063,0,0,0,0,0,81,2026-08-24T11:12:30
60003072,4.034,0,0,0,0,0,81,2026-08-24T11:13:30
60003072,4.084,0,0,0,0,0,81,2026-08-24T11:14:30
60001024,4.074,0,0,0,0,0,81,2026-08-24T11:15:30
60001280,4.077,0,0,0,0,0,81,2026-08-24T11:16:30
60000512,4.049,0,0,0,0,0,81,2026-08-24T11:17:30
60002816,4.074,0,0,0,0,0,81,2026-08-24T11:18:30
60001280,4.034,0,0,0,0,0,81,2026-08-24T11:19:30
60001024,4.059,0,0,0,0,0,81,2026-08-24T11:20:30
60002048,4.067,0,0,0,0,0,81,2026-08-24T11:21:30
60003328,4.074,0,0,0,0,0,81,2026-08-24T11:22:30
60002816,4.016,0,0,0,0,0,81,2026-08-24T11:23:30
60000512,4.024,0,0,0,0,0,81,2026-08-24T11:24:30
60002048,4.088,0,0,0,0,0,81,2026-08-24T11:25:30
60000768,4.02,0,0,0,0,0,81,2026-08-24T11:26:30
60001280,4.056,0,0,0,0,0,81,2026-08-24T11:27:30
60001280,4.11,0,0,0,0,0,80,2026-08-24T11:28:30
60000768,4.067,0,0,0,0,0,81,2026-08-24T11:29:30
60003328,4.106,0,0,0,0,0,81,2026-08-24T11:30:30
60003072,4.031,0,0,0,0,0,81,2026-08-24T11:31:30
60000768,4.102,0,0,0,0,0,81,2026-08-24T11:32:30
60001024,4.038,0,0,0,0,0,81,2026-08-24T11:33:30
60001024,4.081,0,0,0,0,0,81,2026-08-24T11:34:30
60001024,4.045,0,0,0,0,0,81,2026-08-24T11:35:30
-4234965504,4.117,0,0,0,0,0,81,2026-08-24T11:36:30
60001092,4.074,0,0,0,0,0,81,2026-08-24T11:37:30
60000896,4.074,0,0,0,0,0,81,2026-08-24T11:38:30
60029008,4.056,0,0,0,0,0,81,2026-08-24T11:39:31
60000960,4.063,0,0,0,0,0,81,2026-08-24T11:40:31
60003008,4.056,0,0,0,0,0,80,2026-08-24T11:41:31
60001824,4.027,0,0,0,0,0,81,2026-08-24T11:42:31
60003488,4.081,0,0,0,0,0,81,2026-08-24T11:43:31
60001056,4.07,0,0,0,0,0,81,2026-08-24T11:44:31
60000608,4.084,0,0,0,0,0,80,2026-08-24T11:45:31
60003456,4.009,0,0,0,0,0,80,2026-08-24T11:46:31
60001280,4.052,0,0,0,0,0,81,2026-08-24T11:47:31
60000512,4.024,0,0,0,0,0,80,2026-08-24T11:48:31
60000832,4.088,0,0,0,0,0,80,2026-08-24T11:49:31
60001152,4.07,0,0,0,0,0,80,2026-08-24T11:50:31
60000768,4.081,0,0,0,0,0,80,2026-08-24T11:51:31
60001344,4.067,0,0,0,0,0,80,2026-08-24T11:52:31
60002944,4.088,0,0,0,0,0,80,2026-08-24T11:53:31
60000832,4.088,0,0,0,0,0,81,2026-08-24T11:54:31
60003328,4.02,0,0,0,0,0,81,2026-08-24T11:55:31
60002944,4.092,0,0,0,0,0,81,2026-08-24T11:56:31
60001536,4.056,0,0,0,0,0,80,2026-08-24T11:57:31
60003584,4.081,0,0,0,0,0,80,2026-08-24T11:58:31
60000512,4.077,0,0,0,0,0,80,2026-08-24T11:59:31
60003584,4.081,0,0,0,0,0,80,2026-08-24T12:00:31
60000512,4.056,0,0,0,0,0,81,2026-08-24T12:01:31
60003328,4.088,0,0,0,0,0,81,2026-08-24T12:02:31
60000640,4.074,0,0,0,0,0,81,2026-08-24T12:03:31
60000896,4.081,0,0,0,0,0,80,2026-08-24T12:04:31
60003200,4.081,0,0,0,0,0,80,2026-08-24T12:05:31
60001024,4.059,0,0,0,0,0,80,2026-08-24T12:06:31
60002432,4.077,0,0,0,0,0,81,2026-08-24T12:07:31
60001920,4.088,0,0,0,0,0,81,2026-08-24T12:08:31
60002048,4.077,0,0,0,0,0,81,2026-08-24T12:09:31
60000896,4.009,0,0,0,0,0,80,2026-08-24T12:10:31
60002816,4.077,0,0,0,0,0,81,2026-08-24T12:11:31
60001152,4.042,0,0,0,0,0,80,2026-08-24T12:12:31
60002304,4.099,0,0,0,0,0,80,2026-08-24T12:13:31
60001536,4.063,0,0,0,0,0,80,2026-08-24T12:14:31
60003072,4.059,0,0,0,0,0,81,2026-08-24T12:15:31
60001280,4.059,0,0,0,0,0,81,2026-08-24T12:16:31
60000256,4.081,0,0,0,0,0,81,2026-08-24T12:17:31
60002048,4.059,0,0,0,0,0,80,2026-08-24T12:18:31
60002560,4.045,0,0,0,0,0,81,2026-08-24T12:19:31
60001792,4.056,0,0,0,0,0,81,2026-08-24T12:20:31
60001792,4.056,0,0,0,0,0,81,2026-08-24T12:21:31
60002304,4.102,0,0,0,0,0,81,2026-08-24T12:22:31
60001792,4.077,0,0,0,0,0,80,2026-08-24T12:23:31
60001536,3.999,0,0,0,0,0,81,2026-08-24T12:24:31
60002560,4.052,0,0,0,0,0,81,2026-08-24T12:25:31
60001024,4.084,0,0,0,0,0,81,2026-08-24T12:26:31
60001792,4.106,0,0,0,0,0,81,2026-08-24T12:27:31
60001280,4.059,0,0,0,0,0,80,2026-08-24T12:28:31
60002816,4.038,0,0,0,0,0,80,2026-08-24T12:29:31
60002048,4.059,0,0,0,0,0,81,2026-08-24T12:30:31
60002560,4.074,0,0,0,0,0,80,2026-08-24T12:31:31
60002304,4.095,0,0,0,0,0,81,2026-08-24T12:32:31
60002304,4.063,0,0,0,0,0,81,2026-08-24T12:33:31
60001792,4.067,0,0,0,0,0,80,2026-08-24T12:34:31
60002048,4.063,0,0,0,0,0,81,2026-08-24T12:35:31
60001792,4.056,0,0,0,0,0,81,2026-08-24T12:36:31
60002816,4.02,0,0,0,0,0,81,2026-08-24T12:37:31
60000512,4.074,0,0,0,0,0,81,2026-08-24T12:38:31
60001536,4.095,0,0,0,0,0,81,2026-08-24T12:39:31
60002560,4.042,0,0,0,0,0,81,2026-08-24T12:40:31
60003072,4.059,0,0,0,0,0,81,2026-08-24T12:41:31
60001792,4.049,0,0,0,0,0,82,2026-08-24T12:42:31
60001024,4.042,0,0,0,0,0,81,2026-08-24T12:43:31
60002560,4.067,0,0,0,0,0,81,2026-08-24T12:44:31
60001536,4.095,0,0,0,0,0,81,2026-08-24T12:45:31
60001792,4.042,0,0,0,0,0,81,2026-08-24T12:46:31
60002304,4.031,0,0,0,0,0,81,2026-08-24T12:47:31
-4234965760,4.016,0,0,0,0,0,81,2026-08-24T12:48:31
60002708,4.088,0,0,0,0,0,81,2026-08-24T12:49:31
60000272,4.074,0,0,0,0,0,81,2026-08-24T12:50:31
60001440,4.059,0,0,0,0,0,81,2026-08-24T12:51:31
60000608,4.081,0,0,0,0,0,81,2026-08-24T12:52:31
60001344,4.027,0,0,0,0,0,81,2026-08-24T12:53:31
60000800,4.042,0,0,0,0,0,81,2026-08-24T12:54:31
60000864,4.092,0,0,0,0,0,81,2026-08-24T12:55:31
60001088,4.084,0,0,0,0,0,81,2026-08-24T12:56:31
60002624,4.084,0,0,0,0,0,81,2026-08-24T12:57:31
60000832,4.027,0,0,0,0,0,81,2026-08-24T12:58:31
60001408,4.07,0,0,0,0,0,81,2026-08-24T12:59:31
60000960,4.056,0,0,0,0,0,81,2026-08-24T13:00:31
60000896,4.07,0,0,0,0,0,81,2026-08-24T13:01:31
60000960,4.059,0,0,0,0,0,81,2026-08-24T13:02:31
60001024,4.049,0,0,0,0,0,81,2026-08-24T13:03:31
60001728,4.074,0,0,0,0,0,81,2026-08-24T13:04:31
60000448,4.052,0,0,0,0,0,81,2026-08-24T13:05:31
60001408,4.056,0,0,0,0,0,81,2026-08-24T13:06:31
60003072,4.074,0,0,0,0,0,81,2026-08-24T13:07:31
60000512,4.077,0,0,0,0,0,81,2026-08-24T13:08:31
60002944,4.045,0,0,0,0,0,81,2026-08-24T13:09:31
60000896,4.016,0,0,0,0,0,80,2026-08-24T13:10:31
60003072,4.063,0,0,0,0,0,81,2026-08-24T13:11:31
60003328,4.016,0,0,0,0,0,81,2026-08-24T13:12:31
60003200,4.049,0,0,0,0,0,81,2026-08-24T13:13:31
60000512,4.056,0,0,0,0,0,81,2026-08-24T13:14:31
60001280,4.095,0,0,0,0,0,81,2026-08-24T13:15:31
60018048,4.034,0,0,0,0,0,81,2026-08-24T13:16:31
60000512,4.067,0,0,0,0,0,81,2026-08-24T13:17:31
60002944,4.002,0,0,0,0,0,81,2026-08-24T13:18:31
60000512,4.042,0,0,0,0,0,81,2026-08-24T13:19:31
60000768,4.031,0,0,0,0,0,81,2026-08-24T13:20:31
60002688,4.006,0,0,0,0,0,81,2026-08-24T13:21:31
60001024,4.077,0,0,0,0,0,81,2026-08-24T13:22:31
60000640,4.07,0,0,0,0,0,81,2026-08-24T13:23:31
60000512,4.016,0,0,0,0,0,81,2026-08-24T13:24:31
60003584,4.045,0,0,0,0,0,81,2026-08-24T13:25:31
60001536,4.045,0,0,0,0,0,81,2026-08-24T13:26:31
60003328,4.059,0,0,0,0,0,81,2026-08-24T13:27:31
60003072,4.045,0,0,0,0,0,81,2026-08-24T13:28:31
60003072,4.088,0,0,0,0,0,81,2026-08-24T13:29:31
60002304,4.027,0,0,0,0,0,81,2026-08-24T13:30:31
60001536,4.07,0,0,0,0,0,81,2026-08-24T13:31:31
60000512,4.074,0,0,0,0,0,81,2026-08-24T13:32:31
60003328,4.009,0,0,0,0,0,81,2026-08-24T13:33:31
60000768,4.067,0,0,0,0,0,81,2026-08-24T13:34:31
60001024,4.045,0,0,0,0,0,81,2026-08-24T13:35:31
60003328,4.084,0,0,0,0,0,81,2026-08-24T13:36:31
60001536,4.067,0,0,0,0,0,81,2026-08-24T13:37:31
60001536,4.059,0,0,0,0,0,81,2026-08-24T13:38:31
60002816,4.056,0,0,0,0,0,81,2026-08-24T13:39:31
60003328,4.045,0,0,0,0,0,81,2026-08-24T13:40:31
60000768,4.07,0,0,0,0,0,80,2026-08-24T13:41:32
60001536,4.056,0,0,0,0,0,81,2026-08-24T13:42:32
60001792,4.02,0,0,0,0,0,81,2026-08-24T13:43:32
60001280,4.067,0,0,0,0,0,81,2026-08-24T13:44:32
60002048,4.045,0,0,0,0,0,81,2026-08-24T13:45:32
60003072,4.052,0,0,0,0,0,81,2026-08-24T13:46:32
60001024,4.034,0,0,0,0,0,81,2026-08-24T13:47:32
60001024,4.045,0,0,0,0,0,81,2026-08-24T13:48:32
60001024,4.088,0,0,0,0,0,81,2026-08-24T13:49:32
60001024,4.02,0,0,0,0,0,81,2026-08-24T13:50:32
60000768,4.02,0,0,0,0,0,81,2026-08-24T13:51:32
60001024,4.063,0,0,0,0,0,81,2026-08-24T13:52:32
60002560,4.045,0,0,0,0,0,81,2026-08-24T13:53:32
60002304,4.038,0,0,0,0,0,81,2026-08-24T13:54:32
60000000,4.052,0,0,0,0,0,81,2026-08-24T13:55:32
60003584,4.077,0,0,0,0,0,81,2026-08-24T13:56:32
60001280,3.999,0,0,0,0,0,81,2026-08-24T13:57:32
60001536,4.081,0,0,0,0,0,81,2026-08-24T13:58:32
-4234966272,4.059,0,0,0,0,0,81,2026-08-24T13:59:32
60002096,4.059,0,0,0,0,0,81,2026-08-24T14:00:32
60000680,4.049,0,0,0,0,0,81,2026-08-24T14:01:32
60001600,4.052,0,0,0,0,0,81,2026-08-24T14:02:32
60000560,4.063,0,0,0,0,0,81,2026-08-24T14:03:32
60001280,4.077,0,0,0,0,0,81,2026-08-24T14:04:32
60006688,4.024,0,0,0,0,0,81,2026-08-24T14:05:32
60036288,4.034,0,0,0,0,0,81,2026-08-24T14:06:32
60034624,4.059,0,0,0,0,0,81,2026-08-24T14:07:32
60002368,4.045,0,0,0,0,0,81,2026-08-24T14:08:32
60002816,4.084,0,0,0,0,0,81,2026-08-24T14:09:32
60000960,4.045,0,0,0,0,0,81,2026-08-24T14:10:32
60003008,4.059,0,0,0,0,0,81,2026-08-24T14:11:32
60001024,4.056,0,0,0,0,0,81,2026-08-24T14:12:32
60001408,4.045,0,0,0,0,0,81,2026-08-24T14:13:32
60003072,4.038,0,0,0,0,0,81,2026-08-24T14:14:32
60001536,4.006,0,0,0,0,0,81,2026-08-24T14:15:32
60003456,4.056,0,0,0,0,0,81,2026-08-24T14:16:32
60001344,4.067,0,0,0,0,0,81,2026-08-24T14:17:32
60001920,4.067,0,0,0,0,0,81,2026-08-24T14:18:32
60000512,4.063,0,0,0,0,0,81,2026-08-24T14:19:32
60001536,4.063,0,0,0,0,0,81,2026-08-24T14:20:32
60002816,4.038,0,0,0,0,0,81,2026-08-24T14:21:32
60001664,4.045,0,0,0,0,0,81,2026-08-24T14:22:32
60002432,4.052,0,0,0,0,0,81,2026-08-24T14:23:32
60001280,4.052,0,0,0,0,0,81,2026-08-24T14:24:32
60002176,4.031,0,0,0,0,0,81,2026-08-24T14:25:32
60003328,4.006,0,0,0,0,0,81,2026-08-24T14:26:32
60000896,4.031,0,0,0,0,0,81,2026-08-24T14:27:32
60001152,4.074,0,0,0,0,0,81,2026-08-24T14:28:32
60000896,4.077,0,0,0,0,0,81,2026-08-24T14:29:32
60001280,4.052,0,0,0,0,0,81,2026-08-24T14:30:32
60001408,4.052,0,0,0,0,0,81,2026-08-24T14:31:32
60001024,4.042,0,0,0,0,0,81,2026-08-24T14:32:32
60003200,4.042,0,0,0,0,0,81,2026-08-24T14:33:32
60003200,4.056,0,0,0,0,0,81,2026-08-24T14:34:32
60000768,4.063,0,0,0,0,0,81,2026-08-24T14:35:32
60001024,4.038,0,0,0,0,0,81,2026-08-24T14:36:32
60001280,4.042,0,0,0,0,0,81,2026-08-24T14:37:32
60002048,4.063,0,0,0,0,0,81,2026-08-24T14:38:32
60000512,4.042,0,0,0,0,0,81,2026-08-24T14:39:32
60001024,4.042,0,0,0,0,0,81,2026-08-24T14:40:32
60003072,4.074,0,0,0,0,0,81,2026-08-24T14:41:32
60001536,4.013,0,0,0,0,0,81,2026-08-24T14:42:32
60003584,4.077,0,0,0,0,0,81,2026-08-24T14:43:32
60001024,4.045,0,0,0,0,0,81,2026-08-24T14:44:32
60001024,4.067,0,0,0,0,0,81,2026-08-24T14:45:32
60001024,4.034,0,0,0,0,0,81,2026-08-24T14:46:32
60001024,4.038,0,0,0,0,0,81,2026-08-24T14:47:32
60000768,4.038,0,0,0,0,0,81,2026-08-24T14:48:32
60001024,4.031,0,0,0,0,0,81,2026-08-24T14:49:32
60000768,4.038,0,0,0,0,0,81,2026-08-24T14:50:32
60003072,4.063,0,0,0,0,0,81,2026-08-24T14:51:32
60001280,4.042,0,0,0,0,0,81,2026-08-24T14:52:32
60002816,4.059,0,0,0,0,0,81,2026-08-24T14:53:32
60005888,4.024,0,0,0,0,0,81,2026-08-24T14:54:32
60001280,4.081,0,0,0,0,0,81,2026-08-24T14:55:32
60002304,4.009,0,0,0,0,0,81,2026-08-24T14:56:32
60000768,4.059,0,0,0,0,0,81,2026-08-24T14:57:32
60002560,4.002,0,0,0,0,0,82,2026-08-24T14:58:32
60003328,4.056,0,0,0,0,0,81,2026-08-24T14:59:32
60000512,4.081,0,0,0,0,0,81,2026-08-24T15:00:32
60001280,4.031,0,0,0,0,0,81,2026-08-24T15:01:32
60003072,4.063,0,0,0,0,0,81,2026-08-24T15:02:32
60001280,4.067,0,0,0,0,0,81,2026-08-24T15:03:32
60000768,4.006,0,0,0,0,0,81,2026-08-24T15:04:32
60003072,4.063,0,0,0,0,0,81,2026-08-24T15:05:32
60003072,4.024,0,0,0,0,0,81,2026-08-24T15:06:32
60001024,4.052,0,0,0,0,0,81,2026-08-24T15:07:32
60000512,4.002,0,0,0,0,0,81,2026-08-24T15:08:32
60001024,4.016,0,0,0,0,0,81,2026-08-24T15:09:32
60001280,4.009,0,0,0,0,0,81,2026-08-24T15:10:32
-4234966784,4.013,0,0,0,0,0,81,2026-08-24T15:11:32
60003688,4.002,0,0,0,0,0,81,2026-08-24T15:12:32
60000976,4.07,0,0,0,0,0,81,2026-08-24T15:13:32
60000784,4.02,0,0,0,0,0,81,2026-08-24T15:14:32
60002160,4.081,0,0,0,0,0,81,2026-08-24T15:15:32
60000864,4.052,0,0,0,0,0,81,2026-08-24T15:16:32
60002048,4.013,0,0,0,0,0,81,2026-08-24T15:17:32
60002912,4.07,0,0,0,0,0,81,2026-08-24T15:18:32
60001504,4.049,0,0,0,0,0,81,2026-08-24T15:19:32
60001664,4.067,0,0,0,0,0,81,2026-08-24T15:20:32
60001344,4.077,0,0,0,0,0,81,2026-08-24T15:21:32
60001728,4.042,0,0,0,0,0,81,2026-08-24T15:22:32
60000960,4.052,0,0,0,0,0,81,2026-08-24T15:23:32
60002560,4.056,0,0,0,0,0,81,2026-08-24T15:24:32
60001280,4.052,0,0,0,0,0,81,2026-08-24T15:25:32
60001088,4.042,0,0,0,0,0,81,2026-08-24T15:26:32
60001472,4.056,0,0,0,0,0,81,2026-08-24T15:27:32
60001216,4.049,0,0,0,0,0,81,2026-08-24T15:28:32
60001024,4.038,0,0,0,0,0,81,2026-08-24T15:29:32
60001024,4.049,0,0,0,0,0,81,2026-08-24T15:30:32
60003072,4.042,0,0,0,0,0,81,2026-08-24T15:31:32
60003200,4.038,0,0,0,0,0,81,2026-08-24T15:32:32
60000640,4.059,0,0,0,0,0,81,2026-08-24T15:33:32
60001408,4.059,0,0,0,0,0,81,2026-08-24T15:34:32
60002304,4.027,0,0,0,0,0,81,2026-08-24T15:35:32
60001280,3.995,0,0,0,0,0,81,2026-08-24T15:36:32
60001536,4.042,0,0,0,0,0,81,2026-08-24T15:37:32
60000768,4.07,0,0,0,0,0,81,2026-08-24T15:38:33
60001536,4.031,0,0,0,0,0,81,2026-08-24T15:39:33
60001536,4.052,0,0,0,0,0,81,2026-08-24T15:40:33
60001664,4.038,0,0,0,0,0,81,2026-08-24T15:41:33
60029440,4.063,0,0,0,0,0,81,2026-08-24T15:42:33
60001024,4.077,0,0,0,0,0,81,2026-08-24T15:43:33
60001536,4.038,0,0,0,0,0,81,2026-08-24T15:44:33
60000768,4.027,0,0,0,0,0,81,2026-08-24T15:45:33
60001152,4.07,0,0,0,0,0,81,2026-08-24T15:46:33
60002560,4.052,0,0,0,0,0,81,2026-08-24T15:47:33
60001024,4.049,0,0,0,0,0,81,2026-08-24T15:48:33
60001536,4.002,0,0,0,0,0,81,2026-08-24T15:49:33
60001280,4.045,0,0,0,0,0,81,2026-08-24T15:50:33
60001792,4.034,0,0,0,0,0,81,2026-08-24T15:51:33
60001792,4.024,0,0,0,0,0,81,2026-08-24T15:52:33
60003584,4.074,0,0,0,0,0,81,2026-08-24T15:53:33
60001792,3.999,0,0,0,0,0,81,2026-08-24T15:54:33
60001792,4.045,0,0,0,0,0,81,2026-08-24T15:55:33
60002048,4.052,0,0,0,0,0,81,2026-08-24T15:56:33
60002816,4.016,0,0,0,0,0,81,2026-08-24T15:57:33
60001280,4.038,0,0,0,0,0,81,2026-08-24T15:58:33
60002048,4.045,0,0,0,0,0,81,2026-08-24T15:59:33
60000512,3.995,0,0,0,0,0,81,2026-08-24T16:00:33
60001536,4.074,0,0,0,0,0,81,2026-08-24T16:01:33
60000512,4.049,0,0,0,0,0,81,2026-08-24T16:02:33
60001280,4.038,0,0,0,0,0,81,2026-08-24T16:03:33
60001792,4.067,0,0,0,0,0,81,2026-08-24T16:04:33
60003328,4.049,0,0,0,0,0,81,2026-08-24T16:05:33
60001536,4.063,0,0,0,0,0,81,2026-08-24T16:06:33
60001280,3.988,0,0,0,0,0,81,2026-08-24T16:07:33
60000768,4.038,0,0,0,0,0,81,2026-08-24T16:08:33
60001536,4.016,0,0,0,0,0,81,2026-08-24T16:09:33
60002048,4.052,0,0,0,0,0,81,2026-08-24T16:10:33
60001280,3.984,0,0,0,0,0,81,2026-08-24T16:11:33
60001280,3.999,0,0,0,0,0,81,2026-08-24T16:12:33
60001536,4.031,0,0,0,0,0,81,2026-08-24T16:13:33
60001792,4.045,0,0,0,0,0,81,2026-08-24T16:14:33
60000768,4.049,0,0,0,0,0,81,2026-08-24T16:15:33
60001024,4.031,0,0,0,0,0,81,2026-08-24T16:16:33
60001792,3.991,0,0,0,0,0,81,2026-08-24T16:17:33
60001792,4.002,0,0,0,0,0,81,2026-08-24T16:18:33
60002304,4.013,0,0,0,0,0,81,2026-08-24T16:19:33
60001024,4.045,0,0,0,0,0,81,2026-08-24T16:20:33
60002048,4.034,0,0,0,0,0,81,2026-08-24T16:21:33
-4234964992,4.045,0,0,0,0,0,81,2026-08-24T16:22:33
60001632,4.013,0,0,0,0,0,81,2026-08-24T16:23:33
60001136,4.034,0,0,0,0,0,81,2026-08-24T16:24:33
60001480,4.07,0,0,0,0,0,81,2026-08-24T16:25:33
60000544,4.042,0,0,0,0,0,81,2026-08-24T16:26:33
60001568,4.002,0,0,0,0,0,81,2026-08-24T16:27:33
60001472,4.002,0,0,0,0,0,81,2026-08-24T16:28:33
60012928,4.042,0,0,0,0,0,81,2026-08-24T16:29:33
60001856,4.049,0,0,0,0,0,81,2026-08-24T16:30:33
60001824,4.002,0,0,0,0,0,81,2026-08-24T16:31:33
60003456,4.049,0,0,0,0,0,81,2026-08-24T16:32:33
60003200,4.067,0,0,0,0,0,81,2026-08-24T16:33:33
60001728,4.045,0,0,0,0,0,81,2026-08-24T16:34:33
60002944,3.984,0,0,0,0,0,81,2026-08-24T16:35:33
60001408,4.027,0,0,0,0,0,81,2026-08-24T16:36:33
60001536,4.006,0,0,0,0,0,81,2026-08-24T16:37:33
60001920,4.038,0,0,0,0,0,81,2026-08-24T16:38:33
60001984,4.059,0,0,0,0,0,81,2026-08-24T16:39:33
60001216,4.034,0,0,0,0,0,81,2026-08-24T16:40:33
60002176,4.052,0,0,0,0,0,81,2026-08-24T16:41:33
60000896,4.013,0,0,0,0,0,81,2026-08-24T16:42:33
60002048,4.042,0,0,0,0,0,81,2026-08-24T16:43:33
60001664,4.063,0,0,0,0,0,81,2026-08-24T16:44:33
60001280,4.024,0,0,0,0,0,81,2026-08-24T16:45:33
60001152,4.059,0,0,0,0,0,81,2026-08-24T16:46:33
60000896,4.024,0,0,0,0,0,81,2026-08-24T16:47:33
60001920,4.059,0,0,0,0,0,81,2026-08-24T16:48:33
60001408,4.049,0,0,0,0,0,81,2026-08-24T16:49:33
60001920,4.013,0,0,0,0,0,81,2026-08-24T16:50:33
60001280,4.07,0,0,0,0,0,81,2026-08-24T16:51:33
60001408,4.045,0,0,0,0,0,81,2026-08-24T16:52:33
60001664,4.052,0,0,0,0,0,81,2026-08-24T16:53:33
60000896,4.042,0,0,0,0,0,81,2026-08-24T16:54:33
60001536,4.045,0,0,0,0,0,81,2026-08-24T16:55:33
60002176,4.042,0,0,0,0,0,81,2026-08-24T16:56:33
60000640,3.981,0,0,0,0,0,81,2026-08-24T16:57:33
60001536,4.042,0,0,0,0,0,81,2026-08-24T16:58:33
60000768,4.063,0,0,0,0,0,81,2026-08-24T16:59:33
60001792,4.042,0,0,0,0,0,81,2026-08-24T17:00:33
60001792,3.991,0,0,0,0,0,81,2026-08-24T17:01:33
60001024,4.042,0,0,0,0,0,81,2026-08-24T17:02:33
60001536,4.034,0,0,0,0,0,81,2026-08-24T17:03:33
60002048,3.991,0,0,0,0,0,81,2026-08-24T17:04:33
60002048,4.067,0,0,0,0,0,82,2026-08-24T17:05:33
60001280,4.02,0,0,0,0,0,81,2026-08-24T17:06:33
60003328,4.024,0,0,0,0,0,81,2026-08-24T17:07:33
60001280,3.981,0,0,0,0,0,81,2026-08-24T17:08:33
60001024,4.042,0,0,0,0,0,81,2026-08-24T17:09:33
60001792,4.009,0,0,0,0,0,81,2026-08-24T17:10:33
60002816,4.042,0,0,0,0,0,81,2026-08-24T17:11:33
60001280,4.042,0,0,0,0,0,81,2026-08-24T17:12:33
60001792,4.024,0,0,0,0,0,82,2026-08-24T17:13:33
60001536,4.027,0,0,0,0,0,81,2026-08-24T17:14:33
60001792,4.024,0,0,0,0,0,81,2026-08-24T17:15:33
60000768,4.016,0,0,0,0,0,81,2026-08-24T17:16:33
60001536,4.016,0,0,0,0,0,81,2026-08-24T17:17:33
60018432,4.045,0,0,0,0,0,81,2026-08-24T17:18:33
60002304,4.045,0,0,0,0,0,81,2026-08-24T17:19:33
60001792,4.034,0,0,0,0,0,81,2026-08-24T17:20:33
60001536,4.038,0,0,0,0,0,81,2026-08-24T17:21:33
60001280,4.045,0,0,0,0,0,81,2026-08-24T17:22:33
60001024,4.038,0,0,0,0,0,81,2026-08-24T17:23:33
60000768,4.031,0,0,0,0,0,81,2026-08-24T17:24:33
60003328,4.045,0,0,0,0,0,81,2026-08-24T17:25:33
60000512,3.97,0,0,0,0,0,81,2026-08-24T17:26:33
60003328,4.049,0,0,0,0,0,81,2026-08-24T17:27:33
60001280,4.027,0,0,0,0,0,81,2026-08-24T17:28:33
60001024,4.02,0,0,0,0,0,81,2026-08-24T17:29:33
60001024,4.02,0,0,0,0,0,81,2026-08-24T17:30:33
60001280,4.031,0,0,0,0,0,81,2026-08-24T17:31:33
60001280,4.006,0,0,0,0,0,82,2026-08-24T17:32:33
60001280,4.045,0,0,0,0,0,81,2026-08-24T17:33:33
-4234966784,4.056,0,0,0,0,0,82,2026-08-24T17:34:33
60001960,3.984,0,0,0,0,0,81,2026-08-24T17:35:33
60000808,4.016,0,0,0,0,0,81,2026-08-24T17:36:33
60003440,4.038,0,0,0,0,0,81,2026-08-24T17:37:34
60000896,4.045,0,0,0,0,0,81,2026-08-24T17:38:34
60002048,3.988,0,0,0,0,0,81,2026-08-24T17:39:34
60001696,3.984,0,0,0,0,0,81,2026-08-24T17:40:34
60003488,4.042,0,0,0,0,0,81,2026-08-24T17:41:34
60002048,4.063,0,0,0,0,0,80,2026-08-24T17:42:34
60000416,4.013,0,0,0,0,0,80,2026-08-24T17:43:34
60001088,3.988,0,0,0,0,0,81,2026-08-24T17:44:34
60000896,4.059,0,0,0,0,0,81,2026-08-24T17:45:34
60003648,4.031,0,0,0,0,0,81,2026-08-24T17:46:34
60001088,4.013,0,0,0,0,0,81,2026-08-24T17:47:34
60000384,4.016,0,0,0,0,0,80,2026-08-24T17:48:34
60001536,4.009,0,0,0,0,0,81,2026-08-24T17:49:34
60001088,3.995,0,0,0,0,0,81,2026-08-24T17:50:34
60000576,4.027,0,0,0,0,0,81,2026-08-24T17:51:34
60003328,4.038,0,0,0,0,0,80,2026-08-24T17:52:34
60001280,4.016,0,0,0,0,0,81,2026-08-24T17:53:34
60002048,4.038,0,0,0,0,0,81,2026-08-24T17:54:34
60003840,4.052,0,0,0,0,0,81,2026-08-24T17:55:34
60000640,3.991,0,0,0,0,0,81,2026-08-24T17:56:34
60001664,3.995,0,0,0,0,0,81,2026-08-24T17:57:34
60000896,4.042,0,0,0,0,0,81,2026-08-24T17:58:34
60001408,4.038,0,0,0,0,0,81,2026-08-24T17:59:34
60000896,4.049,0,0,0,0,0,81,2026-08-24T18:00:34
60001024,3.977,0,0,0,0,0,81,2026-08-24T18:01:34
60001408,4.024,0,0,0,0,0,81,2026-08-24T18:02:34
60000256,3.966,0,0,0,0,0,81,2026-08-24T18:03:34
60002688,4.038,0,0,0,0,0,81,2026-08-24T18:04:34
60002560,4.038,0,0,0,0,0,81,2026-08-24T18:05:34
60000768,3.999,0,0,0,0,0,81,2026-08-24T18:06:34
60003456,4.034,0,0,0,0,0,81,2026-08-24T18:07:34
60000512,4.013,0,0,0,0,0,81,2026-08-24T18:08:34
60003200,4.024,0,0,0,0,0,80,2026-08-24T18:09:34
60003200,3.977,0,0,0,0,0,81,2026-08-24T18:10:34
60001024,4.016,0,0,0,0,0,81,2026-08-24T18:11:34
60001536,4.02,0,0,0,0,0,81,2026-08-24T18:12:34
60001024,4.013,0,0,0,0,0,81,2026-08-24T18:13:34
60001024,4.034,0,0,0,0,0,81,2026-08-24T18:14:34
60002304,4.024,0,0,0,0,0,81,2026-08-24T18:15:34
60000768,4.009,0,0,0,0,0,81,2026-08-24T18:16:34
60001024,3.981,0,0,0,0,0,81,2026-08-24T18:17:34
60001536,4.02,0,0,0,0,0,80,2026-08-24T18:18:34
60001536,4.027,0,0,0,0,0,80,2026-08-24T18:19:34
60000768,4.031,0,0,0,0,0,80,2026-08-24T18:20:34
60002304,3.981,0,0,0,0,0,80,2026-08-24T18:21:34
60000768,4.034,0,0,0,0,0,80,2026-08-24T18:22:34
60001536,3.984,0,0,0,0,0,80,2026-08-24T18:23:34
60002048,3.97,0,0,0,0,0,80,2026-08-24T18:24:34
60000768,4.02,0,0,0,0,0,80,2026-08-24T18:25:34
60000768,4.024,0,0,0,0,0,80,2026-08-24T18:26:34
60003584,4.049,0,0,0,0,0,81,2026-08-24T18:27:34
60001536,4.038,0,0,0,0,0,80,2026-08-24T18:28:34
60003328,4.038,0,0,0,0,0,80,2026-08-24T18:29:34
60001536,4.006,0,0,0,0,0,80,2026-08-24T18:30:34
60001024,3.981,0,0,0,0,0,81,2026-08-24T18:31:34
60003328,3.984,0,0,0,0,0,80,2026-08-24T18:32:34
60001280,3.977,0,0,0,0,0,80,2026-08-24T18:33:34
60000512,3.984,0,0,0,0,0,80,2026-08-24T18:34:34
60001792,3.97,0,0,0,0,0,80,2026-08-24T18:35:34
60001792,3.981,0,0,0,0,0,80,2026-08-24T18:36:34
60002560,4.02,0,0,0,0,0,81,2026-08-24T18:37:34
60001536,3.97,0,0,0,0,0,80,2026-08-24T18:38:34
60001024,4.049,0,0,0,0,0,80,2026-08-24T18:39:34
60001536,4.031,0,0,0,0,0,80,2026-08-24T18:40:34
60003072,4.024,0,0,0,0,0,80,2026-08-24T18:41:34
60001280,4.034,0,0,0,0,0,80,2026-08-24T18:42:34
60002304,4.049,0,0,0,0,0,80,2026-08-24T18:43:34
60003328,4.034,0,0,0,0,0,80,2026-08-24T18:44:34
-4234964992,4.006,0,0,0,0,0,80,2026-08-24T18:45:34
60000588,4.013,0,0,0,0,0,80,2026-08-24T18:46:34
60001040,4.016,0,0,0,0,0,80,2026-08-24T18:47:34
60000984,4.006,0,0,0,0,0,81,2026-08-24T18:48:34
60001184,4.024,0,0,0,0,0,80,2026-08-24T18:49:34
60001760,3.988,0,0,0,0,0,81,2026-08-24T18:50:34
60000864,4.009,0,0,0,0,0,80,2026-08-24T18:51:34
60001824,4.006,0,0,0,0,0,80,2026-08-24T18:52:34
60003744,4.045,0,0,0,0,0,80,2026-08-24T18:53:34
60001312,3.999,0,0,0,0,0,80,2026-08-24T18:54:34
60001792,3.974,0,0,0,0,0,80,2026-08-24T18:55:34
60000832,4.034,0,0,0,0,0,80,2026-08-24T18:56:34
60001216,3.977,0,0,0,0,0,80,2026-08-24T18:57:34
60002176,4.02,0,0,0,0,0,80,2026-08-24T18:58:34
60003648,4.009,0,0,0,0,0,80,2026-08-24T18:59:34
60001408,4.031,0,0,0,0,0,80,2026-08-24T19:00:34
60002496,4.034,0,0,0,0,0,80,2026-08-24T19:01:34
60001344,4.002,0,0,0,0,0,80,2026-08-24T19:02:34
60000832,4.027,0,0,0,0,0,81,2026-08-24T19:03:34
60000896,4.027,0,0,0,0,0,80,2026-08-24T19:04:34
60001408,4.016,0,0,0,0,0,80,2026-08-24T19:05:34
60001408,4.006,0,0,0,0,0,80,2026-08-24T19:06:34
60001024,4.031,0,0,0,0,0,80,2026-08-24T19:07:34
60000640,4.009,0,0,0,0,0,79,2026-08-24T19:08:34
60001024,4.031,0,0,0,0,0,80,2026-08-24T19:09:34
60001920,4.024,0,0,0,0,0,79,2026-08-24T19:10:34
60003200,3.999,0,0,0,0,0,79,2026-08-24T19:11:34
60001408,3.995,0,0,0,0,0,80,2026-08-24T19:12:34
60002560,4.016,0,0,0,0,0,80,2026-08-24T19:13:34
60001024,3.999,0,0,0,0,0,80,2026-08-24T19:14:34
60000768,4.031,0,0,0,0,0,80,2026-08-24T19:15:34
60001280,4.031,0,0,0,0,0,79,2026-08-24T19:16:34
60001408,4.006,0,0,0,0,0,80,2026-08-24T19:17:34
60000640,4.013,0,0,0,0,0,79,2026-08-24T19:18:34
60002048,4.009,0,0,0,0,0,80,2026-08-24T19:19:34
60002688,4.016,0,0,0,0,0,80,2026-08-24T19:20:34
60001536,4.024,0,0,0,0,0,80,2026-08-24T19:21:34
60001536,4.02,0,0,0,0,0,80,2026-08-24T19:22:34
60001536,4.016,0,0,0,0,0,80,2026-08-24T19:23:34
60001024,3.974,0,0,0,0,0,80,2026-08-24T19:24:34
60000768,3.995,0,0,0,0,0,80,2026-08-24T19:25:34
60001280,4.006,0,0,0,0,0,79,2026-08-24T19:26:34
60001536,4.02,0,0,0,0,0,80,2026-08-24T19:27:34
60003584,4.042,0,0,0,0,0,80,2026-08-24T19:28:34
60001536,4.02,0,0,0,0,0,80,2026-08-24T19:29:34
60000768,4.034,0,0,0,0,0,79,2026-08-24T19:30:34
60001792,3.97,0,0,0,0,0,79,2026-08-24T19:31:34
60001280,4.02,0,0,0,0,0,79,2026-08-24T19:32:34
60003328,4.027,0,0,0,0,0,79,2026-08-24T19:33:34
60001024,3.999,0,0,0,0,0,80,2026-08-24T19:34:34
60003072,3.981,0,0,0,0,0,80,2026-08-24T19:35:34
60003072,4.024,0,0,0,0,0,79,2026-08-24T19:36:34
60000512,4.016,0,0,0,0,0,79,2026-08-24T19:37:34
60000768,3.999,0,0,0,0,0,79,2026-08-24T19:38:34
60003328,4.006,0,0,0,0,0,79,2026-08-24T19:39:34
60002560,4.038,0,0,0,0,0,80,2026-08-24T19:40:34
60001024,4.027,0,0,0,0,0,80,2026-08-24T19:41:34
60012544,4.016,0,0,0,0,0,79,2026-08-24T19:42:34
60001792,4.045,0,0,0,0,0,79,2026-08-24T19:43:35
60001792,3.991,0,0,0,0,0,79,2026-08-24T19:44:35
60000768,4.009,0,0,0,0,0,79,2026-08-24T19:45:35
60001024,4.027,0,0,0,0,0,79,2026-08-24T19:46:35
60000768,3.984,0,0,0,0,0,79,2026-08-24T19:47:35
60001024,4.024,0,0,0,0,0,79,2026-08-24T19:48:35
60000768,4.016,0,0,0,0,0,79,2026-08-24T19:49:35
60000768,4.016,0,0,0,0,0,79,2026-08-24T19:50:35
60001280,3.981,0,0,0,0,0,79,2026-08-24T19:51:35
60001024,3.999,0,0,0,0,0,79,2026-08-24T19:52:35
60000768,4.02,0,0,0,0,0,79,2026-08-24T19:53:35
60003328,3.991,0,0,0,0,0,79,2026-08-24T19:54:35
60002560,3.984,0,0,0,0,0,79,2026-08-24T19:55:35
60003328,4.016,0,0,0,0,0,79,2026-08-24T19:56:35
-4234964224,4.045,0,0,0,0,0,79,2026-08-24T19:57:35
60000980,3.999,0,0,0,0,0,79,2026-08-24T19:58:35
60002128,4.006,0,0,0,0,0,80,2026-08-24T19:59:35
60002880,4.024,0,0,0,0,0,80,2026-08-24T20:00:35
60000848,4.002,0,0,0,0,0,79,2026-08-24T20:01:35
60003200,3.981,0,0,0,0,0,79,2026-08-24T20:02:35
60001280,4.038,0,0,0,0,0,79,2026-08-24T20:03:35
60001696,4.027,0,0,0,0,0,79,2026-08-24T20:04:35
60002848,4.002,0,0,0,0,0,79,2026-08-24T20:05:35
60000832,4.009,0,0,0,0,0,79,2026-08-24T20:06:35
60000960,4.002,0,0,0,0,0,80,2026-08-24T20:07:35
60001152,4.009,0,0,0,0,0,79,2026-08-24T20:08:35
60001088,4.027,0,0,0,0,0,80,2026-08-24T20:09:35
60003072,3.999,0,0,0,0,0,79,2026-08-24T20:10:35
60001408,4.024,0,0,0,0,0,80,2026-08-24T20:11:35
60002240,3.995,0,0,0,0,0,80,2026-08-24T20:12:35
60002176,4.02,0,0,0,0,0,79,2026-08-24T20:13:35
60002112,4.031,0,0,0,0,0,79,2026-08-24T20:14:35
60003072,3.97,0,0,0,0,0,80,2026-08-24T20:15:35
60003200,4.016,0,0,0,0,0,80,2026-08-24T20:16:35
60002432,3.974,0,0,0,0,0,79,2026-08-24T20:17:35
60003328,4.009,0,0,0,0,0,79,2026-08-24T20:18:35
60000768,3.977,0,0,0,0,0,79,2026-08-24T20:19:35
60003200,4.02,0,0,0,0,0,80,2026-08-24T20:20:35
60001280,4.002,0,0,0,0,0,79,2026-08-24T20:21:35
60001664,3.991,0,0,0,0,0,80,2026-08-24T20:22:35
60001280,3.974,0,0,0,0,0,80,2026-08-24T20:23:35
60001280,4.016,0,0,0,0,0,80,2026-08-24T20:24:35
60000896,3.995,0,0,0,0,0,79,2026-08-24T20:25:35
60001024,3.966,0,0,0,0,0,79,2026-08-24T20:26:35
60000384,3.999,0,0,0,0,0,79,2026-08-24T20:27:35
60001664,4.02,0,0,0,0,0,79,2026-08-24T20:28:35
60001408,4.013,0,0,0,0,0,79,2026-08-24T20:29:35
60027136,3.988,0,0,0,0,0,79,2026-08-24T20:30:35
60002048,3.974,0,0,0,0,0,79,2026-08-24T20:31:35
60000768,4.031,0,0,0,0,0,80,2026-08-24T20:32:35
60000896,4.006,0,0,0,0,0,79,2026-08-24T20:33:35
60003328,4.013,0,0,0,0,0,79,2026-08-24T20:34:35
60000512,3.984,0,0,0,0,0,79,2026-08-24T20:35:35
60001024,3.977,0,0,0,0,0,79,2026-08-24T20:36:35
60001024,4.006,0,0,0,0,0,79,2026-08-24T20:37:35
60002816,4.002,0,0,0,0,0,79,2026-08-24T20:38:35
60002816,3.963,0,0,0,0,0,79,2026-08-24T20:39:35
60000768,4.024,0,0,0,0,0,79,2026-08-24T20:40:35
60003072,4.016,0,0,0,0,0,79,2026-08-24T20:41:35
60002816,4.024,0,0,0,0,0,80,2026-08-24T20:42:35
60002816,4.024,0,0,0,0,0,79,2026-08-24T20:43:35
60002048,4.009,0,0,0,0,0,79,2026-08-24T20:44:35
60001536,4.038,0,0,0,0,0,79,2026-08-24T20:45:35
60003072,4.016,0,0,0,0,0,79,2026-08-24T20:46:35
60002816,4.016,0,0,0,0,0,80,2026-08-24T20:47:35
60001792,3.974,0,0,0,0,0,79,2026-08-24T20:48:35
60000768,4.016,0,0,0,0,0,79,2026-08-24T20:49:35
60001536,4.013,0,0,0,0,0,80,2026-08-24T20:50:35
60001280,4.009,0,0,0,0,0,79,2026-08-24T20:51:35
60001024,4.016,0,0,0,0,0,79,2026-08-24T20:52:35
60002560,4.013,0,0,0,0,0,79,2026-08-24T20:53:35
60001536,3.956,0,0,0,0,0,78,2026-08-24T20:54:35
60001792,4.034,0,0,0,0,0,78,2026-08-24T20:55:35
60001792,4.024,0,0,0,0,0,78,2026-08-24T20:56:35
60001280,4.006,0,0,0,0,0,78,2026-08-24T20:57:35
60002048,3.999,0,0,0,0,0,78,2026-08-24T20:58:35
60003584,3.963,0,0,0,0,0,79,2026-08-24T20:59:35
60001536,4.013,0,0,0,0,0,78,2026-08-24T21:00:35
60002304,3.963,0,0,0,0,0,79,2026-08-24T21:01:35
60001280,3.995,0,0,0,0,0,79,2026-08-24T21:02:35
60002048,4.038,0,0,0,0,0,79,2026-08-24T21:03:35
60001280,3.956,0,0,0,0,0,78,2026-08-24T21:04:35
60001792,4.034,0,0,0,0,0,78,2026-08-24T21:05:35
60002048,4.024,0,0,0,0,0,79,2026-08-24T21:06:35
60001280,3.988,0,0,0,0,0,78,2026-08-24T21:07:35
60002560,3.988,0,0,0,0,0,78,2026-08-24T21:08:35
-4234965248,3.97,0,0,0,0,0,78,2026-08-24T21:09:35
60001812,4.006,0,0,0,0,0,78,2026-08-24T21:10:35
60001144,3.995,0,0,0,0,0,79,2026-08-24T21:11:35
60001872,4.038,0,0,0,0,0,78,2026-08-24T21:12:35
60002176,3.999,0,0,0,0,0,78,2026-08-24T21:13:35
60001408,3.988,0,0,0,0,0,78,2026-08-24T21:14:35
60002112,3.963,0,0,0,0,0,78,2026-08-24T21:15:35
60008640,4.009,0,0,0,0,0,78,2026-08-24T21:16:35
60002176,4.02,0,0,0,0,0,78,2026-08-24T21:17:35
60001600,4.031,0,0,0,0,0,77,2026-08-24T21:18:35
60000704,3.97,0,0,0,0,0,78,2026-08-24T21:19:35
60001984,3.991,0,0,0,0,0,78,2026-08-24T21:20:35
60000768,4.02,0,0,0,0,0,78,2026-08-24T21:21:35
60001344,3.981,0,0,0,0,0,78,2026-08-24T21:22:35
60002816,4.006,0,0,0,0,0,78,2026-08-24T21:23:35
60001792,3.991,0,0,0,0,0,78,2026-08-24T21:24:35
60002048,4.016,0,0,0,0,0,77,2026-08-24T21:25:35
60002176,3.991,0,0,0,0,0,77,2026-08-24T21:26:35
60002560,3.991,0,0,0,0,0,77,2026-08-24T21:27:35
60002688,3.959,0,0,0,0,0,78,2026-08-24T21:28:35
60001280,3.991,0,0,0,0,0,78,2026-08-24T21:29:35
60002048,3.999,0,0,0,0,0,78,2026-08-24T21:30:35
60002816,4.02,0,0,0,0,0,78,2026-08-24T21:31:35
60000256,3.988,0,0,0,0,0,77,2026-08-24T21:32:35
60002688,3.991,0,0,0,0,0,78,2026-08-24T21:33:35
60002304,4.013,0,0,0,0,0,77,2026-08-24T21:34:35
60003200,3.977,0,0,0,0,0,77,2026-08-24T21:35:35
60000768,3.999,0,0,0,0,0,77,2026-08-24T21:36:35
60003584,4.024,0,0,0,0,0,77,2026-08-24T21:37:35
60000384,4.002,0,0,0,0,0,77,2026-08-24T21:38:35
60003456,4.013,0,0,0,0,0,77,2026-08-24T21:39:35
60001152,3.999,0,0,0,0,0,77,2026-08-24T21:40:35
60002688,3.991,0,0,0,0,0,77,2026-08-24T21:41:35
60001920,4.002,0,0,0,0,0,76,2026-08-24T21:42:35
60002688,4.002,0,0,0,0,0,77,2026-08-24T21:43:36
60001408,4.002,0,0,0,0,0,77,2026-08-24T21:44:36
60003328,4.006,0,0,0,0,0,77,2026-08-24T21:45:36
60001280,4.002,0,0,0,0,0,77,2026-08-24T21:46:36
60001792,3.991,0,0,0,0,0,76,2026-08-24T21:47:36
60003072,4.009,0,0,0,0,0,77,2026-08-24T21:48:36
60002816,4.016,0,0,0,0,0,76,2026-08-24T21:49:36
60002048,3.995,0,0,0,0,0,76,2026-08-24T21:50:36
60000512,3.959,0,0,0,0,0,77,2026-08-24T21:51:36
60002304,3.988,0,0,0,0,0,76,2026-08-24T21:52:36
60002048,3.974,0,0,0,0,0,76,2026-08-24T21:53:36
60002304,4.031,0,0,0,0,0,76,2026-08-24T21:54:36
60001024,4.002,0,0,0,0,0,76,2026-08-24T21:55:36
60002816,4.034,0,0,0,0,0,76,2026-08-24T21:56:36
60000768,4.002,0,0,0,0,0,76,2026-08-24T21:57:36
60003072,4.009,0,0,0,0,0,76,2026-08-24T21:58:36
60001024,4.013,0,0,0,0,0,76,2026-08-24T21:59:36
60002560,3.963,0,0,0,0,0,76,2026-08-24T22:00:36
60031488,4.006,0,0,0,0,0,76,2026-08-24T22:01:36
60002816,3.959,0,0,0,0,0,75,2026-08-24T22:02:36
60001536,4.02,0,0,0,0,0,76,2026-08-24T22:03:36
60001536,4.006,0,0,0,0,0,76,2026-08-24T22:04:36
60001280,4.006,0,0,0,0,0,76,2026-08-24T22:05:36
60002560,3.974,0,0,0,0,0,76,2026-08-24T22:06:36
60003584,3.984,0,0,0,0,0,76,2026-08-24T22:07:36
60002048,4.009,0,0,0,0,0,76,2026-08-24T22:08:36
60002048,4.013,0,0,0,0,0,75,2026-08-24T22:09:36
60000256,4.002,0,0,0,0,0,76,2026-08-24T22:10:36
60003328,4.006,0,0,0,0,0,76,2026-08-24T22:11:36
60001280,4.006,0,0,0,0,0,75,2026-08-24T22:12:36
60000768,4.027,0,0,0,0,0,76,2026-08-24T22:13:36
60000512,3.959,0,0,0,0,0,76,2026-08-24T22:14:36
60002560,4.002,0,0,0,0,0,76,2026-08-24T22:15:36
60002048,4.002,0,0,0,0,0,75,2026-08-24T22:16:36
60000768,4.02,0,0,0,0,0,75,2026-08-24T22:17:36
60000768,3.974,0,0,0,0,0,75,2026-08-24T22:18:36
60002816,3.981,0,0,0,0,0,75,2026-08-24T22:19:36
-4234965760,3.984,0,0,0,0,0,75,2026-08-24T22:20:36
60002120,3.991,0,0,0,0,0,76,2026-08-24T22:21:36
60002200,4.009,0,0,0,0,0,76,2026-08-24T22:22:36
60002416,4.027,0,0,0,0,0,75,2026-08-24T22:23:36
60001056,3.945,0,0,0,0,0,76,2026-08-24T22:24:36
60002208,4.02,0,0,0,0,0,76,2026-08-24T22:25:36
60001664,4.006,0,0,0,0,0,76,2026-08-24T22:26:36
60002688,3.981,0,0,0,0,0,76,2026-08-24T22:27:36
60002912,4.006,0,0,0,0,0,75,2026-08-24T22:28:36
60001728,3.981,0,0,0,0,0,76,2026-08-24T22:29:36
60003008,3.999,0,0,0,0,0,75,2026-08-24T22:30:36
60002112,3.999,0,0,0,0,0,75,2026-08-24T22:31:36
60003072,4.006,0,0,0,0,0,75,2026-08-24T22:32:36
60002880,4.006,0,0,0,0,0,75,2026-08-24T22:33:36
60002688,3.991,0,0,0,0,0,75,2026-08-24T22:34:36
60002944,3.952,0,0,0,0,0,75,2026-08-24T22:35:36
60001664,3.995,0,0,0,0,0,75,2026-08-24T22:36:36
60000320,3.974,0,0,0,0,0,75,2026-08-24T22:37:36
60003264,4.002,0,0,0,0,0,75,2026-08-24T22:38:36
60002432,4.009,0,0,0,0,0,75,2026-08-24T22:39:36
60002816,3.952,0,0,0,0,0,76,2026-08-24T22:40:36
60002816,3.991,0,0,0,0,0,75,2026-08-24T22:41:36
60001920,4.024,0,0,0,0,0,76,2026-08-24T22:42:36
60002560,3.988,0,0,0,0,0,75,2026-08-24T22:43:36
60002560,3.97,0,0,0,0,0,75,2026-08-24T22:44:36
60002560,4.02,0,0,0,0,0,75,2026-08-24T22:45:36
60001536,3.945,0,0,0,0,0,74,2026-08-24T22:46:36
60001920,3.966,0,0,0,0,0,75,2026-08-24T22:47:36
60010112,4.013,0,0,0,0,0,75,2026-08-24T22:48:36
60002560,3.974,0,0,0,0,0,75,2026-08-24T22:49:36
60002432,3.974,0,0,0,0,0,75,2026-08-24T22:50:36
60001536,3.981,0,0,0,0,0,75,2026-08-24T22:51:36
60001152,4.006,0,0,0,0,0,74,2026-08-24T22:52:36
60001792,3.988,0,0,0,0,0,75,2026-08-24T22:53:36
60001792,3.991,0,0,0,0,0,75,2026-08-24T22:54:36
60002688,3.988,0,0,0,0,0,75,2026-08-24T22:55:36
60002560,3.991,0,0,0,0,0,75,2026-08-24T22:56:36
60002048,4.009,0,0,0,0,0,75,2026-08-24T22:57:36
60001024,4.002,0,0,0,0,0,75,2026-08-24T22:58:36
60002304,3.981,0,0,0,0,0,75,2026-08-24T22:59:36
60002048,4.006,0,0,0,0,0,75,2026-08-24T23:00:36
60002048,3.988,0,0,0,0,0,75,2026-08-24T23:01:36
60001536,3.991,0,0,0,0,0,74,2026-08-24T23:02:36
60002816,4.02,0,0,0,0,0,75,2026-08-24T23:03:36
60001536,3.952,0,0,0,0,0,74,2026-08-24T23:04:36
60002304,3.988,0,0,0,0,0,75,2026-08-24T23:05:36
60002048,4.006,0,0,0,0,0,75,2026-08-24T23:06:36
60001280,4.002,0,0,0,0,0,75,2026-08-24T23:07:36
60002560,3.991,0,0,0,0,0,75,2026-08-24T23:08:36
60001280,3.966,0,0,0,0,0,75,2026-08-24T23:09:36
60002816,3.995,0,0,0,0,0,75,2026-08-24T23:10:36
60001792,3.984,0,0,0,0,0,75,2026-08-24T23:11:36
60001536,4.009,0,0,0,0,0,75,2026-08-24T23:12:36
60002560,3.956,0,0,0,0,0,75,2026-08-24T23:13:36
60001792,3.977,0,0,0,0,0,75,2026-08-24T23:14:36
60003072,3.945,0,0,0,0,0,75,2026-08-24T23:15:36
60002048,4.006,0,0,0,0,0,75,2026-08-24T23:16:36
60002304,3.952,0,0,0,0,0,75,2026-08-24T23:17:36
60003584,3.981,0,0,0,0,0,76,2026-08-24T23:18:36
60002048,3.991,0,0,0,0,0,75,2026-08-24T23:19:36
60003072,3.977,0,0,0,0,0,76,2026-08-24T23:20:36
60002816,3.952,0,0,0,0,0,75,2026-08-24T23:21:36
60002048,3.999,0,0,0,0,0,75,2026-08-24T23:22:36
60001792,4.024,0,0,0,0,0,74,2026-08-24T23:23:36
60002304,3.981,0,0,0,0,0,75,2026-08-24T23:24:36
60002560,3.991,0,0,0,0,0,75,2026-08-24T23:25:36
60002304,3.945,0,0,0,0,0,74,2026-08-24T23:26:36
60001792,3.938,0,0,0,0,0,75,2026-08-24T23:27:36
60002048,4.02,0,0,0,0,0,75,2026-08-24T23:28:36
60001792,3.945,0,0,0,0,0,75,2026-08-24T23:29:36
60003584,3.981,0,0,0,0,0,75,2026-08-24T23:30:36
60001280,3.988,0,0,0,0,0,75,2026-08-24T23:31:36
-4234965504,3.999,0,0,0,0,0,75,2026-08-24T23:32:36
60002452,3.952,0,0,0,0,0,75,2026-08-24T23:33:36
60001368,3.956,0,0,0,0,0,75,2026-08-24T23:34:36
60002352,3.948,0,0,0,0,0,75,2026-08-24T23:35:36
60035728,3.991,0,0,0,0,0,75,2026-08-24T23:36:37
60001728,3.999,0,0,0,0,0,75,2026-08-24T23:37:37
60002784,3.941,0,0,0,0,0,76,2026-08-24T23:38:37
60002464,4.006,0,0,0,0,0,75,2026-08-24T23:39:37
60002176,3.995,0,0,0,0,0,75,2026-08-24T23:40:37
60000544,3.966,0,0,0,0,0,75,2026-08-24T23:41:37
60001600,3.995,0,0,0,0,0,74,2026-08-24T23:42:37
60002368,3.977,0,0,0,0,0,75,2026-08-24T23:43:37
60002304,3.97,0,0,0,0,0,74,2026-08-24T23:44:37
60001984,3.959,0,0,0,0,0,74,2026-08-24T23:45:37
60002048,3.952,0,0,0,0,0,75,2026-08-24T23:46:37
60001920,4.009,0,0,0,0,0,74,2026-08-24T23:47:37
60002880,3.97,0,0,0,0,0,75,2026-08-24T23:48:37
60002688,3.981,0,0,0,0,0,75,2026-08-24T23:49:37
60000768,3.995,0,0,0,0,0,75,2026-08-24T23:50:37
60002688,3.959,0,0,0,0,0,75,2026-08-24T23:51:37
60002048,3.995,0,0,0,0,0,75,2026-08-24T23:52:37
60001408,3.97,0,0,0,0,0,75,2026-08-24T23:53:37
60003200,4.016,0,0,0,0,0,75,2026-08-24T23:54:37
60001920,3.999,0,0,0,0,0,75,2026-08-24T23:55:37
60003456,4.013,0,0,0,0,0,76,2026-08-24T23:56:37
60001024,3.977,0,0,0,0,0,75,2026-08-24T23:57:37
60002304,3.999,0,0,0,0,0,76,2026-08-24T23:58:37
60002176,3.977,0,0,0,0,0,75,2026-08-24T23:59:37
60002048,3.974,0,0,0,0,0,76,2026-08-25T00:00:37
60002944,3.948,0,0,0,0,0,76,2026-08-25T00:01:37
60002432,3.934,0,0,0,0,0,76,2026-08-25T00:02:37
60002176,3.97,0,0,0,0,0,75,2026-08-25T00:03:37
60002048,3.974,0,0,0,0,0,76,2026-08-25T00:04:37
60002944,3.999,0,0,0,0,0,76,2026-08-25T00:05:37
60000384,3.991,0,0,0,0,0,75,2026-08-25T00:06:37
60003328,4.009,0,0,0,0,0,75,2026-08-25T00:07:37
60002816,3.956,0,0,0,0,0,74,2026-08-25T00:08:37
60002048,3.981,0,0,0,0,0,74,2026-08-25T00:09:37
60002304,3.995,0,0,0,0,0,74,2026-08-25T00:10:37
60002816,3.999,0,0,0,0,0,74,2026-08-25T00:11:37
60001024,3.988,0,0,0,0,0,74,2026-08-25T00:12:37
60002816,3.981,0,0,0,0,0,75,2026-08-25T00:13:37
60003072,3.963,0,0,0,0,0,75,2026-08-25T00:14:37
60001792,4.013,0,0,0,0,0,75,2026-08-25T00:15:37
60002560,3.995,0,0,0,0,0,75,2026-08-25T00:16:37
60002048,3.988,0,0,0,0,0,75,2026-08-25T00:17:37
60001792,3.991,0,0,0,0,0,75,2026-08-25T00:18:37
60001024,3.999,0,0,0,0,0,75,2026-08-25T00:19:37
60001792,3.999,0,0,0,0,0,75,2026-08-25T00:20:37
60002560,3.995,0,0,0,0,0,75,2026-08-25T00:21:37
60002304,3.966,0,0,0,0,0,75,2026-08-25T00:22:37
60003328,3.999,0,0,0,0,0,75,2026-08-25T00:23:37
60011776,3.956,0,0,0,0,0,75,2026-08-25T00:24:37
60002560,4.009,0,0,0,0,0,76,2026-08-25T00:25:37
60003072,4.013,0,0,0,0,0,75,2026-08-25T00:26:37
60003584,3.984,0,0,0,0,0,76,2026-08-25T00:27:37
60000512,3.97,0,0,0,0,0,76,2026-08-25T00:28:37
60002816,3.952,0,0,0,0,0,75,2026-08-25T00:29:37
60002560,3.999,0,0,0,0,0,75,2026-08-25T00:30:37
60002816,3.995,0,0,0,0,0,74,2026-08-25T00:31:37
60002048,3.948,0,0,0,0,0,74,2026-08-25T00:32:37
60001792,4.013,0,0,0,0,0,74,2026-08-25T00:33:37
60003072,3.995,0,0,0,0,0,74,2026-08-25T00:34:37
60001536,3.959,0,0,0,0,0,74,2026-08-25T00:35:37
60002048,3.999,0,0,0,0,0,75,2026-08-25T00:36:37
60002048,3.97,0,0,0,0,0,75,2026-08-25T00:37:37
60002816,3.927,0,0,0,0,0,75,2026-08-25T00:38:37
60002816,3.959,0,0,0,0,0,75,2026-08-25T00:39:37
60001792,3.974,0,0,0,0,0,75,2026-08-25T00:40:37
60000768,4.006,0,0,0,0,0,75,2026-08-25T00:41:37
60003072,3.999,0,0,0,0,0,75,2026-08-25T00:42:37
-4234964224,3.988,0,0,0,0,0,75,2026-08-25T00:43:37
60002744,3.995,0,0,0,0,0,75,2026-08-25T00:44:37
60002036,3.974,0,0,0,0,0,75,2026-08-25T00:45:37
60002952,3.981,0,0,0,0,0,75,2026-08-25T00:46:37
60000272,3.991,0,0,0,0,0,76,2026-08-25T00:47:37
60003392,3.991,0,0,0,0,0,75,2026-08-25T00:48:37
60000960,3.966,0,0,0,0,0,75,2026-08-25T00:49:37
60002880,3.984,0,0,0,0,0,76,2026-08-25T00:50:37
60001216,3.956,0,0,0,0,0,76,2026-08-25T00:51:37
60000512,3.966,0,0,0,0,0,76,2026-08-25T00:52:37
60001472,3.966,0,0,0,0,0,76,2026-08-25T00:53:37
60001472,3.966,0,0,0,0,0,76,2026-08-25T00:54:37
60003328,3.991,0,0,0,0,0,76,2026-08-25T00:55:37
60001280,3.995,0,0,0,0,0,76,2026-08-25T00:56:37
60000960,3.988,0,0,0,0,0,76,2026-08-25T00:57:37
60001984,3.97,0,0,0,0,0,76,2026-08-25T00:58:37
60001792,4.013,0,0,0,0,0,76,2026-08-25T00:59:37
60001024,3.981,0,0,0,0,0,76,2026-08-25T01:00:37
60000768,3.984,0,0,0,0,0,76,2026-08-25T01:01:37
60003200,3.991,0,0,0,0,0,76,2026-08-25T01:02:37
60001408,4.016,0,0,0,0,0,76,2026-08-25T01:03:37
60001408,3.977,0,0,0,0,0,76,2026-08-25T01:04:37
60000768,3.988,0,0,0,0,0,76,2026-08-25T01:05:37
60001024,3.977,0,0,0,0,0,76,2026-08-25T01:06:37
60003200,3.952,0,0,0,0,0,76,2026-08-25T01:07:37
60001152,3.945,0,0,0,0,0,76,2026-08-25T01:08:37
60000640,4.009,0,0,0,0,0,76,2026-08-25T01:09:37
60001152,3.923,0,0,0,0,0,76,2026-08-25T01:10:37
60003456,3.956,0,0,0,0,0,76,2026-08-25T01:11:37
60001920,3.956,0,0,0,0,0,76,2026-08-25T01:12:37
60024192,3.984,0,0,0,0,0,76,2026-08-25T01:13:37
60001664,3.988,0,0,0,0,0,76,2026-08-25T01:14:37
60003072,3.977,0,0,0,0,0,76,2026-08-25T01:15:37
60002560,3.995,0,0,0,0,0,76,2026-08-25T01:16:37
60003712,3.959,0,0,0,0,0,76,2026-08-25T01:17:37
60001792,4.002,0,0,0,0,0,76,2026-08-25T01:18:37
60002688,3.959,0,0,0,0,0,76,2026-08-25T01:19:37
60003328,3.999,0,0,0,0,0,77,2026-08-25T01:20:37
60002304,3.952,0,0,0,0,0,76,2026-08-25T01:21:37
60002048,3.948,0,0,0,0,0,77,2026-08-25T01:22:37
60002560,3.991,0,0,0,0,0,77,2026-08-25T01:23:37
60002560,3.984,0,0,0,0,0,77,2026-08-25T01:24:37
60002816,3.988,0,0,0,0,0,77,2026-08-25T01:25:37
60001280,3.984,0,0,0,0,0,77,2026-08-25T01:26:37
60002560,3.988,0,0,0,0,0,77,2026-08-25T01:27:37
60000768,3.97,0,0,0,0,0,77,2026-08-25T01:28:37
60003072,4.002,0,0,0,0,0,77,2026-08-25T01:29:37
60000512,3.97,0,0,0,0,0,77,2026-08-25T01:30:37
60001792,4.006,0,0,0,0,0,77,2026-08-25T01:31:37
60000768,3.97,0,0,0,0,0,77,2026-08-25T01:32:38
60000512,4.009,0,0,0,0,0,77,2026-08-25T01:33:38
60002816,3.956,0,0,0,0,0,77,2026-08-25T01:34:38
60001536,3.974,0,0,0,0,0,77,2026-08-25T01:35:38
60003072,4.009,0,0,0,0,0,77,2026-08-25T01:36:38
60002304,3.97,0,0,0,0,0,77,2026-08-25T01:37:38
60003584,3.959,0,0,0,0,0,77,2026-08-25T01:38:38
60003072,3.948,0,0,0,0,0,77,2026-08-25T01:39:38
60000768,3.956,0,0,0,0,0,77,2026-08-25T01:40:38
60003328,3.966,0,0,0,0,0,77,2026-08-25T01:41:38
60000256,3.974,0,0,0,0,0,77,2026-08-25T01:42:38
60002304,3.974,0,0,0,0,0,77,2026-08-25T01:43:38
60002560,3.963,0,0,0,0,0,77,2026-08-25T01:44:38
60000512,3.956,0,0,0,0,0,77,2026-08-25T01:45:38
60002048,4.002,0,0,0,0,0,77,2026-08-25T01:46:38
60002304,3.974,0,0,0,0,0,77,2026-08-25T01:47:38
60002816,3.984,0,0,0,0,0,77,2026-08-25T01:48:38
60002560,3.948,0,0,0,0,0,77,2026-08-25T01:49:38
60003584,4.002,0,0,0,0,0,77,2026-08-25T01:50:38
60002816,3.966,0,0,0,0,0,77,2026-08-25T01:51:38
60003328,3.97,0,0,0,0,0,77,2026-08-25T01:52:38
60002816,3.981,0,0,0,0,0,77,2026-08-25T01:53:38
60002048,3.97,0,0,0,0,0,77,2026-08-25T01:54:38
-4234966528,3.934,0,0,0,0,0,77,2026-08-25T01:55:38
60001760,3.934,0,0,0,0,0,78,2026-08-25T01:56:38
60022304,3.984,0,0,0,0,0,77,2026-08-25T01:57:38
60003344,3.923,0,0,0,0,0,77,2026-08-25T01:58:38
60001840,3.959,0,0,0,0,0,77,2026-08-25T01:59:38
60002176,3.966,0,0,0,0,0,77,2026-08-25T02:00:38
60002944,3.948,0,0,0,0,0,77,2026-08-25T02:01:38
60001792,3.984,0,0,0,0,0,76,2026-08-25T02:02:38
60000896,3.984,0,0,0,0,0,76,2026-08-25T02:03:38
60000640,3.966,0,0,0,0,0,75,2026-08-25T02:04:38
60002688,4.002,0,0,0,0,0,75,2026-08-25T02:05:38
60000640,3.963,0,0,0,0,0,75,2026-08-25T02:06:38
60002432,3.981,0,0,0,0,0,75,2026-08-25T02:07:38
60002752,3.97,0,0,0,0,0,75,2026-08-25T02:08:38
60002560,3.931,0,0,0,0,0,75,2026-08-25T02:09:38
60002944,3.966,0,0,0,0,0,75,2026-08-25T02:10:38
60002496,3.941,0,0,0,0,0,76,2026-08-25T02:11:38
60001472,3.97,0,0,0,0,0,75,2026-08-25T02:12:38
60001408,3.981,0,0,0,0,0,76,2026-08-25T02:13:38
60003200,3.909,0,0,0,0,0,76,2026-08-25T02:14:38
60001152,3.948,0,0,0,0,0,76,2026-08-25T02:15:38
60000640,3.97,0,0,0,0,0,76,2026-08-25T02:16:38
60000768,3.974,0,0,0,0,0,76,2026-08-25T02:17:38
60001024,3.988,0,0,0,0,0,76,2026-08-25T02:18:38
60001280,3.97,0,0,0,0,0,76,2026-08-25T02:19:38
60002432,3.956,0,0,0,0,0,76,2026-08-25T02:20:38
60002304,3.966,0,0,0,0,0,77,2026-08-25T02:21:38
60002688,3.974,0,0,0,0,0,77,2026-08-25T02:22:38
60002816,3.974,0,0,0,0,0,77,2026-08-25T02:23:38
60002560,3.923,0,0,0,0,0,77,2026-08-25T02:24:38
60003200,3.988,0,0,0,0,0,77,2026-08-25T02:25:38
60003200,3.931,0,0,0,0,0,77,2026-08-25T02:26:38
60000640,3.966,0,0,0,0,0,77,2026-08-25T02:27:38
60002944,3.984,0,0,0,0,0,77,2026-08-25T02:28:38
60003328,3.995,0,0,0,0,0,77,2026-08-25T02:29:38
60003072,4.006,0,0,0,0,0,77,2026-08-25T02:30:38
60002432,3.931,0,0,0,0,0,77,2026-08-25T02:31:38
60002816,3.984,0,0,0,0,0,77,2026-08-25T02:32:38
60000256,3.952,0,0,0,0,0,77,2026-08-25T02:33:38
60002304,3.966,0,0,0,0,0,77,2026-08-25T02:34:38
60000512,3.948,0,0,0,0,0,77,2026-08-25T02:35:38
60003840,3.966,0,0,0,0,0,77,2026-08-25T02:36:38
60000256,3.938,0,0,0,0,0,77,2026-08-25T02:37:38
60001024,3.995,0,0,0,0,0,77,2026-08-25T02:38:38
60003328,3.941,0,0,0,0,0,77,2026-08-25T02:39:38
60002560,3.956,0,0,0,0,0,77,2026-08-25T02:40:38
60003072,3.963,0,0,0,0,0,77,2026-08-25T02:41:38
60027648,3.991,0,0,0,0,0,78,2026-08-25T02:42:38
60001280,3.981,0,0,0,0,0,77,2026-08-25T02:43:38
60000256,3.952,0,0,0,0,0,77,2026-08-25T02:44:38
60003072,3.984,0,0,0,0,0,77,2026-08-25T02:45:38
60002048,3.966,0,0,0,0,0,78,2026-08-25T02:46:38
60003072,3.927,0,0,0,0,0,77,2026-08-25T02:47:38
60003072,3.923,0,0,0,0,0,77,2026-08-25T02:48:38
60002048,3.991,0,0,0,0,0,77,2026-08-25T02:49:38
60002560,3.945,0,0,0,0,0,77,2026-08-25T02:50:38
60001536,3.97,0,0,0,0,0,77,2026-08-25T02:51:38
60002816,3.945,0,0,0,0,0,77,2026-08-25T02:52:38
60002560,3.97,0,0,0,0,0,77,2026-08-25T02:53:38
60001792,3.948,0,0,0,0,0,77,2026-08-25T02:54:38
60002560,3.948,0,0,0,0,0,77,2026-08-25T02:55:38
60002816,3.963,0,0,0,0,0,78,2026-08-25T02:56:38
60001792,3.959,0,0,0,0,0,77,2026-08-25T02:57:38
60002304,3.977,0,0,0,0,0,77,2026-08-25T02:58:38
60002816,3.927,0,0,0,0,0,77,2026-08-25T02:59:38
60002304,3.974,0,0,0,0,0,77,2026-08-25T03:00:38
60002304,3.948,0,0,0,0,0,78,2026-08-25T03:01:38
60001792,3.977,0,0,0,0,0,77,2026-08-25T03:02:38
60001792,3.956,0,0,0,0,0,77,2026-08-25T03:03:38
60002304,3.988,0,0,0,0,0,77,2026-08-25T03:04:38
60002560,3.959,0,0,0,0,0,77,2026-08-25T03:05:38
60002048,3.938,0,0,0,0,0,78,2026-08-25T03:06:38
-4234964224,3.956,0,0,0,0,0,78,2026-08-25T03:07:38
60002780,3.97,0,0,0,0,0,78,2026-08-25T03:08:38
60003456,3.974,0,0,0,0,0,77,2026-08-25T03:09:38
60002096,3.959,0,0,0,0,0,77,2026-08-25T03:10:38
60002240,3.913,0,0,0,0,0,77,2026-08-25T03:11:38
60002848,3.948,0,0,0,0,0,77,2026-08-25T03:12:38
60002176,3.991,0,0,0,0,0,77,2026-08-25T03:13:38
60001152,3.956,0,0,0,0,0,78,2026-08-25T03:14:38
60002432,3.999,0,0,0,0,0,78,2026-08-25T03:15:38
60000768,3.956,0,0,0,0,0,77,2026-08-25T03:16:38
60002304,3.934,0,0,0,0,0,77,2026-08-25T03:17:38
60001792,3.977,0,0,0,0,0,78,2026-08-25T03:18:38
60001856,3.945,0,0,0,0,0,77,2026-08-25T03:19:38
60002880,3.991,0,0,0,0,0,77,2026-08-25T03:20:38
60001792,3.963,0,0,0,0,0,78,2026-08-25T03:21:38
60000576,3.952,0,0,0,0,0,78,2026-08-25T03:22:38
60002880,3.991,0,0,0,0,0,78,2026-08-25T03:23:38
60001600,3.927,0,0,0,0,0,78,2026-08-25T03:24:38
60000256,3.974,0,0,0,0,0,78,2026-08-25T03:25:38
60001920,3.913,0,0,0,0,0,78,2026-08-25T03:26:39
60003456,3.956,0,0,0,0,0,78,2026-08-25T03:27:39
60003456,3.97,0,0,0,0,0,78,2026-08-25T03:28:39
60001920,3.945,0,0,0,0,0,78,2026-08-25T03:29:39
60000896,3.92,0,0,0,0,0,77,2026-08-25T03:30:39
60001920,3.948,0,0,0,0,0,78,2026-08-25T03:31:39
60002176,3.916,0,0,0,0,0,77,2026-08-25T03:32:39
60002560,3.984,0,0,0,0,0,78,2026-08-25T03:33:39
60002688,3.934,0,0,0,0,0,78,2026-08-25T03:34:39
60001920,3.956,0,0,0,0,0,78,2026-08-25T03:35:39
60001920,3.938,0,0,0,0,0,78,2026-08-25T03:36:39
60003456,3.945,0,0,0,0,0,78,2026-08-25T03:37:39
60001920,3.966,0,0,0,0,0,78,2026-08-25T03:38:39
60002432,3.963,0,0,0,0,0,78,2026-08-25T03:39:39
60002304,3.977,0,0,0,0,0,78,2026-08-25T03:40:39
60001408,3.995,0,0,0,0,0,78,2026-08-25T03:41:39
60003328,3.977,0,0,0,0,0,78,2026-08-25T03:42:39
60002048,3.948,0,0,0,0,0,78,2026-08-25T03:43:39
60000256,3.97,0,0,0,0,0,78,2026-08-25T03:44:39
60001024,3.97,0,0,0,0,0,78,2026-08-25T03:45:39
60001792,3.97,0,0,0,0,0,78,2026-08-25T03:46:39
60002304,3.92,0,0,0,0,0,78,2026-08-25T03:47:39
60001024,3.952,0,0,0,0,0,78,2026-08-25T03:48:39
60002048,3.974,0,0,0,0,0,78,2026-08-25T03:49:39
60002304,3.92,0,0,0,0,0,78,2026-08-25T03:50:39
60001536,3.966,0,0,0,0,0,78,2026-08-25T03:51:39
60002048,3.966,0,0,0,0,0,78,2026-08-25T03:52:39
60002816,3.934,0,0,0,0,0,78,2026-08-25T03:53:39
60002816,3.974,0,0,0,0,0,78,2026-08-25T03:54:39
60001792,3.913,0,0,0,0,0,78,2026-08-25T03:55:39
60002048,3.923,0,0,0,0,0,78,2026-08-25T03:56:39
60002816,3.981,0,0,0,0,0,78,2026-08-25T03:57:39
60002816,3.995,0,0,0,0,0,78,2026-08-25T03:58:39
60002048,3.963,0,0,0,0,0,78,2026-08-25T03:59:39
60002816,3.938,0,0,0,0,0,78,2026-08-25T04:00:39
60002560,3.963,0,0,0,0,0,78,2026-08-25T04:01:39
60002816,3.966,0,0,0,0,0,78,2026-08-25T04:02:39
60001792,3.988,0,0,0,0,0,78,2026-08-25T04:03:39
60003328,3.974,0,0,0,0,0,78,2026-08-25T04:04:39
60001792,3.991,0,0,0,0,0,78,2026-08-25T04:05:39
60001280,3.956,0,0,0,0,0,78,2026-08-25T04:06:39
60002560,3.909,0,0,0,0,0,78,2026-08-25T04:07:39
60002048,3.97,0,0,0,0,0,78,2026-08-25T04:08:39
60002560,3.963,0,0,0,0,0,78,2026-08-25T04:09:39
60001792,3.991,0,0,0,0,0,78,2026-08-25T04:10:39
60001792,3.974,0,0,0,0,0,78,2026-08-25T04:11:39
60023808,3.902,0,0,0,0,0,78,2026-08-25T04:12:39
60002304,3.966,0,0,0,0,0,78,2026-08-25T04:13:39
60001792,3.938,0,0,0,0,0,78,2026-08-25T04:14:39
60001280,3.948,0,0,0,0,0,78,2026-08-25T04:15:39
60002560,3.923,0,0,0,0,0,78,2026-08-25T04:16:39
60001792,3.966,0,0,0,0,0,78,2026-08-25T04:17:39
-4234964736,3.963,0,0,0,0,0,78,2026-08-25T04:18:39
60002608,3.963,0,0,0,0,0,79,2026-08-25T04:19:39
60001296,3.934,0,0,0,0,0,78,2026-08-25T04:20:39
60002016,3.97,0,0,0,0,0,78,2026-08-25T04:21:39
60001664,3.959,0,0,0,0,0,78,2026-08-25T04:22:39
60003120,3.959,0,0,0,0,0,78,2026-08-25T04:23:39
60002400,3.952,0,0,0,0,0,78,2026-08-25T04:24:39
60001952,3.977,0,0,0,0,0,78,2026-08-25T04:25:39
60002208,3.966,0,0,0,0,0,78,2026-08-25T04:26:39
60000672,3.988,0,0,0,0,0,78,2026-08-25T04:27:39
60001408,3.92,0,0,0,0,0,78,2026-08-25T04:28:39
60001792,3.906,0,0,0,0,0,78,2026-08-25T04:29:39
60001600,3.952,0,0,0,0,0,78,2026-08-25T04:30:39
60002240,3.959,0,0,0,0,0,78,2026-08-25T04:31:39
60001600,3.966,0,0,0,0,0,78,2026-08-25T04:32:39
60002176,3.974,0,0,0,0,0,78,2026-08-25T04:33:39
60002624,3.966,0,0,0,0,0,78,2026-08-25T04:34:39
60001408,3.945,0,0,0,0,0,78,2026-08-25T04:35:39
60002368,3.956,0,0,0,0,0,78,2026-08-25T04:36:39
60001024,3.963,0,0,0,0,0,78,2026-08-25T04:37:39
60001536,3.963,0,0,0,0,0,78,2026-08-25T04:38:39
60002816,3.956,0,0,0,0,0,78,2026-08-25T04:39:39
60002048,3.923,0,0,0,0,0,78,2026-08-25T04:40:39
60002560,3.966,0,0,0,0,0,78,2026-08-25T04:41:39
60001408,3.963,0,0,0,0,0,78,2026-08-25T04:42:39
60001792,3.974,0,0,0,0,0,78,2026-08-25T04:43:39
60002560,3.959,0,0,0,0,0,79,2026-08-25T04:44:39
60001408,3.956,0,0,0,0,0,78,2026-08-25T04:45:39
60002944,3.92,0,0,0,0,0,78,2026-08-25T04:46:39
60001280,3.952,0,0,0,0,0,78,2026-08-25T04:47:39
60001536,3.956,0,0,0,0,0,78,2026-08-25T04:48:39
60001792,3.963,0,0,0,0,0,78,2026-08-25T04:49:39
60001280,3.945,0,0,0,0,0,78,2026-08-25T04:50:39
60001920,3.963,0,0,0,0,0,78,2026-08-25T04:51:39
60001280,3.984,0,0,0,0,0,78,2026-08-25T04:52:39
60001152,3.952,0,0,0,0,0,78,2026-08-25T04:53:39
60002304,3.988,0,0,0,0,0,78,2026-08-25T04:54:39
60001792,3.948,0,0,0,0,0,78,2026-08-25T04:55:39
60002304,3.945,0,0,0,0,0,78,2026-08-25T04:56:39
60001792,3.97,0,0,0,0,0,78,2026-08-25T04:57:39
60029440,3.941,0,0,0,0,0,78,2026-08-25T04:58:39
60002816,3.948,0,0,0,0,0,79,2026-08-25T04:59:39
60002048,3.963,0,0,0,0,0,78,2026-08-25T05:00:39
60001024,3.966,0,0,0,0,0,78,2026-08-25T05:01:39
60001792,3.956,0,0,0,0,0,78,2026-08-25T05:02:39
60002048,3.959,0,0,0,0,0,78,2026-08-25T05:03:39
60002048,3.948,0,0,0,0,0,78,2026-08-25T05:04:39
60002560,3.952,0,0,0,0,0,78,2026-08-25T05:05:39
60002816,3.974,0,0,0,0,0,78,2026-08-25T05:06:39
60001024,3.956,0,0,0,0,0,78,2026-08-25T05:07:39
60002048,3.977,0,0,0,0,0,78,2026-08-25T05:08:39
60002048,3.92,0,0,0,0,0,78,2026-08-25T05:09:39
60002560,3.963,0,0,0,0,0,78,2026-08-25T05:10:39
60001792,3.941,0,0,0,0,0,78,2026-08-25T05:11:39
60002048,3.945,0,0,0,0,0,78,2026-08-25T05:12:39
60002048,3.984,0,0,0,0,0,78,2026-08-25T05:13:39
60002560,3.959,0,0,0,0,0,78,2026-08-25T05:14:39
60000768,3.952,0,0,0,0,0,78,2026-08-25T05:15:39
60001792,3.963,0,0,0,0,0,78,2026-08-25T05:16:39
60002304,3.963,0,0,0,0,0,78,2026-08-25T05:17:39
60003072,3.959,0,0,0,0,0,78,2026-08-25T05:18:39
60001792,3.938,0,0,0,0,0,78,2026-08-25T05:19:39
60002304,3.966,0,0,0,0,0,78,2026-08-25T05:20:39
60001792,3.952,0,0,0,0,0,78,2026-08-25T05:21:40
60001024,3.959,0,0,0,0,0,78,2026-08-25T05:22:40
60002816,3.959,0,0,0,0,0,78,2026-08-25T05:23:40
60002816,3.934,0,0,0,0,0,78,2026-08-25T05:24:40
60001792,3.909,0,0,0,0,0,78,2026-08-25T05:25:40
60001792,3.913,0,0,0,0,0,78,2026-08-25T05:26:40
60003328,3.956,0,0,0,0,0,78,2026-08-25T05:27:40
60001536,3.923,0,0,0,0,0,79,2026-08-25T05:28:40
60002304,3.931,0,0,0,0,0,78,2026-08-25T05:29:40
-4234964736,3.902,0,0,0,0,0,78,2026-08-25T05:30:40
60001864,3.956,0,0,0,0,0,79,2026-08-25T05:31:40
60001760,3.913,0,0,0,0,0,78,2026-08-25T05:32:40
60002848,3.909,0,0,0,0,0,78,2026-08-25T05:33:40
60002544,3.963,0,0,0,0,0,78,2026-08-25T05:34:40
60002112,3.909,0,0,0,0,0,78,2026-08-25T05:35:40
60001312,3.938,0,0,0,0,0,78,2026-08-25T05:36:40
60002144,3.984,0,0,0,0,0,78,2026-08-25T05:37:40
60002240,3.977,0,0,0,0,0,78,2026-08-25T05:38:40
60002240,3.945,0,0,0,0,0,78,2026-08-25T05:39:40
60002048,3.981,0,0,0,0,0,78,2026-08-25T05:40:40
60001856,3.963,0,0,0,0,0,78,2026-08-25T05:41:40
60002176,3.913,0,0,0,0,0,78,2026-08-25T05:42:40
60002240,3.945,0,0,0,0,0,79,2026-08-25T05:43:40
60034944,3.988,0,0,0,0,0,78,2026-08-25T05:44:40
60002944,3.913,0,0,0,0,0,79,2026-08-25T05:45:40
60001728,3.981,0,0,0,0,0,78,2026-08-25T05:46:40
60001216,3.956,0,0,0,0,0,79,2026-08-25T05:47:40
60002304,3.927,0,0,0,0,0,78,2026-08-25T05:48:40
60003072,3.956,0,0,0,0,0,78,2026-08-25T05:49:40
60002432,3.948,0,0,0,0,0,79,2026-08-25T05:50:40
60001920,3.977,0,0,0,0,0,78,2026-08-25T05:51:40
60002304,3.956,0,0,0,0,0,78,2026-08-25T05:52:40
60001920,3.934,0,0,0,0,0,78,2026-08-25T05:53:40
60001664,3.934,0,0,0,0,0,79,2026-08-25T05:54:40
60003072,3.916,0,0,0,0,0,79,2026-08-25T05:55:40
60001536,3.945,0,0,0,0,0,78,2026-08-25T05:56:40
60002432,3.916,0,0,0,0,0,79,2026-08-25T05:57:40
60002560,3.956,0,0,0,0,0,79,2026-08-25T05:58:40
60001920,3.938,0,0,0,0,0,79,2026-08-25T05:59:40
60002432,3.934,0,0,0,0,0,79,2026-08-25T06:00:40
60001920,3.97,0,0,0,0,0,78,2026-08-25T06:01:40
60003328,3.974,0,0,0,0,0,78,2026-08-25T06:02:40
60002944,3.974,0,0,0,0,0,78,2026-08-25T06:03:40
60000768,3.906,0,0,0,0,0,78,2026-08-25T06:04:40
60002944,3.984,0,0,0,0,0,79,2026-08-25T06:05:40
60001792,3.956,0,0,0,0,0,78,2026-08-25T06:06:40
60002560,3.984,0,0,0,0,0,79,2026-08-25T06:07:40
60001792,3.963,0,0,0,0,0,78,2026-08-25T06:08:40
60000768,3.97,0,0,0,0,0,79,2026-08-25T06:09:40
60000768,3.963,0,0,0,0,0,79,2026-08-25T06:10:40
60001536,3.97,0,0,0,0,0,78,2026-08-25T06:11:40
60000512,3.938,0,0,0,0,0,77,2026-08-25T06:12:40
60002048,3.906,0,0,0,0,0,77,2026-08-25T06:13:40
60003072,3.891,0,0,0,0,0,78,2026-08-25T06:14:40
60003328,3.959,0,0,0,0,0,77,2026-08-25T06:15:40
60002560,3.916,0,0,0,0,0,77,2026-08-25T06:16:40
60003328,3.923,0,0,0,0,0,77,2026-08-25T06:17:40
60002816,3.952,0,0,0,0,0,78,2026-08-25T06:18:40
60002816,3.934,0,0,0,0,0,78,2026-08-25T06:19:40
60001792,3.952,0,0,0,0,0,77,2026-08-25T06:20:40
60001792,3.92,0,0,0,0,0,77,2026-08-25T06:21:40
60002560,3.963,0,0,0,0,0,78,2026-08-25T06:22:40
60002304,3.952,0,0,0,0,0,77,2026-08-25T06:23:40
60003072,3.923,0,0,0,0,0,78,2026-08-25T06:24:40
60002560,3.977,0,0,0,0,0,78,2026-08-25T06:25:40
60002560,3.923,0,0,0,0,0,78,2026-08-25T06:26:40
60018176,3.927,0,0,0,0,0,78,2026-08-25T06:27:40
60002816,3.952,0,0,0,0,0,78,2026-08-25T06:28:40
60002816,3.948,0,0,0,0,0,78,2026-08-25T06:29:40
60001536,3.931,0,0,0,0,0,78,2026-08-25T06:30:40
60002560,3.941,0,0,0,0,0,78,2026-08-25T06:31:40
60003072,3.923,0,0,0,0,0,78,2026-08-25T06:32:40
60002304,3.956,0,0,0,0,0,78,2026-08-25T06:33:40
60001536,3.945,0,0,0,0,0,78,2026-08-25T06:34:40
60001280,3.898,0,0,0,0,0,78,2026-08-25T06:35:40
60002048,3.959,0,0,0,0,0,78,2026-08-25T06:36:40
60002048,3.913,0,0,0,0,0,78,2026-08-25T06:37:40
60001536,3.945,0,0,0,0,0,78,2026-08-25T06:38:40
60001792,3.938,0,0,0,0,0,78,2026-08-25T06:39:40
60001024,3.945,0,0,0,0,0,78,2026-08-25T06:40:40
-4234964736,3.902,0,0,0,0,0,78,2026-08-25T06:41:40
60002184,3.97,0,0,0,0,0,78,2026-08-25T06:42:40
60001352,3.891,0,0,0,0,0,78,2026-08-25T06:43:40
60002616,3.927,0,0,0,0,0,78,2026-08-25T06:44:40
60001152,3.959,0,0,0,0,0,78,2026-08-25T06:45:40
60002160,3.952,0,0,0,0,0,78,2026-08-25T06:46:40
60001632,3.934,0,0,0,0,0,78,2026-08-25T06:47:40
60001728,3.931,0,0,0,0,0,78,2026-08-25T06:48:40
60002080,3.948,0,0,0,0,0,78,2026-08-25T06:49:40
60001120,3.941,0,0,0,0,0,78,2026-08-25T06:50:40
60001472,3.941,0,0,0,0,0,78,2026-08-25T06:51:40
60002304,3.956,0,0,0,0,0,78,2026-08-25T06:52:40
60003008,3.938,0,0,0,0,0,78,2026-08-25T06:53:40
60001728,3.938,0,0,0,0,0,78,2026-08-25T06:54:40
60001792,3.931,0,0,0,0,0,78,2026-08-25T06:55:40
60002880,3.948,0,0,0,0,0,78,2026-08-25T06:56:40
60002048,3.938,0,0,0,0,0,78,2026-08-25T06:57:40
60001152,3.959,0,0,0,0,0,78,2026-08-25T06:58:40
60001664,3.931,0,0,0,0,0,78,2026-08-25T06:59:40
60001152,3.948,0,0,0,0,0,78,2026-08-25T07:00:40
60002560,3.956,0,0,0,0,0,78,2026-08-25T07:01:40
60001792,3.948,0,0,0,0,0,78,2026-08-25T07:02:40
60002048,3.898,0,0,0,0,0,78,2026-08-25T07:03:40
60002560,3.909,0,0,0,0,0,78,2026-08-25T07:04:40
60002944,3.934,0,0,0,0,0,78,2026-08-25T07:05:40
60003328,3.92,0,0,0,0,0,79,2026-08-25T07:06:40
60002176,3.956,0,0,0,0,0,78,2026-08-25T07:07:40
60002688,3.927,0,0,0,0,0,79,2026-08-25T07:08:40
60002176,3.956,0,0,0,0,0,78,2026-08-25T07:09:40
60002176,3.931,0,0,0,0,0,78,2026-08-25T07:10:40
60002944,3.923,0,0,0,0,0,78,2026-08-25T07:11:40
60001792,3.938,0,0,0,0,0,78,2026-08-25T07:12:40
60003456,3.966,0,0,0,0,0,78,2026-08-25T07:13:40
60002688,3.963,0,0,0,0,0,79,2026-08-25T07:14:40
60002176,3.974,0,0,0,0,0,78,2026-08-25T07:15:41
60002432,3.966,0,0,0,0,0,78,2026-08-25T07:16:41
60002048,3.945,0,0,0,0,0,78,2026-08-25T07:17:41
60002816,3.927,0,0,0,0,0,78,2026-08-25T07:18:41
60002048,3.923,0,0,0,0,0,78,2026-08-25T07:19:41
60002560,3.902,0,0,0,0,0,78,2026-08-25T07:20:41
60002816,3.923,0,0,0,0,0,79,2026-08-25T07:21:41
60003072,3.891,0,0,0,0,0,78,2026-08-25T07:22:41
60003072,3.931,0,0,0,0,0,78,2026-08-25T07:23:41
60002304,3.931,0,0,0,0,0,78,2026-08-25T07:24:41
60002304,3.916,0,0,0,0,0,79,2026-08-25T07:25:41
60002816,3.913,0,0,0,0,0,79,2026-08-25T07:26:41
60002048,3.891,0,0,0,0,0,78,2026-08-25T07:27:41
60003072,3.941,0,0,0,0,0,79,2026-08-25T07:28:41
60002304,3.948,0,0,0,0,0,78,2026-08-25T07:29:41
60002304,3.916,0,0,0,0,0,78,2026-08-25T07:30:41
60002304,3.934,0,0,0,0,0,79,2026-08-25T07:31:41
60002304,3.92,0,0,0,0,0,78,2026-08-25T07:32:41
60003072,3.927,0,0,0,0,0,78,2026-08-25T07:33:41
60003072,3.923,0,0,0,0,0,78,2026-08-25T07:34:41
60003072,3.891,0,0,0,0,0,78,2026-08-25T07:35:41
60002816,3.913,0,0,0,0,0,78,2026-08-25T07:36:41
60002816,3.895,0,0,0,0,0,78,2026-08-25T07:37:41
60002304,3.927,0,0,0,0,0,78,2026-08-25T07:38:41
60002816,3.959,0,0,0,0,0,79,2026-08-25T07:39:41
60003072,3.948,0,0,0,0,0,78,2026-08-25T07:40:41
60002560,3.941,0,0,0,0,0,78,2026-08-25T07:41:41
60000512,3.92,0,0,0,0,0,78,2026-08-25T07:42:41
60002816,3.974,0,0,0,0,0,79,2026-08-25T07:43:41
60001536,3.92,0,0,0,0,0,79,2026-08-25T07:44:41
60001280,3.938,0,0,0,0,0,78,2026-08-25T07:45:41
60001024,3.898,0,0,0,0,0,78,2026-08-25T07:46:41
60002304,3.913,0,0,0,0,0,78,2026-08-25T07:47:41
60002048,3.913,0,0,0,0,0,79,2026-08-25T07:48:41
60003328,3.927,0,0,0,0,0,79,2026-08-25T07:49:41
60001792,3.945,0,0,0,0,0,78,2026-08-25T07:50:41
60001792,3.927,0,0,0,0,0,78,2026-08-25T07:51:41
60001280,3.945,0,0,0,0,0,79,2026-08-25T07:52:41
-4234964736,3.945,0,0,0,0,0,78,2026-08-25T07:53:41
60001368,3.934,0,0,0,0,0,78,2026-08-25T07:54:41
55998768,3.369,0,0,0,0,0,78,2026-08-25T07:55:37
1067072,4.163,0,0,0,0,0,78,2026-08-25T07:55:38
2935104,3.938,0,0,0,0,0,79,2026-08-25T07:55:41
60001952,3.941,0,0,0,0,0,79,2026-08-25T07:56:41
60037792,3.938,0,0,0,0,0,78,2026-08-25T07:57:41
60001632,3.909,0,0,0,0,0,79,2026-08-25T07:58:41
60000384,3.934,0,0,0,0,0,78,2026-08-25T07:59:41
60002848,3.934,0,0,0,0,0,79,2026-08-25T08:00:41
60003264,3.931,0,0,0,0,0,79,2026-08-25T08:01:41
60000832,3.934,0,0,0,0,0,79,2026-08-25T08:02:41
60001216,3.934,0,0,0,0,0,79,2026-08-25T08:03:41
60000640,3.934,0,0,0,0,0,79,2026-08-25T08:04:41
60003328,3.931,0,0,0,0,0,79,2026-08-25T08:05:41
60003136,3.934,0,0,0,0,0,79,2026-08-25T08:06:41
60003008,3.931,0,0,0,0,0,79,2026-08-25T08:07:41
60000512,3.916,0,0,0,0,0,79,2026-08-25T08:08:41
60003136,3.938,0,0,0,0,0,79,2026-08-25T08:09:41
60000896,3.934,0,0,0,0,0,79,2026-08-25T08:10:41
60003072,3.934,0,0,0,0,0,79,2026-08-25T08:11:41
60002944,3.923,0,0,0,0,0,79,2026-08-25T08:12:41
60002560,3.934,0,0,0,0,0,79,2026-08-25T08:13:41
60000896,3.934,0,0,0,0,0,79,2026-08-25T08:14:41
60003200,3.923,0,0,0,0,0,79,2026-08-25T08:15:41
60002688,3.934,0,0,0,0,0,79,2026-08-25T08:16:41
60000896,3.931,0,0,0,0,0,78,2026-08-25T08:17:41
60000896,3.938,0,0,0,0,0,78,2026-08-25T08:18:41
60003200,3.934,0,0,0,0,0,78,2026-08-25T08:19:41
60001408,3.927,0,0,0,0,0,78,2026-08-25T08:20:41
60000768,3.938,0,0,0,0,0,78,2026-08-25T08:21:41
60001024,3.931,0,0,0,0,0,79,2026-08-25T08:22:41
60000512,3.931,0,0,0,0,0,78,2026-08-25T08:23:41
60000896,3.934,0,0,0,0,0,78,2026-08-25T08:24:41
60001024,3.927,0,0,0,0,0,78,2026-08-25T08:25:41
60001792,3.923,0,0,0,0,0,79,2026-08-25T08:26:41
60000384,3.938,0,0,0,0,0,78,2026-08-25T08:27:41
60001024,3.92,0,0,0,0,0,78,2026-08-25T08:28:41
60003456,3.931,0,0,0,0,0,78,2026-08-25T08:29:41
60000768,3.931,0,0,0,0,0,78,2026-08-25T08:30:41
60001280,3.931,0,0,0,0,0,78,2026-08-25T08:31:41
60002560,3.92,0,0,0,0,0,79,2026-08-25T08:32:41
60002048,3.927,0,0,0,0,0,78,2026-08-25T08:33:41
60000768,3.927,0,0,0,0,0,79,2026-08-25T08:34:41
60003072,3.934,0,0,0,0,0,78,2026-08-25T08:35:41
60003072,3.927,0,0,0,0,0,79,2026-08-25T08:36:41
60000768,3.934,0,0,0,0,0,78,2026-08-25T08:37:41
60003072,3.931,0,0,0,0,0,78,2026-08-25T08:38:41
60000768,3.931,0,0,0,0,0,78,2026-08-25T08:39:41
60001024,3.934,0,0,0,0,0,78,2026-08-25T08:40:41
60001024,3.927,0,0,0,0,0,78,2026-08-25T08:41:41
60003584,3.927,0,0,0,0,0,79,2026-08-25T08:42:41
60001024,3.934,0,0,0,0,0,78,2026-08-25T08:43:41
60000512,3.927,0,0,0,0,0,78,2026-08-25T08:44:41
60001024,3.931,0,0,0,0,0,78,2026-08-25T08:45:41
60003072,3.927,0,0,0,0,0,78,2026-08-25T08:46:41
60003328,3.92,0,0,0,0,0,78,2026-08-25T08:47:41
60000768,3.927,0,0,0,0,0,78,2026-08-25T08:48:41
60001024,3.927,0,0,0,0,0,78,2026-08-25T08:49:41
60003072,3.923,0,0,0,0,0,78,2026-08-25T08:50:41
60000768,3.927,0,0,0,0,0,79,2026-08-25T08:51:41
60003072,3.931,0,0,0,0,0,78,2026-08-25T08:52:41
60001024,3.927,0,0,0,0,0,79,2026-08-25T08:53:41
60003072,3.934,0,0,0,0,0,78,2026-08-25T08:54:41
60001024,3.927,0,0,0,0,0,78,2026-08-25T08:55:41
60001792,3.931,0,0,0,0,0,78,2026-08-25T08:56:41
60001024,3.934,0,0,0,0,0,79,2026-08-25T08:57:41
60002816,3.934,0,0,0,0,0,78,2026-08-25T08:58:41
60000512,3.923,0,0,0,0,0,78,2026-08-25T08:59:41
60000512,3.923,0,0,0,0,0,78,2026-08-25T09:00:41
60003584,3.913,0,0,0,0,0,78,2026-08-25T09:01:41
60003072,3.927,0,0,0,0,0,79,2026-08-25T09:02:41
60002816,3.923,0,0,0,0,0,78,2026-08-25T09:03:41
-4234965760,3.927,0,0,0,0,0,78,2026-08-25T09:04:41
60003612,3.923,0,0,0,0,0,78,2026-08-25T09:05:41
60003176,3.927,0,0,0,0,0,78,2026-08-25T09:06:41
60002904,3.923,0,0,0,0,0,78,2026-08-25T09:07:41
60002800,3.923,0,0,0,0,0,78,2026-08-25T09:08:41
60002560,3.927,0,0,0,0,0,78,2026-08-25T09:09:41
60003104,3.931,0,0,0,0,0,78,2026-08-25T09:10:41
60001216,3.927,0,0,0,0,0,78,2026-08-25T09:11:41
60003104,3.927,0,0,0,0,0,78,2026-08-25T09:12:42
60003040,3.927,0,0,0,0,0,78,2026-08-25T09:13:42
60000704,3.923,0,0,0,0,0,78,2026-08-25T09:14:42
60003008,3.923,0,0,0,0,0,78,2026-08-25T09:15:42
60002880,3.923,0,0,0,0,0,78,2026-08-25T09:16:42
60002816,3.916,0,0,0,0,0,78,2026-08-25T09:17:42
60000256,3.898,0,0,0,0,0,78,2026-08-25T09:18:42
60000960,3.927,0,0,0,0,0,78,2026-08-25T09:19:42
60002944,3.923,0,0,0,0,0,78,2026-08-25T09:20:42
60003328,3.927,0,0,0,0,0,78,2026-08-25T09:21:42
60000640,3.923,0,0,0,0,0,78,2026-08-25T09:22:42
60002176,3.927,0,0,0,0,0,78,2026-08-25T09:23:42
60002432,3.927,0,0,0,0,0,78,2026-08-25T09:24:42
60002688,3.92,0,0,0,0,0,78,2026-08-25T09:25:42
60002560,3.923,0,0,0,0,0,78,2026-08-25T09:26:42
60001024,3.923,0,0,0,0,0,78,2026-08-25T09:27:42
60002560,3.923,0,0,0,0,0,78,2026-08-25T09:28:42
60002688,3.923,0,0,0,0,0,78,2026-08-25T09:29:42
60003072,3.923,0,0,0,0,0,78,2026-08-25T09:30:42
60002944,3.92,0,0,0,0,0,78,2026-08-25T09:31:42
60002816,3.927,0,0,0,0,0,78,2026-08-25T09:32:42
60000384,3.92,0,0,0,0,0,78,2026-08-25T09:33:42
60003072,3.923,0,0,0,0,0,78,2026-08-25T09:34:42
60003200,3.923,0,0,0,0,0,78,2026-08-25T09:35:42
60002304,3.92,0,0,0,0,0,78,2026-08-25T09:36:42
60002432,3.92,0,0,0,0,0,78,2026-08-25T09:37:42
60002688,3.923,0,0,0,0,0,78,2026-08-25T09:38:42
60002048,3.92,0,0,0,0,0,78,2026-08-25T09:39:42
60002944,3.923,0,0,0,0,0,78,2026-08-25T09:40:42
60000512,3.923,0,0,0,0,0,78,2026-08-25T09:41:42
60000512,3.92,0,0,0,0,0,78,2026-08-25T09:42:42
60002816,3.923,0,0,0,0,0,78,2026-08-25T09:43:42
60000512,3.916,0,0,0,0,0,78,2026-08-25T09:44:42
60000512,3.916,0,0,0,0,0,78,2026-08-25T09:45:42
60003328,3.913,0,0,0,0,0,78,2026-08-25T09:46:42
60003072,3.923,0,0,0,0,0,78,2026-08-25T09:47:42
60003328,3.92,0,0,0,0,0,78,2026-08-25T09:48:42
60002816,3.92,0,0,0,0,0,78,2026-08-25T09:49:42
60001792,3.916,0,0,0,0,0,78,2026-08-25T09:50:42
60002560,3.916,0,0,0,0,0,78,2026-08-25T09:51:42
60002560,3.923,0,0,0,0,0,78,2026-08-25T09:52:42
60003072,3.92,0,0,0,0,0,78,2026-08-25T09:53:42
60002048,3.916,0,0,0,0,0,78,2026-08-25T09:54:42
60001536,3.923,0,0,0,0,0,78,2026-08-25T09:55:42
60000000,3.92,0,0,0,0,0,78,2026-08-25T09:56:42
60003584,3.92,0,0,0,0,0,78,2026-08-25T09:57:42
60000512,3.923,0,0,0,0,0,78,2026-08-25T09:58:42
60003328,3.923,0,0,0,0,0,78,2026-08-25T09:59:42
60003072,3.923,0,0,0,0,0,78,2026-08-25T10:00:42
60001024,3.923,0,0,0,0,0,78,2026-08-25T10:01:42
60003072,3.923,0,0,0,0,0,78,2026-08-25T10:02:42
60000256,3.92,0,0,0,0,0,78,2026-08-25T10:03:42
60001024,3.927,0,0,0,0,0,78,2026-08-25T10:04:42
60003328,3.927,0,0,0,0,0,78,2026-08-25T10:05:42
60003328,3.916,0,0,0,0,0,78,2026-08-25T10:06:42
60000768,3.92,0,0,0,0,0,78,2026-08-25T10:07:42
60003328,3.923,0,0,0,0,0,78,2026-08-25T10:08:42
60000512,3.92,0,0,0,0,0,78,2026-08-25T10:09:42
60003584,3.923,0,0,0,0,0,78,2026-08-25T10:10:42
60002048,3.92,0,0,0,0,0,78,2026-08-25T10:11:42
60000256,3.92,0,0,0,0,0,78,2026-08-25T10:12:42
60002048,3.916,0,0,0,0,0,78,2026-08-25T10:13:42
60003584,3.92,0,0,0,0,0,78,2026-08-25T10:14:42
60000512,3.92,0,0,0,0,0,78,2026-08-25T10:15:42
-4234963712,3.92,0,0,0,0,0,78,2026-08-25T10:16:42
60000720,3.916,0,0,0,0,0,78,2026-08-25T10:17:42
60000736,3.92,0,0,0,0,0,78,2026-08-25T10:18:42
60003040,3.92,0,0,0,0,0,78,2026-08-25T10:19:42
60001744,3.916,0,0,0,0,0,78,2026-08-25T10:20:42
60000800,3.916,0,0,0,0,0,78,2026-08-25T10:21:42
60003040,3.923,0,0,0,0,0,78,2026-08-25T10:22:42
60000864,3.916,0,0,0,0,0,78,2026-08-25T10:23:42
60000800,3.916,0,0,0,0,0,78,2026-08-25T10:24:42
60003008,3.92,0,0,0,0,0,78,2026-08-25T10:25:42
60000704,3.92,0,0,0,0,0,78,2026-08-25T10:26:42
60001600,3.92,0,0,0,0,0,78,2026-08-25T10:27:42
60001344,3.92,0,0,0,0,0,78,2026-08-25T10:28:42
60003200,3.916,0,0,0,0,0,78,2026-08-25T10:29:42
60003008,3.923,0,0,0,0,0,78,2026-08-25T10:30:42
60000704,3.916,0,0,0,0,0,78,2026-08-25T10:31:42
60003456,3.92,0,0,0,0,0,78,2026-08-25T10:32:42
60003136,3.916,0,0,0,0,0,78,2026-08-25T10:33:42
60000960,3.913,0,0,0,0,0,78,2026-08-25T10:34:42
60003200,3.92,0,0,0,0,0,78,2026-08-25T10:35:42
60002816,3.92,0,0,0,0,0,78,2026-08-25T10:36:42
60001024,3.92,0,0,0,0,0,78,2026-08-25T10:37:42
60000768,3.916,0,0,0,0,0,78,2026-08-25T10:38:42
60000640,3.916,0,0,0,0,0,78,2026-08-25T10:39:42
60002944,3.916,0,0,0,0,0,78,2026-08-25T10:40:42
60000768,3.913,0,0,0,0,0,78,2026-08-25T10:41:42
60000384,3.909,0,0,0,0,0,78,2026-08-25T10:42:42
60001280,3.913,0,0,0,0,0,78,2026-08-25T10:43:42
60002560,3.916,0,0,0,0,0,78,2026-08-25T10:44:42
60002688,3.913,0,0,0,0,0,78,2026-08-25T10:45:42
60001024,3.913,0,0,0,0,0,78,2026-08-25T10:46:42
60002944,3.92,0,0,0,0,0,78,2026-08-25T10:47:42
60002816,3.913,0,0,0,0,0,78,2026-08-25T10:48:42
60003072,3.916,0,0,0,0,0,78,2026-08-25T10:49:42
60002944,3.913,0,0,0,0,0,78,2026-08-25T10:50:42
60001152,3.913,0,0,0,0,0,78,2026-08-25T10:51:42
60002816,3.913,0,0,0,0,0,78,2026-08-25T10:52:42
60003072,3.913,0,0,0,0,0,78,2026-08-25T10:53:42
60001024,3.916,0,0,0,0,0,78,2026-08-25T10:54:42
60000512,3.92,0,0,0,0,0,78,2026-08-25T10:55:42
60003072,3.913,0,0,0,0,0,78,2026-08-25T10:56:42
60003584,3.92,0,0,0,0,0,78,2026-08-25T10:57:42
60001536,3.909,0,0,0,0,0,78,2026-08-25T10:58:42
60002560,3.913,0,0,0,0,0,78,2026-08-25T10:59:42
60001280,3.909,0,0,0,0,0,78,2026-08-25T11:00:42
60003584,3.92,0,0,0,0,0,78,2026-08-25T11:01:42
60001536,3.916,0,0,0,0,0,78,2026-08-25T11:02:42
60001280,3.913,0,0,0,0,0,78,2026-08-25T11:03:42
60002048,3.92,0,0,0,0,0,78,2026-08-25T11:04:42
60003328,3.902,0,0,0,0,0,78,2026-08-25T11:05:42
60001024,3.888,0,0,0,0,0,78,2026-08-25T11:06:42
60000512,3.916,0,0,0,0,0,78,2026-08-25T11:07:42
60003072,3.902,0,0,0,0,0,78,2026-08-25T11:08:42
60003328,3.916,0,0,0,0,0,78,2026-08-25T11:09:42
60002048,3.913,0,0,0,0,0,78,2026-08-25T11:10:42
60000768,3.913,0,0,0,0,0,78,2026-08-25T11:11:42
60001024,3.909,0,0,0,0,0,78,2026-08-25T11:12:42
60000768,3.913,0,0,0,0,0,78,2026-08-25T11:13:42
60001280,3.916,0,0,0,0,0,78,2026-08-25T11:14:42
60000768,3.916,0,0,0,0,0,78,2026-08-25T11:15:43
60003328,3.913,0,0,0,0,0,78,2026-08-25T11:16:43
60000768,3.909,0,0,0,0,0,78,2026-08-25T11:17:43
60003072,3.913,0,0,0,0,0,78,2026-08-25T11:18:43
60000512,3.909,0,0,0,0,0,78,2026-08-25T11:19:43
60003328,3.913,0,0,0,0,0,78,2026-08-25T11:20:43
60001280,3.913,0,0,0,0,0,78,2026-08-25T11:21:43
60001792,3.913,0,0,0,0,0,78,2026-08-25T11:22:43
60003328,3.913,0,0,0,0,0,78,2026-08-25T11:23:43
60002304,3.909,0,0,0,0,0,78,2026-08-25T11:24:43
60003072,3.906,0,0,0,0,0,78,2026-08-25T11:25:43
60002560,3.909,0,0,0,0,0,78,2026-08-25T11:26:43
60000256,3.909,0,0,0,0,0,78,2026-08-25T11:27:43
-4234963712,3.909,0,0,0,0,0,78,2026-08-25T11:28:43
60001144,3.909,0,0,0,0,0,78,2026-08-25T11:29:43
60002944,3.909,0,0,0,0,0,78,2026-08-25T11:30:43
60002320,3.909,0,0,0,0,0,78,2026-08-25T11:31:43
60000480,3.909,0,0,0,0,0,78,2026-08-25T11:32:43
60000800,3.909,0,0,0,0,0,78,2026-08-25T11:33:43
60000992,3.913,0,0,0,0,0,78,2026-08-25T11:34:43
60002592,3.913,0,0,0,0,0,78,2026-08-25T11:35:43
60000640,3.913,0,0,0,0,0,78,2026-08-25T11:36:43
60001184,3.906,0,0,0,0,0,78,2026-08-25T11:37:43
60001024,3.913,0,0,0,0,0,78,2026-08-25T11:38:43
60000640,3.909,0,0,0,0,0,78,2026-08-25T11:39:43
60000960,3.916,0,0,0,0,0,78,2026-08-25T11:40:43
60001152,3.913,0,0,0,0,0,78,2026-08-25T11:41:43
60000768,3.909,0,0,0,0,0,78,2026-08-25T11:42:43
60003328,3.913,0,0,0,0,0,78,2026-08-25T11:43:43
60002560,3.906,0,0,0,0,0,78,2026-08-25T11:44:43
60003712,3.909,0,0,0,0,0,78,2026-08-25T11:45:43
60002816,3.913,0,0,0,0,0,78,2026-08-25T11:46:43
60002944,3.916,0,0,0,0,0,78,2026-08-25T11:47:43
60001536,3.913,0,0,0,0,0,78,2026-08-25T11:48:43
60001024,3.909,0,0,0,0,0,78,2026-08-25T11:49:43
60003328,3.916,0,0,0,0,0,78,2026-08-25T11:50:43
60001024,3.913,0,0,0,0,0,78,2026-08-25T11:51:43
60002048,3.909,0,0,0,0,0,78,2026-08-25T11:52:43
60000896,3.909,0,0,0,0,0,78,2026-08-25T11:53:43
60001024,3.909,0,0,0,0,0,78,2026-08-25T11:54:43
60000640,3.909,0,0,0,0,0,78,2026-08-25T11:55:43
60001024,3.906,0,0,0,0,0,78,2026-08-25T11:56:43
60003584,3.909,0,0,0,0,0,78,2026-08-25T11:57:43
60001408,3.913,0,0,0,0,0,78,2026-08-25T11:58:43
60001408,3.906,0,0,0,0,0,78,2026-08-25T11:59:43
60001408,3.913,0,0,0,0,0,78,2026-08-25T12:00:43
60001024,3.909,0,0,0,0,0,78,2026-08-25T12:01:43
60002688,3.906,0,0,0,0,0,78,2026-08-25T12:02:43
60002944,3.909,0,0,0,0,0,78,2026-08-25T12:03:43
60000768,3.906,0,0,0,0,0,78,2026-08-25T12:04:43
60001024,3.902,0,0,0,0,0,78,2026-08-25T12:05:43
60000768,3.909,0,0,0,0,0,78,2026-08-25T12:06:43
60003584,3.909,0,0,0,0,0,78,2026-08-25T12:07:43
60001024,3.906,0,0,0,0,0,78,2026-08-25T12:08:43
60001024,3.906,0,0,0,0,0,78,2026-08-25T12:09:43
60000256,3.902,0,0,0,0,0,78,2026-08-25T12:10:43
60001024,3.906,0,0,0,0,0,78,2026-08-25T12:11:43
60001280,3.906,0,0,0,0,0,78,2026-08-25T12:12:43
60003328,3.906,0,0,0,0,0,78,2026-08-25T12:13:43
60000512,3.902,0,0,0,0,0,78,2026-08-25T12:14:43
60001536,3.906,0,0,0,0,0,78,2026-08-25T12:15:43
60000768,3.902,0,0,0,0,0,78,2026-08-25T12:16:43
60001536,3.906,0,0,0,0,0,78,2026-08-25T12:17:43
60001280,3.906,0,0,0,0,0,78,2026-08-25T12:18:43
60001280,3.909,0,0,0,0,0,78,2026-08-25T12:19:43
60000768,3.906,0,0,0,0,0,78,2026-08-25T12:20:43
60001792,3.909,0,0,0,0,0,78,2026-08-25T12:21:43
60002048,3.906,0,0,0,0,0,78,2026-08-25T12:22:43
60003072,3.902,0,0,0,0,0,78,2026-08-25T12:23:43
60001280,3.909,0,0,0,0,0,78,2026-08-25T12:24:43
60001024,3.906,0,0,0,0,0,78,2026-08-25T12:25:43
60001280,3.902,0,0,0,0,0,78,2026-08-25T12:26:43
60000768,3.909,0,0,0,0,0,78,2026-08-25T12:27:43
60003072,3.909,0,0,0,0,0,78,2026-08-25T12:28:43
60000512,3.902,0,0,0,0,0,78,2026-08-25T12:29:43
60001536,3.906,0,0,0,0,0,78,2026-08-25T12:30:43
60000768,3.906,0,0,0,0,0,78,2026-08-25T12:31:43
60001536,3.906,0,0,0,0,0,78,2026-08-25T12:32:43
60000768,3.909,0,0,0,0,0,78,2026-08-25T12:33:43
60000768,3.902,0,0,0,0,0,78,2026-08-25T12:34:43
60002048,3.902,0,0,0,0,0,78,2026-08-25T12:35:43
60001024,3.902,0,0,0,0,0,78,2026-08-25T12:36:43
60001024,3.902,0,0,0,0,0,78,2026-08-25T12:37:43
60002048,3.906,0,0,0,0,0,77,2026-08-25T12:38:43
-4234965760,3.906,0,0,0,0,0,78,2026-08-25T12:39:43
60001044,3.902,0,0,0,0,0,78,2026-08-25T12:40:43
60001920,3.902,0,0,0,0,0,78,2026-08-25T12:41:43
60001232,3.906,0,0,0,0,0,78,2026-08-25T12:42:43
60001216,3.909,0,0,0,0,0,78,2026-08-25T12:43:43
60001552,3.906,0,0,0,0,0,78,2026-08-25T12:44:43
60001600,3.906,0,0,0,0,0,78,2026-08-25T12:45:43
60000448,3.898,0,0,0,0,0,77,2026-08-25T12:46:43
60003136,3.902,0,0,0,0,0,78,2026-08-25T12:47:43
60000864,3.902,0,0,0,0,0,78,2026-08-25T12:48:43
60001152,3.906,0,0,0,0,0,78,2026-08-25T12:49:43
60001024,3.906,0,0,0,0,0,78,2026-08-25T12:50:43
60001088,3.902,0,0,0,0,0,78,2026-08-25T12:51:43
60003264,3.909,0,0,0,0,0,78,2026-08-25T12:52:43
60001536,3.898,0,0,0,0,0,78,2026-08-25T12:53:43
60001024,3.891,0,0,0,0,0,77,2026-08-25T12:54:43
60000768,3.898,0,0,0,0,0,78,2026-08-25T12:55:43
60003648,3.906,0,0,0,0,0,78,2026-08-25T12:56:43
60000960,3.902,0,0,0,0,0,77,2026-08-25T12:57:43
60001664,3.902,0,0,0,0,0,78,2026-08-25T12:58:43
60001152,3.902,0,0,0,0,0,78,2026-08-25T12:59:43
60001152,3.898,0,0,0,0,0,78,2026-08-25T13:00:43
60001408,3.902,0,0,0,0,0,77,2026-08-25T13:01:43
60001024,3.898,0,0,0,0,0,78,2026-08-25T13:02:43
60003712,3.898,0,0,0,0,0,78,2026-08-25T13:03:43
60000896,3.906,0,0,0,0,0,78,2026-08-25T13:04:43
60000640,3.902,0,0,0,0,0,78,2026-08-25T13:05:43
60003200,3.902,0,0,0,0,0,78,2026-08-25T13:06:43
60001024,3.906,0,0,0,0,0,77,2026-08-25T13:07:43
60001280,3.902,0,0,0,0,0,78,2026-08-25T13:08:43
60001408,3.902,0,0,0,0,0,78,2026-08-25T13:09:43
60003456,3.902,0,0,0,0,0,77,2026-08-25T13:10:43
60000640,3.906,0,0,0,0,0,78,2026-08-25T13:11:43
60003328,3.906,0,0,0,0,0,77,2026-08-25T13:12:43
60001536,3.898,0,0,0,0,0,77,2026-08-25T13:13:43
60000896,3.902,0,0,0,0,0,77,2026-08-25T13:14:43
60000896,3.898,0,0,0,0,0,78,2026-08-25T13:15:43
60001536,3.895,0,0,0,0,0,78,2026-08-25T13:16:43
60001536,3.902,0,0,0,0,0,77,2026-08-25T13:17:43
60002048,3.891,0,0,0,0,0,78,2026-08-25T13:18:43
60001024,3.898,0,0,0,0,0,78,2026-08-25T13:19:43
60001280,3.895,0,0,0,0,0,77,2026-08-25T13:20:43
60000768,3.898,0,0,0,0,0,77,2026-08-25T13:21:43
60001536,3.898,0,0,0,0,0,77,2026-08-25T13:22:43
60000512,3.906,0,0,0,0,0,77,2026-08-25T13:23:43
60002560,3.895,0,0,0,0,0,78,2026-08-25T13:24:43
60001536,3.898,0,0,0,0,0,78,2026-08-25T13:25:44
60001024,3.898,0,0,0,0,0,77,2026-08-25T13:26:44
60003328,3.895,0,0,0,0,0,78,2026-08-25T13:27:44
60001024,3.898,0,0,0,0,0,78,2026-08-25T13:28:44
60001536,3.898,0,0,0,0,0,77,2026-08-25T13:29:44
60003328,3.898,0,0,0,0,0,77,2026-08-25T13:30:44
60001792,3.902,0,0,0,0,0,78,2026-08-25T13:31:44
60001024,3.898,0,0,0,0,0,77,2026-08-25T13:32:44
60001280,3.895,0,0,0,0,0,78,2026-08-25T13:33:44
60001024,3.902,0,0,0,0,0,77,2026-08-25T13:34:44
60000256,3.902,0,0,0,0,0,78,2026-08-25T13:35:44
60001280,3.898,0,0,0,0,0,78,2026-08-25T13:36:44
60001280,3.895,0,0,0,0,0,77,2026-08-25T13:37:44
60003328,3.898,0,0,0,0,0,77,2026-08-25T13:38:44
60002304,3.898,0,0,0,0,0,78,2026-08-25T13:39:44
60001536,3.895,0,0,0,0,0,78,2026-08-25T13:40:44
60000768,3.891,0,0,0,0,0,77,2026-08-25T13:41:44
60001536,3.88,0,0,0,0,0,77,2026-08-25T13:42:44
60001536,3.898,0,0,0,0,0,78,2026-08-25T13:43:44
60000512,3.895,0,0,0,0,0,77,2026-08-25T13:44:44
60001024,3.902,0,0,0,0,0,77,2026-08-25T13:45:44
60001536,3.898,0,0,0,0,0,78,2026-08-25T13:46:44
60000768,3.884,0,0,0,0,0,78,2026-08-25T13:47:44
60001536,3.895,0,0,0,0,0,77,2026-08-25T13:48:44
60001024,3.895,0,0,0,0,0,78,2026-08-25T13:49:44
60000768,3.895,0,0,0,0,0,78,2026-08-25T13:50:44
-4234965504,3.898,0,0,0,0,0,77,2026-08-25T13:51:44
60001680,3.895,0,0,0,0,0,78,2026-08-25T13:52:44
60001064,3.895,0,0,0,0,0,78,2026-08-25T13:53:44
60003296,3.895,0,0,0,0,0,77,2026-08-25T13:54:44
60000912,3.898,0,0,0,0,0,78,2026-08-25T13:55:44
60001088,3.895,0,0,0,0,0,78,2026-08-25T13:56:44
60001568,3.898,0,0,0,0,0,78,2026-08-25T13:57:44
60001568,3.898,0,0,0,0,0,78,2026-08-25T13:58:44
60001248,3.895,0,0,0,0,0,77,2026-08-25T13:59:44
60001056,3.898,0,0,0,0,0,77,2026-08-25T14:00:44
60001088,3.891,0,0,0,0,0,78,2026-08-25T14:01:44
60002368,3.898,0,0,0,0,0,77,2026-08-25T14:02:44
60000576,3.891,0,0,0,0,0,78,2026-08-25T14:03:44
60001216,3.891,0,0,0,0,0,77,2026-08-25T14:04:44
60001408,3.895,0,0,0,0,0,78,2026-08-25T14:05:44
60001088,3.895,0,0,0,0,0,77,2026-08-25T14:06:44
60001728,3.895,0,0,0,0,0,78,2026-08-25T14:07:44
60001600,3.891,0,0,0,0,0,77,2026-08-25T14:08:44
60001216,3.891,0,0,0,0,0,78,2026-08-25T14:09:44
60001280,3.898,0,0,0,0,0,78,2026-08-25T14:10:44
60000768,3.891,0,0,0,0,0,77,2026-08-25T14:11:44
60001408,3.895,0,0,0,0,0,77,2026-08-25T14:12:44
60001920,3.895,0,0,0,0,0,78,2026-08-25T14:13:44
60001280,3.895,0,0,0,0,0,78,2026-08-25T14:14:44
60001408,3.891,0,0,0,0,0,77,2026-08-25T14:15:44
60001024,3.898,0,0,0,0,0,77,2026-08-25T14:16:44
60001280,3.891,0,0,0,0,0,78,2026-08-25T14:17:44
60000896,3.898,0,0,0,0,0,77,2026-08-25T14:18:44
60000896,3.898,0,0,0,0,0,77,2026-08-25T14:19:44
60003200,3.895,0,0,0,0,0,77,2026-08-25T14:20:44
60000896,3.895,0,0,0,0,0,78,2026-08-25T14:21:44
60001280,3.888,0,0,0,0,0,78,2026-08-25T14:22:44
60001152,3.891,0,0,0,0,0,78,2026-08-25T14:23:44
60001536,3.895,0,0,0,0,0,77,2026-08-25T14:24:44
60001664,3.895,0,0,0,0,0,78,2026-08-25T14:25:44
60000896,3.891,0,0,0,0,0,77,2026-08-25T14:26:44
60003584,3.891,0,0,0,0,0,77,2026-08-25T14:27:44
60000768,3.888,0,0,0,0,0,78,2026-08-25T14:28:44
60001792,3.891,0,0,0,0,0,78,2026-08-25T14:29:44
60001536,3.895,0,0,0,0,0,77,2026-08-25T14:30:44
60001280,3.891,0,0,0,0,0,78,2026-08-25T14:31:44
60001536,3.898,0,0,0,0,0,77,2026-08-25T14:32:44
60003072,3.895,0,0,0,0,0,78,2026-08-25T14:33:44
60000768,3.891,0,0,0,0,0,77,2026-08-25T14:34:44
60000768,3.891,0,0,0,0,0,77,2026-08-25T14:35:44
60001280,3.891,0,0,0,0,0,77,2026-08-25T14:36:44
60003328,3.895,0,0,0,0,0,77,2026-08-25T14:37:44
60001280,3.891,0,0,0,0,0,77,2026-08-25T14:38:44
60003584,3.888,0,0,0,0,0,77,2026-08-25T14:39:44
60002048,3.888,0,0,0,0,0,77,2026-08-25T14:40:44
60001280,3.891,0,0,0,0,0,77,2026-08-25T14:41:44
60001280,3.895,0,0,0,0,0,77,2026-08-25T14:42:44
60001280,3.895,0,0,0,0,0,77,2026-08-25T14:43:44
60001792,3.891,0,0,0,0,0,78,2026-08-25T14:44:44
60000768,3.891,0,0,0,0,0,77,2026-08-25T14:45:44
60003584,3.888,0,0,0,0,0,78,2026-08-25T14:46:44
60001280,3.888,0,0,0,0,0,77,2026-08-25T14:47:44
60002048,3.888,0,0,0,0,0,78,2026-08-25T14:48:44
60001792,3.891,0,0,0,0,0,78,2026-08-25T14:49:44
60001792,3.895,0,0,0,0,0,77,2026-08-25T14:50:44
60001792,3.888,0,0,0,0,0,77,2026-08-25T14:51:44
60001024,3.891,0,0,0,0,0,78,2026-08-25T14:52:44
60000768,3.891,0,0,0,0,0,77,2026-08-25T14:53:44
60001536,3.891,0,0,0,0,0,78,2026-08-25T14:54:44
60001792,3.891,0,0,0,0,0,78,2026-08-25T14:55:44
60001280,3.895,0,0,0,0,0,78,2026-08-25T14:56:44
60001792,3.891,0,0,0,0,0,78,2026-08-25T14:57:44
60001536,3.891,0,0,0,0,0,78,2026-08-25T14:58:44
60001792,3.888,0,0,0,0,0,78,2026-08-25T14:59:44
60001280,3.891,0,0,0,0,0,78,2026-08-25T15:00:44
60001280,3.884,0,0,0,0,0,78,2026-08-25T15:01:44
-4234965248,3.895,0,0,0,0,0,77,2026-08-25T15:02:44
60002004,3.895,0,0,0,0,0,78,2026-08-25T15:03:44
60001288,3.891,0,0,0,0,0,78,2026-08-25T15:04:44
60001920,3.888,0,0,0,0,0,78,2026-08-25T15:05:44
60001488,3.895,0,0,0,0,0,78,2026-08-25T15:06:44
60002448,3.888,0,0,0,0,0,78,2026-08-25T15:07:44
60001504,3.888,0,0,0,0,0,77,2026-08-25T15:08:44
60002496,3.888,0,0,0,0,0,78,2026-08-25T15:09:44
60002016,3.891,0,0,0,0,0,78,2026-08-25T15:10:44
60001280,3.888,0,0,0,0,0,78,2026-08-25T15:11:44
60001600,3.888,0,0,0,0,0,78,2026-08-25T15:12:44
60001600,3.884,0,0,0,0,0,78,2026-08-25T15:13:44
60001728,3.888,0,0,0,0,0,78,2026-08-25T15:14:44
60001152,3.888,0,0,0,0,0,78,2026-08-25T15:15:44
60001664,3.888,0,0,0,0,0,78,2026-08-25T15:16:44
60002112,3.891,0,0,0,0,0,78,2026-08-25T15:17:44
60002432,3.884,0,0,0,0,0,78,2026-08-25T15:18:44
60002496,3.884,0,0,0,0,0,78,2026-08-25T15:19:44
60001088,3.891,0,0,0,0,0,78,2026-08-25T15:20:44
60001152,3.884,0,0,0,0,0,78,2026-08-25T15:21:44
60001536,3.884,0,0,0,0,0,78,2026-08-25T15:22:44
60001408,3.891,0,0,0,0,0,78,2026-08-25T15:23:44
60001152,3.884,0,0,0,0,0,77,2026-08-25T15:24:44
60002176,3.891,0,0,0,0,0,78,2026-08-25T15:25:44
60002688,3.888,0,0,0,0,0,78,2026-08-25T15:26:44
60001920,3.891,0,0,0,0,0,78,2026-08-25T15:27:44
60002048,3.884,0,0,0,0,0,78,2026-08-25T15:28:44
60001920,3.884,0,0,0,0,0,78,2026-08-25T15:29:44
60001536,3.888,0,0,0,0,0,78,2026-08-25T15:30:44
60001280,3.888,0,0,0,0,0,78,2026-08-25T15:31:44
60001280,3.888,0,0,0,0,0,78,2026-08-25T15:32:44
60002560,3.884,0,0,0,0,0,78,2026-08-25T15:33:44
60001664,3.884,0,0,0,0,0,78,2026-08-25T15:34:44
60001152,3.888,0,0,0,0,0,78,2026-08-25T15:35:44
60001664,3.888,0,0,0,0,0,78,2026-08-25T15:36:45
60001664,3.884,0,0,0,0,0,78,2026-08-25T15:37:45
60001664,3.888,0,0,0,0,0,78,2026-08-25T15:38:45
60001536,3.888,0,0,0,0,0,78,2026-08-25T15:39:45
60001792,3.891,0,0,0,0,0,78,2026-08-25T15:40:45
60002816,3.884,0,0,0,0,0,78,2026-08-25T15:41:45
60002560,3.884,0,0,0,0,0,78,2026-08-25T15:42:45
60002048,3.888,0,0,0,0,0,78,2026-08-25T15:43:45
60002304,3.884,0,0,0,0,0,78,2026-08-25T15:44:45
60002048,3.88,0,0,0,0,0,78,2026-08-25T15:45:45
60001280,3.884,0,0,0,0,0,78,2026-08-25T15:46:45
60001536,3.884,0,0,0,0,0,78,2026-08-25T15:47:45
60001792,3.888,0,0,0,0,0,78,2026-08-25T15:48:45
60001536,3.888,0,0,0,0,0,78,2026-08-25T15:49:45
60001792,3.884,0,0,0,0,0,78,2026-08-25T15:50:45
60001280,3.888,0,0,0,0,0,78,2026-08-25T15:51:45
60001536,3.884,0,0,0,0,0,78,2026-08-25T15:52:45
60001536,3.88,0,0,0,0,0,78,2026-08-25T15:53:45
60001280,3.88,0,0,0,0,0,78,2026-08-25T15:54:45
60001024,3.884,0,0,0,0,0,78,2026-08-25T15:55:45
60002304,3.88,0,0,0,0,0,78,2026-08-25T15:56:45
60001536,3.884,0,0,0,0,0,78,2026-08-25T15:57:45
60001024,3.888,0,0,0,0,0,78,2026-08-25T15:58:45
60000768,3.88,0,0,0,0,0,78,2026-08-25T15:59:45
60001280,3.884,0,0,0,0,0,78,2026-08-25T16:00:45
60001536,3.88,0,0,0,0,0,78,2026-08-25T16:01:45
60001792,3.884,0,0,0,0,0,78,2026-08-25T16:02:45
60001280,3.88,0,0,0,0,0,78,2026-08-25T16:03:45
60001792,3.884,0,0,0,0,0,78,2026-08-25T16:04:45
60001024,3.884,0,0,0,0,0,78,2026-08-25T16:05:45
60001536,3.884,0,0,0,0,0,78,2026-08-25T16:06:45
60001280,3.884,0,0,0,0,0,78,2026-08-25T16:07:45
60003584,3.877,0,0,0,0,0,78,2026-08-25T16:08:45
60001280,3.88,0,0,0,0,0,78,2026-08-25T16:09:45
60001536,3.88,0,0,0,0,0,78,2026-08-25T16:10:45
60000768,3.88,0,0,0,0,0,78,2026-08-25T16:11:45
60001280,3.884,0,0,0,0,0,78,2026-08-25T16:12:45
60000512,3.877,0,0,0,0,0,78,2026-08-25T16:13:45
-4234964224,3.88,0,0,0,0,0,78,2026-08-25T16:14:45
60003288,3.88,0,0,0,0,0,78,2026-08-25T16:15:45
60001120,3.888,0,0,0,0,0,78,2026-08-25T16:16:45
60001056,3.888,0,0,0,0,0,78,2026-08-25T16:17:45
60002864,3.884,0,0,0,0,0,78,2026-08-25T16:18:45
60000992,3.88,0,0,0,0,0,78,2026-08-25T16:19:45
60000672,3.88,0,0,0,0,0,78,2026-08-25T16:20:45
60003616,3.88,0,0,0,0,0,78,2026-08-25T16:21:45
60001472,3.884,0,0,0,0,0,78,2026-08-25T16:22:45
60000896,3.884,0,0,0,0,0,78,2026-08-25T16:23:45
60001216,3.884,0,0,0,0,0,78,2026-08-25T16:24:45
60003072,3.88,0,0,0,0,0,78,2026-08-25T16:25:45
60001152,3.884,0,0,0,0,0,78,2026-08-25T16:26:45
60000832,3.88,0,0,0,0,0,78,2026-08-25T16:27:45
60000704,3.888,0,0,0,0,0,78,2026-08-25T16:28:45
60002944,3.88,0,0,0,0,0,78,2026-08-25T16:29:45
60003328,3.877,0,0,0,0,0,78,2026-08-25T16:30:45
60003392,3.884,0,0,0,0,0,78,2026-08-25T16:31:45
60000768,3.884,0,0,0,0,0,78,2026-08-25T16:32:45
60002048,3.88,0,0,0,0,0,78,2026-08-25T16:33:45
60001024,3.88,0,0,0,0,0,78,2026-08-25T16:34:45
60001280,3.88,0,0,0,0,0,78,2026-08-25T16:35:45
60001024,3.877,0,0,0,0,0,78,2026-08-25T16:36:45
60000896,3.87,0,0,0,0,0,78,2026-08-25T16:37:45
60000640,3.884,0,0,0,0,0,78,2026-08-25T16:38:45
60001536,3.877,0,0,0,0,0,78,2026-08-25T16:39:45
60000896,3.88,0,0,0,0,0,78,2026-08-25T16:40:45
60000768,3.88,0,0,0,0,0,78,2026-08-25T16:41:45
60001408,3.877,0,0,0,0,0,78,2026-08-25T16:42:45
60001536,3.88,0,0,0,0,0,78,2026-08-25T16:43:45
60001152,3.88,0,0,0,0,0,78,2026-08-25T16:44:45
60001664,3.884,0,0,0,0,0,78,2026-08-25T16:45:45
60001792,3.877,0,0,0,0,0,78,2026-08-25T16:46:45
60001536,3.88,0,0,0,0,0,78,2026-08-25T16:47:45
60000896,3.873,0,0,0,0,0,78,2026-08-25T16:48:45
60001920,3.88,0,0,0,0,0,78,2026-08-25T16:49:45
60003328,3.88,0,0,0,0,0,78,2026-08-25T16:50:45
60001536,3.88,0,0,0,0,0,78,2026-08-25T16:51:45
60001280,3.884,0,0,0,0,0,78,2026-08-25T16:52:45
60001280,3.88,0,0,0,0,0,78,2026-08-25T16:53:45
60001024,3.877,0,0,0,0,0,78,2026-08-25T16:54:45
60000768,3.877,0,0,0,0,0,78,2026-08-25T16:55:45
60001024,3.884,0,0,0,0,0,78,2026-08-25T16:56:45
60001280,3.88,0,0,0,0,0,78,2026-08-25T16:57:45
60000256,3.877,0,0,0,0,0,78,2026-08-25T16:58:45
60001536,3.88,0,0,0,0,0,78,2026-08-25T16:59:45
60001024,3.877,0,0,0,0,0,78,2026-08-25T17:00:45
60001792,3.873,0,0,0,0,0,78,2026-08-25T17:01:45
60001536,3.88,0,0,0,0,0,78,2026-08-25T17:02:45
60001792,3.873,0,0,0,0,0,78,2026-08-25T17:03:45
60000768,3.87,0,0,0,0,0,78,2026-08-25T17:04:45
60001536,3.88,0,0,0,0,0,78,2026-08-25T17:05:45
60001280,3.877,0,0,0,0,0,78,2026-08-25T17:06:45
60001536,3.884,0,0,0,0,0,78,2026-08-25T17:07:45
60003584,3.877,0,0,0,0,0,78,2026-08-25T17:08:45
60000768,3.873,0,0,0,0,0,78,2026-08-25T17:09:45
60001024,3.87,0,0,0,0,0,78,2026-08-25T17:10:45
60003072,3.873,0,0,0,0,0,78,2026-08-25T17:11:45
60001792,3.88,0,0,0,0,0,78,2026-08-25T17:12:45
60001024,3.877,0,0,0,0,0,78,2026-08-25T17:13:45
60003328,3.877,0,0,0,0,0,78,2026-08-25T17:14:45
60001280,3.873,0,0,0,0,0,78,2026-08-25T17:15:45
60000768,3.877,0,0,0,0,0,78,2026-08-25T17:16:45
60001024,3.873,0,0,0,0,0,78,2026-08-25T17:17:45
60000512,3.877,0,0,0,0,0,78,2026-08-25T17:18:45
60003072,3.88,0,0,0,0,0,78,2026-08-25T17:19:45
60001536,3.873,0,0,0,0,0,78,2026-08-25T17:20:45
60001280,3.873,0,0,0,0,0,78,2026-08-25T17:21:45
60001024,3.87,0,0,0,0,0,78,2026-08-25T17:22:45
60001280,3.88,0,0,0,0,0,78,2026-08-25T17:23:45
60001024,3.88,0,0,0,0,0,78,2026-08-25T17:24:45
60000512,3.87,0,0,0,0,0,78,2026-08-25T17:25:45
-4234963456,3.873,0,0,0,0,0,78,2026-08-25T17:26:45
60000828,3.877,0,0,0,0,0,78,2026-08-25T17:27:45
60001432,3.877,0,0,0,0,0,78,2026-08-25T17:28:45
60003328,3.88,0,0,0,0,0,78,2026-08-25T17:29:45
60001760,3.88,0,0,0,0,0,78,2026-08-25T17:30:45
60001024,3.873,0,0,0,0,0,78,2026-08-25T17:31:45
60001024,3.873,0,0,0,0,0,78,2026-08-25T17:32:45
60003488,3.873,0,0,0,0,0,78,2026-08-25T17:33:45
60000928,3.877,0,0,0,0,0,78,2026-08-25T17:34:45
60001024,3.877,0,0,0,0,0,78,2026-08-25T17:35:45
60001472,3.877,0,0,0,0,0,78,2026-08-25T17:36:45
60001216,3.873,0,0,0,0,0,78,2026-08-25T17:37:45
60001152,3.877,0,0,0,0,0,78,2026-08-25T17:38:45
60000832,3.873,0,0,0,0,0,78,2026-08-25T17:39:45
60000960,3.877,0,0,0,0,0,78,2026-08-25T17:40:45
60001408,3.873,0,0,0,0,0,78,2026-08-25T17:41:45
60000896,3.873,0,0,0,0,0,78,2026-08-25T17:42:45
60001472,3.873,0,0,0,0,0,78,2026-08-25T17:43:45
60001152,3.873,0,0,0,0,0,78,2026-08-25T17:44:45
60001024,3.88,0,0,0,0,0,78,2026-08-25T17:45:45
60001408,3.877,0,0,0,0,0,78,2026-08-25T17:46:45
60000640,3.873,0,0,0,0,0,78,2026-08-25T17:47:45
60003200,3.873,0,0,0,0,0,78,2026-08-25T17:48:46
60001408,3.873,0,0,0,0,0,78,2026-08-25T17:49:46
60001280,3.873,0,0,0,0,0,78,2026-08-25T17:50:46
60001152,3.873,0,0,0,0,0,78,2026-08-25T17:51:46
60001280,3.877,0,0,0,0,0,78,2026-08-25T17:52:46
60001408,3.873,0,0,0,0,0,78,2026-08-25T17:53:46
60001024,3.873,0,0,0,0,0,78,2026-08-25T17:54:46
60001408,3.873,0,0,0,0,0,78,2026-08-25T17:55:46
60001792,3.873,0,0,0,0,0,78,2026-08-25T17:56:46
60004992,3.877,0,0,0,0,0,78,2026-08-25T17:57:46
60003072,3.855,0,0,0,0,0,78,2026-08-25T17:58:46
60005376,3.863,0,0,0,0,0,78,2026-08-25T17:59:46
60006016,3.863,0,0,0,0,0,77,2026-08-25T18:00:46
60009344,3.863,0,0,0,0,0,77,2026-08-25T18:01:46
60007168,3.866,0,0,0,0,0,77,2026-08-25T18:02:46
60007168,3.866,0,0,0,0,0,77,2026-08-25T18:03:46
60006400,3.866,0,0,0,0,0,76,2026-08-25T18:04:46
60007424,3.848,0,0,0,0,0,76,2026-08-25T18:05:46
60004352,3.859,0,0,0,0,0,76,2026-08-25T18:06:46
60007168,3.852,0,0,0,0,0,77,2026-08-25T18:07:46
60008192,3.855,0,0,0,0,0,77,2026-08-25T18:08:46
60008704,3.848,0,0,0,0,0,77,2026-08-25T18:09:46
60008192,3.852,0,0,0,0,0,77,2026-08-25T18:10:46
60008192,3.852,0,0,0,0,0,78,2026-08-25T18:11:46
60008192,3.848,0,0,0,0,0,77,2026-08-25T18:12:46
60008192,3.852,0,0,0,0,0,77,2026-08-25T18:13:46
60006400,3.852,0,0,0,0,0,77,2026-08-25T18:14:46
60009472,3.848,0,0,0,0,0,77,2026-08-25T18:15:46
60009216,3.845,0,0,0,0,0,78,2026-08-25T18:16:46
60009984,3.845,0,0,0,0,0,78,2026-08-25T18:17:46
60010752,3.852,0,0,0,0,0,78,2026-08-25T18:18:46
60011264,3.855,0,0,0,0,0,78,2026-08-25T18:19:46
60009216,3.852,0,0,0,0,0,78,2026-08-25T18:20:46
60010752,3.855,0,0,0,0,0,77,2026-08-25T18:21:46
60011776,3.852,0,0,0,0,0,77,2026-08-25T18:22:46
60015872,3.859,0,0,0,0,0,77,2026-08-25T18:23:46
60018432,3.866,0,0,0,0,0,78,2026-08-25T18:24:46
60020224,3.863,0,0,0,0,0,78,2026-08-25T18:25:46
60022016,3.863,0,0,0,0,0,77,2026-08-25T18:26:46
60025344,3.859,0,0,0,0,0,78,2026-08-25T18:27:46
60027648,3.852,0,0,0,0,0,78,2026-08-25T18:28:46
60026368,3.852,0,0,0,0,0,77,2026-08-25T18:29:46
60028416,3.859,0,0,0,0,0,78,2026-08-25T18:30:46
60028160,3.855,0,0,0,0,0,77,2026-08-25T18:31:46
60031744,3.848,0,0,0,0,0,76,2026-08-25T18:32:46
60028928,3.855,0,0,0,0,0,76,2026-08-25T18:33:46
60056320,3.855,0,0,0,0,0,76,2026-08-25T18:34:46
