Timestamp(ms),Current(uA),D0-D7
49983,890.414,10000000
49984,888.328,10000000
49985,889.849,10000000
49986,888.073,10000000
49987,888.849,10000000
49988,887.478,10000000
49989,887.635,10000000
49990,887.601,10000000
49991,888.042,10000000
49992,887.531,10000000
49993,886.907,10000000
49994,889.130,10000000
49995,890.334,10000000
49996,890.574,10000000
49997,891.196,10000000
49998,890.732,10000000
49999,890.032,10000000
50000,890.547,10000000
50001,890.934,10000000
50002,889.811,10000000
50003,888.704,10000000
50004,888.530,10000000
50005,889.412,10000000
50006,890.627,10000000
50007,891.878,10000000
50008,890.359,10000000
50009,889.907,10000000
50010,889.177,10000000
50011,889.663,10000000
50012,889.290,10000000
50013,888.882,10000000
50014,888.353,10000000
50015,887.974,10000000
50016,887.884,10000000
50017,887.832,10000000
50018,889.023,10000000
50019,890.828,10000000
50020,889.229,10000000
50021,872.619,10000000
50022,872.778,10000000
50023,885.121,10000000
50024,887.544,10000000
50025,881.951,10000000
50026,888.389,10000000
50027,889.883,10000000
50028,890.479,10000000
50029,890.146,10000000
50030,890.522,10000000
50031,890.655,10000000
50032,890.262,10000000
50033,889.687,10000000
50034,889.863,10000000
50035,889.516,10000000
50036,889.651,10000000
50037,889.271,10000000
50038,889.699,10000000
50039,890.123,10000000
50040,889.614,10000000
50041,889.951,10000000
50042,890.204,10000000
50043,891.780,10000000
50044,893.563,10000000
50045,891.714,10000000
50046,890.719,10000000
50047,891.564,10000000
50048,890.795,10000000
50049,891.241,10000000
50050,890.478,10000000
50051,890.189,10000000
50052,890.771,10000000
50053,891.542,10000000
50054,890.619,10000000
50055,890.038,10000000
50056,890.955,10000000
50057,890.550,10000000
50058,890.953,10000000
50059,890.762,10000000
50060,890.963,10000000
50061,889.786,10000000
50062,890.194,10000000
50063,889.167,10000000
50064,888.436,10000000
50065,888.102,10000000
50066,888.503,10000000
50067,888.653,10000000
50068,891.031,10000000
50069,891.221,10000000
50070,890.837,10000000
50071,891.259,10000000
50072,891.448,10000000
50073,890.486,10000000
50074,887.748,10000000
50075,871.821,10000000
50076,873.439,10000000
50077,884.373,10000000
50078,886.747,10000000
50079,891.972,10000000
50080,894.267,10000000
50081,893.921,10000000
50082,893.975,10000000
50083,893.913,10000000
50084,892.487,10000000
50085,892.260,10000000
50086,893.194,10000000
50087,893.012,10000000
50088,892.452,10000000
50089,893.651,10000000
50090,893.311,10000000
50091,892.926,10000000
50092,892.318,10000000
50093,893.661,10000000
50094,893.875,10000000
50095,893.304,10000000
50096,893.861,10000000
50097,892.645,10000000
50098,892.947,10000000
50099,892.922,10000000
50100,892.456,10000000
50101,892.719,10000000
50102,892.444,10000000
50103,892.724,10000000
50104,892.947,10000000
50105,893.169,10000000
50106,893.909,10000000
50107,894.287,10000000
50108,895.181,10000000
50109,892.978,10000000
50110,892.957,10000000
50111,892.197,10000000
50112,892.955,10000000
50113,892.602,10000000
50114,891.849,10000000
50115,892.871,10000000
50116,893.381,10000000
50117,893.070,10000000
50118,892.588,10000000
50119,893.397,10000000
50120,892.805,10000000
50121,891.650,10000000
50122,892.170,10000000
50123,893.293,10000000
50124,894.593,10000000
50125,892.604,10000000
50126,893.622,10000000
50127,892.615,10000000
50128,887.963,10000000
50129,872.955,10000000
50130,876.513,10000000
50131,886.618,10000000
50132,889.678,10000000
50133,891.435,10000000
50134,892.897,10000000
50135,892.137,10000000
50136,892.016,10000000
50137,892.736,10000000
50138,892.074,10000000
50139,893.055,10000000
50140,893.659,10000000
50141,892.705,10000000
50142,893.122,10000000
50143,892.661,10000000
50144,892.851,10000000
50145,892.184,10000000
50146,891.943,10000000
50147,892.323,10000000
50148,892.729,10000000
50149,893.876,10000000
50150,893.518,10000000
50151,894.114,10000000
50152,892.792,10000000
50153,892.662,10000000
50154,893.279,10000000
50155,893.396,10000000
50156,893.717,10000000
50157,891.871,10000000
50158,891.285,10000000
50159,892.308,10000000
50160,893.782,10000000
50161,893.241,10000000
50162,892.856,10000000
50163,892.432,10000000
50164,892.390,10000000
50165,893.998,10000000
50166,893.279,10000000
50167,892.079,10000000
50168,892.880,10000000
50169,893.707,10000000
50170,892.530,10000000
50171,892.558,10000000
50172,891.033,10000000
50173,890.862,10000000
50174,892.602,10000000
50175,891.899,10000000
50176,891.911,10000000
50177,891.752,10000000
50178,892.945,10000000
50179,892.670,10000000
50180,893.055,10000000
50181,893.391,10000000
50182,886.216,10000000
50183,874.637,10000000
50184,879.538,10000000
50185,889.704,10000000
50186,891.633,10000000
50187,893.196,10000000
50188,894.088,10000000
50189,893.189,10000000
50190,894.078,10000000
50191,894.027,10000000
50192,893.734,10000000
50193,893.708,10000000
50194,893.248,10000000
50195,894.368,10000000
50196,892.807,10000000
50197,891.744,10000000
50198,893.680,10000000
50199,893.387,10000000
50200,894.555,10000000
50201,894.588,10000000
50202,892.295,10000000
50203,893.587,10000000
50204,894.253,10000000
50205,893.459,10000000
50206,893.683,10000000
50207,893.653,10000000
50208,891.227,10000000
50209,891.250,10000000
50210,892.563,10000000
50211,890.910,10000000
50212,891.841,10000000
50213,891.865,10000000
50214,891.335,10000000
50215,891.234,10000000
50216,891.640,10000000
50217,891.447,10000000
50218,891.958,10000000
50219,891.514,10000000
50220,890.895,10000000
50221,890.949,10000000
50222,890.636,10000000
50223,891.235,10000000
50224,891.514,10000000
50225,892.096,10000000
50226,892.336,10000000
50227,891.514,10000000
50228,892.092,10000000
50229,890.795,10000000
50230,891.638,10000000
50231,891.471,10000000
50232,891.639,10000000
50233,891.792,10000000
50234,891.213,10000000
50235,891.110,10000000
50236,884.072,10000000
50237,871.727,10000000
50238,878.818,10000000
50239,887.782,10000000
50240,889.319,10000000
50241,891.435,10000000
50242,891.724,10000000
50243,892.765,10000000
50244,892.303,10000000
50245,892.201,10000000
50246,891.907,10000000
50247,891.800,10000000
50248,893.076,10000000
50249,893.677,10000000
50250,892.663,10000000
50251,894.081,10000000
50252,894.140,10000000
50253,893.257,10000000
50254,893.684,10000000
50255,893.831,10000000
50256,893.526,10000000
50257,892.208,10000000
50258,893.994,10000000
50259,894.055,10000000
50260,891.856,10000000
50261,891.677,10000000
50262,891.389,10000000
50263,891.119,10000000
50264,890.009,10000000
50265,890.237,10000000
50266,890.942,10000000
50267,891.868,10000000
50268,891.282,10000000
50269,890.448,10000000
50270,889.660,10000000
50271,891.897,10000000
50272,891.959,10000000
50273,891.689,10000000
50274,891.918,10000000
50275,892.157,10000000
50276,892.377,10000000
50277,892.293,10000000
50278,891.456,10000000
50279,890.516,10000000
50280,891.119,10000000
50281,892.093,10000000
50282,891.267,10000000
50283,891.987,10000000
50284,890.713,10000000
50285,891.084,10000000
50286,890.441,10000000
50287,892.105,10000000
50288,890.719,10000000
50289,890.846,10000000
50290,882.054,10000000
50291,870.462,10000000
50292,878.847,10000000
50293,886.474,10000000
50294,880.512,10000000
50295,886.352,10000000
50296,890.179,10000000
50297,891.961,10000000
50298,892.699,10000000
50299,892.267,10000000
50300,891.617,10000000
50301,891.296,10000000
50302,891.389,10000000
50303,891.762,10000000
50304,891.995,10000000
50305,891.656,10000000
50306,891.925,10000000
50307,891.489,10000000
50308,892.062,10000000
50309,892.014,10000000
50310,892.915,10000000
50311,892.458,10000000
50312,892.554,10000000
50313,892.908,10000000
50314,892.166,10000000
50315,891.317,10000000
50316,892.513,10000000
50317,892.072,10000000
50318,892.275,10000000
50319,891.124,10000000
50320,891.265,10000000
50321,891.901,10000000
50322,892.062,10000000
50323,892.036,10000000
50324,891.999,10000000
50325,891.333,10000000
50326,891.876,10000000
50327,891.986,10000000
50328,893.229,10000000
50329,892.807,10000000
50330,892.957,10000000
50331,892.869,10000000
50332,892.636,10000000
50333,892.403,10000000
50334,891.836,10000000
50335,893.184,10000000
50336,891.900,10000000
50337,892.442,10000000
50338,893.440,10000000
50339,893.963,10000000
50340,892.298,10000000
50341,891.771,10000000
50342,890.998,10000000
50343,890.218,10000000
50344,880.477,10000000
50345,869.378,10000000
50346,878.967,10000000
50347,887.474,10000000
50348,887.912,10000000
50349,889.966,10000000
50350,890.019,10000000
50351,888.680,10000000
50352,889.911,10000000
50353,890.556,10000000
50354,891.924,10000000
50355,891.679,10000000
50356,891.541,10000000
50357,891.491,10000000
50358,890.744,10000000
50359,891.203,10000000
50360,891.348,10000000
50361,890.353,10000000
50362,891.470,10000000
50363,890.404,10000000
50364,890.228,10000000
50365,890.104,10000000
50366,889.645,10000000
50367,889.956,10000000
50368,890.748,10000000
50369,891.107,10000000
50370,891.419,10000000
50371,890.729,10000000
50372,890.673,10000000
50373,890.148,10000000
50374,889.329,10000000
50375,889.740,10000000
50376,890.170,10000000
50377,891.392,10000000
50378,890.960,10000000
50379,891.437,10000000
50380,892.670,10000000
50381,891.067,10000000
50382,891.636,10000000
50383,890.234,10000000
50384,891.141,10000000
50385,892.305,10000000
50386,891.964,10000000
50387,891.351,10000000
50388,891.620,10000000
50389,892.173,10000000
50390,892.093,10000000
50391,892.073,10000000
50392,892.104,10000000
50393,893.057,10000000
50394,892.630,10000000
50395,892.422,10000000
50396,891.908,10000000
50397,890.752,10000000
50398,879.395,10000000
50399,868.914,10000000
50400,880.168,10000000
50401,887.839,10000000
50402,890.970,10000000
50403,891.565,10000000
50404,892.677,10000000
50405,893.564,10000000
50406,894.625,10000000
50407,892.625,10000000
50408,892.506,10000000
50409,891.490,10000000
50410,891.044,10000000
50411,890.934,10000000
50412,891.091,10000000
50413,891.415,10000000
50414,892.254,10000000
50415,892.298,10000000
50416,892.469,10000000
50417,892.621,10000000
50418,892.493,10000000
50419,893.360,10000000
50420,893.340,10000000
50421,893.417,10000000
50422,892.706,10000000
50423,892.844,10000000
50424,892.648,10000000
50425,892.212,10000000
50426,890.901,10000000
50427,889.287,10000000
50428,889.825,10000000
50429,890.753,10000000
50430,891.832,10000000
50431,892.124,10000000
50432,891.739,10000000
50433,890.535,10000000
50434,890.466,10000000
50435,890.995,10000000
50436,892.572,10000000
50437,892.693,10000000
50438,892.964,10000000
50439,893.751,10000000
50440,894.490,10000000
50441,895.670,10000000
50442,895.137,10000000
50443,894.613,10000000
50444,893.953,10000000
50445,894.214,10000000
50446,893.564,10000000
50447,893.512,10000000
50448,894.325,10000000
50449,892.162,10000000
50450,894.031,10000000
50451,893.947,10000000
50452,880.620,10000000
50453,870.357,10000000
50454,883.039,10000000
50455,890.281,10000000
50456,890.708,10000000
50457,891.774,10000000
50458,891.733,10000000
50459,892.072,10000000
50460,892.172,10000000
50461,893.432,10000000
50462,892.796,10000000
50463,892.062,10000000
50464,891.835,10000000
50465,892.009,10000000
50466,891.597,10000000
50467,892.853,10000000
50468,891.884,10000000
50469,892.743,10000000
50470,892.750,10000000
50471,893.369,10000000
50472,892.827,10000000
50473,891.855,10000000
50474,891.379,10000000
50475,890.803,10000000
50476,890.757,10000000
50477,891.766,10000000
50478,891.800,10000000
50479,890.799,10000000
50480,889.881,10000000
50481,890.164,10000000
50482,890.755,10000000
50483,891.618,10000000
50484,890.784,10000000
50485,890.424,10000000
50486,890.357,10000000
50487,890.529,10000000
50488,890.504,10000000
50489,890.731,10000000
50490,890.686,10000000
50491,890.643,10000000
50492,889.578,10000000
50493,890.414,10000000
50494,889.908,10000000
50495,890.999,10000000
50496,891.580,10000000
50497,890.494,10000000
50498,892.794,10000000
50499,891.049,10000000
50500,890.073,10000000
50501,890.515,10000000
50502,889.889,10000000
50503,892.126,10000000
50504,891.005,10000000
50505,890.026,10000000
50506,875.749,10000000
50507,868.098,10000000
50508,880.839,10000000
50509,888.299,10000000
50510,889.020,10000000
50511,888.849,10000000
50512,889.989,10000000
50513,890.796,10000000
50514,891.009,10000000
50515,890.488,10000000
50516,891.121,10000000
50517,890.730,10000000
50518,889.744,10000000
50519,889.749,10000000
50520,888.658,10000000
50521,889.407,10000000
50522,891.225,10000000
50523,890.480,10000000
50524,889.984,10000000
50525,890.100,10000000
50526,890.145,10000000
50527,890.252,10000000
50528,890.422,10000000
50529,889.430,10000000
50530,890.799,10000000
50531,890.167,10000000
50532,890.575,10000000
50533,891.472,10000000
50534,890.457,10000000
50535,889.533,10000000
50536,889.761,10000000
50537,888.059,10000000
50538,887.395,10000000
50539,888.428,10000000
50540,887.846,10000000
50541,886.496,10000000
50542,887.756,10000000
50543,888.103,10000000
50544,888.742,10000000
50545,888.156,10000000
50546,889.128,10000000
50547,889.738,10000000
50548,888.921,10000000
50549,889.406,10000000
50550,889.118,10000000
50551,889.783,10000000
50552,888.688,10000000
50553,889.577,10000000
50554,889.665,10000000
50555,889.463,10000000
50556,889.536,10000000
50557,890.512,10000000
50558,889.808,10000000
50559,889.090,10000000
50560,874.899,10000000
50561,866.563,10000000
50562,880.648,10000000
50563,888.257,10000000
50564,878.663,10000000
50565,886.933,10000000
50566,888.491,10000000
50567,888.896,10000000
50568,889.672,10000000
50569,889.820,10000000
50570,889.468,10000000
50571,890.986,10000000
50572,890.286,10000000
50573,890.323,10000000
50574,889.968,10000000
50575,889.727,10000000
50576,889.513,10000000
50577,890.692,10000000
50578,890.285,10000000
50579,890.337,10000000
50580,890.100,10000000
50581,890.157,10000000
50582,890.271,10000000
50583,890.053,10000000
50584,891.062,10000000
50585,891.134,10000000
50586,889.690,10000000
50587,888.884,10000000
50588,890.275,10000000
50589,889.671,10000000
50590,890.071,10000000
50591,890.392,10000000
50592,890.044,10000000
50593,889.816,10000000
50594,889.617,10000000
50595,889.818,10000000
50596,890.195,10000000
50597,888.872,10000000
50598,888.552,10000000
50599,889.518,10000000
50600,891.319,10000000
50601,890.373,10000000
50602,889.073,10000000
50603,889.451,10000000
50604,889.708,10000000
50605,889.056,10000000
50606,889.653,10000000
50607,889.445,10000000
50608,889.817,10000000
50609,890.619,10000000
50610,890.750,10000000
50611,890.455,10000000
50612,890.871,10000000
50613,889.986,10000000
50614,874.136,10000000
50615,866.585,10000000
50616,883.159,10000000
50617,887.419,10000000
50618,887.997,10000000
50619,890.639,10000000
50620,889.878,10000000
50621,890.179,10000000
50622,889.637,10000000
50623,889.664,10000000
50624,890.498,10000000
50625,890.536,10000000
50626,890.613,10000000
50627,891.123,10000000
50628,891.062,10000000
50629,890.752,10000000
50630,890.596,10000000
50631,891.570,10000000
50632,890.177,10000000
50633,891.134,10000000
50634,890.778,10000000
50635,890.840,10000000
50636,891.630,10000000
50637,891.058,10000000
50638,890.356,10000000
50639,888.919,10000000
50640,890.485,10000000
50641,889.528,10000000
50642,890.197,10000000
50643,890.926,10000000
50644,890.811,10000000
50645,890.323,10000000
50646,890.536,10000000
50647,890.587,10000000
50648,890.482,10000000
50649,889.071,10000000
50650,889.375,10000000
50651,890.113,10000000
50652,890.203,10000000
50653,889.567,10000000
50654,889.229,10000000
50655,889.705,10000000
50656,889.602,10000000
50657,890.500,10000000
50658,890.260,10000000
50659,888.193,10000000
50660,890.057,10000000
50661,891.021,10000000
50662,889.482,10000000
50663,888.972,10000000
50664,888.892,10000000
50665,889.683,10000000
50666,888.990,10000000
50667,890.046,10000000
50668,872.967,10000000
50669,866.949,10000000
50670,882.149,10000000
50671,886.914,10000000
50672,887.100,10000000
50673,889.643,10000000
50674,889.787,10000000
50675,890.927,10000000
50676,892.064,10000000
50677,892.220,10000000
50678,890.805,10000000
50679,890.948,10000000
50680,891.466,10000000
50681,891.300,10000000
50682,890.237,10000000
50683,890.101,10000000
50684,890.232,10000000
50685,890.524,10000000
50686,891.262,10000000
50687,891.312,10000000
50688,891.594,10000000
50689,890.544,10000000
50690,891.028,10000000
50691,890.206,10000000
50692,890.117,10000000
50693,890.944,10000000
50694,890.009,10000000
50695,889.747,10000000
50696,889.416,10000000
50697,890.120,10000000
50698,890.379,10000000
50699,891.710,10000000
50700,890.603,10000000
50701,890.432,10000000
50702,891.000,10000000
50703,890.563,10000000
50704,890.974,10000000
50705,891.339,10000000
50706,890.725,10000000
50707,890.905,10000000
50708,890.774,10000000
50709,889.716,10000000
50710,889.535,10000000
50711,890.521,10000000
50712,892.063,10000000
50713,891.364,10000000
50714,889.713,10000000
50715,889.516,10000000
50716,889.137,10000000
50717,890.705,10000000
50718,890.621,10000000
50719,889.433,10000000
50720,889.232,10000000
50721,889.677,10000000
50722,872.287,10000000
50723,869.804,10000000
50724,884.003,10000000
50725,886.391,10000000
50726,887.458,10000000
50727,889.673,10000000
50728,889.960,10000000
50729,889.997,10000000
50730,888.849,10000000
50731,889.447,10000000
50732,888.085,10000000
50733,887.691,10000000
50734,887.928,10000000
50735,888.745,10000000
50736,889.316,10000000
50737,889.317,10000000
50738,889.470,10000000
50739,888.616,10000000
50740,888.727,10000000
50741,888.978,10000000
50742,888.694,10000000
50743,889.951,10000000
50744,888.214,10000000
50745,887.979,10000000
50746,889.292,10000000
50747,888.839,10000000
50748,889.976,10000000
50749,891.152,10000000
50750,892.555,10000000
50751,893.012,10000000
50752,891.945,10000000
50753,890.431,10000000
50754,890.700,10000000
50755,889.739,10000000
50756,890.333,10000000
50757,888.824,10000000
50758,889.042,10000000
50759,890.250,10000000
50760,890.325,10000000
50761,889.667,10000000
50762,890.307,10000000
50763,889.458,10000000
50764,890.025,10000000
50765,889.270,10000000
50766,887.961,10000000
50767,889.709,10000000
50768,889.198,10000000
50769,890.267,10000000
50770,890.119,10000000
50771,889.401,10000000
50772,889.653,10000000
50773,890.672,10000000
50774,892.067,10000000
50775,890.536,10000000
50776,871.620,10000000
50777,871.063,10000000
50778,884.102,10000000
50779,887.286,10000000
50780,888.361,10000000
50781,889.063,10000000
50782,891.397,10000000
50783,890.259,10000000
50784,891.213,10000000
50785,891.039,10000000
50786,890.622,10000000
50787,890.238,10000000
50788,890.208,10000000
50789,890.505,10000000
50790,891.026,10000000
50791,891.434,10000000
50792,890.470,10000000
50793,890.005,10000000
50794,890.770,10000000
50795,890.812,10000000
50796,891.022,10000000
50797,890.864,10000000
50798,889.685,10000000
50799,889.879,10000000
50800,890.554,10000000
50801,890.750,10000000
50802,888.913,10000000
50803,888.905,10000000
50804,889.751,10000000
50805,888.978,10000000
50806,889.521,10000000
50807,889.999,10000000
50808,888.625,10000000
50809,889.357,10000000
50810,889.324,10000000
50811,889.225,10000000
50812,890.399,10000000
50813,890.527,10000000
50814,890.408,10000000
50815,889.927,10000000
50816,890.732,10000000
50817,889.344,10000000
50818,890.587,10000000
50819,890.991,10000000
50820,891.443,10000000
50821,890.748,10000000
50822,890.479,10000000
50823,890.378,10000000
50824,891.122,10000000
50825,889.896,10000000
50826,888.560,10000000
50827,888.670,10000000
50828,888.150,10000000
50829,887.526,10000000
50830,870.691,10000000
50831,873.299,10000000
50832,884.291,10000000
50833,885.731,10000000
50834,882.194,10000000
50835,888.382,10000000
50836,890.534,10000000
50837,889.802,10000000
50838,890.090,10000000
50839,889.950,10000000
50840,889.449,10000000
50841,890.339,10000000
50842,891.423,10000000
50843,891.874,10000000
50844,891.609,10000000
50845,890.668,10000000
50846,890.571,10000000
50847,891.257,10000000
50848,890.151,10000000
50849,890.284,10000000
50850,890.150,10000000
50851,891.082,10000000
50852,891.112,10000000
50853,890.585,10000000
50854,891.318,10000000
50855,891.734,10000000
50856,892.532,10000000
50857,891.148,10000000
50858,890.803,10000000
50859,891.471,10000000
50860,890.890,10000000
50861,890.109,10000000
50862,891.647,10000000
50863,890.882,10000000
50864,890.709,10000000
50865,891.249,10000000
50866,891.017,10000000
50867,890.982,10000000
50868,889.723,10000000
50869,889.586,10000000
50870,889.211,10000000
50871,890.355,10000000
50872,889.835,10000000
50873,888.821,10000000
50874,889.638,10000000
50875,889.625,10000000
50876,890.259,10000000
50877,890.386,10000000
50878,890.080,10000000
50879,889.114,10000000
50880,888.821,10000000
50881,890.187,10000000
50882,889.539,10000000
50883,885.173,10000000
50884,870.257,10000000
50885,874.362,10000000
50886,885.209,10000000
50887,888.027,10000000
50888,889.416,10000000
50889,889.380,10000000
50890,889.530,10000000
50891,889.598,10000000
50892,890.604,10000000
50893,889.725,10000000
50894,889.693,10000000
50895,889.795,10000000
50896,889.380,10000000
50897,889.773,10000000
50898,890.874,10000000
50899,889.347,10000000
50900,889.328,10000000
50901,890.176,10000000
50902,890.300,10000000
50903,889.245,10000000
50904,889.273,10000000
50905,890.237,10000000
50906,890.135,10000000
50907,891.324,10000000
50908,890.596,10000000
50909,890.385,10000000
50910,890.046,10000000
50911,890.531,10000000
50912,890.903,10000000
50913,891.145,10000000
50914,891.925,10000000
50915,892.754,10000000
50916,892.105,10000000
50917,891.551,10000000
50918,890.730,10000000
50919,890.406,10000000
50920,890.086,10000000
50921,890.023,10000000
50922,890.248,10000000
50923,890.591,10000000
50924,891.059,10000000
50925,891.225,10000000
50926,890.193,10000000
50927,891.424,10000000
50928,891.718,10000000
50929,890.669,10000000
50930,890.032,10000000
50931,890.195,10000000
50932,890.135,10000000
50933,889.239,10000000
50934,890.173,10000000
50935,889.752,10000000
50936,890.102,10000000
50937,884.609,10000000
50938,871.535,10000000
50939,876.976,10000000
50940,887.374,10000000
50941,889.201,10000000
50942,890.229,10000000
50943,889.916,10000000
50944,889.394,10000000
50945,888.793,10000000
50946,887.493,10000000
50947,887.984,10000000
50948,886.439,10000000
50949,886.690,10000000
50950,887.464,10000000
50951,887.970,10000000
50952,887.769,10000000
50953,888.233,10000000
50954,887.544,10000000
50955,888.139,10000000
50956,887.535,10000000
50957,886.670,10000000
50958,887.397,10000000
50959,887.202,10000000
50960,886.174,10000000
50961,886.904,10000000
50962,887.976,10000000
50963,890.279,10000000
50964,889.055,10000000
50965,889.208,10000000
50966,887.596,10000000
50967,886.713,10000000
50968,886.955,10000000
50969,887.406,10000000
50970,886.519,10000000
50971,885.823,10000000
50972,886.134,10000000
50973,885.769,10000000
50974,885.496,10000000
50975,886.606,10000000
50976,888.416,10000000
50977,887.864,10000000
50978,887.866,10000000
50979,888.423,10000000
50980,886.325,10000000
50981,886.032,10000000
50982,885.171,10000000
50983,884.880,10000000
50984,883.600,10000000
50985,883.002,10000000
50986,883.233,10000000
50987,885.738,10000000
50988,887.815,10000000
50989,887.731,10000000
50990,887.228,10000000
50991,878.775,10000000
50992,866.687,10000000
50993,873.436,10000000
50994,881.925,10000000
50995,883.393,10000000
50996,885.492,10000000
50997,886.016,10000000
50998,885.466,10000000
50999,886.340,10000000
51000,887.809,10000000
51001,886.662,10000000
51002,887.419,10000000
51003,888.010,10000000
51004,887.481,10000000
51005,887.163,10000000
51006,885.961,10000000
51007,885.906,10000000
51008,887.296,10000000
51009,887.051,10000000
51010,887.176,10000000
51011,886.357,10000000
51012,888.832,10000000
51013,888.677,10000000
51014,889.457,10000000
51015,888.740,10000000
51016,886.613,10000000
51017,887.581,10000000
51018,887.332,10000000
51019,888.048,10000000
51020,887.323,10000000
51021,886.581,10000000
51022,885.659,10000000
51023,887.001,10000000
51024,887.824,10000000
51025,888.335,10000000
51026,887.492,10000000
51027,887.829,10000000
51028,887.409,10000000
51029,886.773,10000000
51030,886.027,10000000
51031,886.589,10000000
51032,885.791,10000000
51033,884.932,10000000
51034,884.256,10000000
51035,885.735,10000000
51036,885.545,10000000
51037,886.663,10000000
51038,887.505,10000000
51039,888.587,10000000
51040,887.749,10000000
51041,888.244,10000000
51042,887.782,10000000
51043,886.807,10000000
51044,886.350,10000000
51045,878.547,10000000
51046,865.752,10000000
51047,872.208,10000000
51048,881.319,10000000
51049,884.754,10000000
51050,887.551,10000000
51051,887.133,10000000
51052,888.171,10000000
51053,887.652,10000000
51054,887.317,10000000
51055,887.605,10000000
51056,887.220,10000000
51057,886.247,10000000
51058,885.768,10000000
51059,885.801,10000000
51060,886.075,10000000
51061,886.600,10000000
51062,888.503,10000000
51063,887.559,10000000
51064,887.306,10000000
51065,887.484,10000000
51066,888.293,10000000
51067,887.585,10000000
51068,887.833,10000000
51069,887.893,10000000
51070,887.563,10000000
51071,888.316,10000000
51072,887.656,10000000
51073,888.354,10000000
51074,890.597,10000000
51075,890.375,10000000
51076,891.193,10000000
51077,889.834,10000000
51078,890.561,10000000
51079,890.175,10000000
51080,890.195,10000000
51081,889.031,10000000
51082,889.140,10000000
51083,887.538,10000000
51084,888.682,10000000
51085,887.297,10000000
51086,888.752,10000000
51087,890.366,10000000
51088,889.571,10000000
51089,890.218,10000000
51090,889.234,10000000
51091,889.319,10000000
51092,888.995,10000000
51093,890.153,10000000
51094,889.273,10000000
51095,888.723,10000000
51096,888.931,10000000
51097,887.154,10000000
51098,887.795,10000000
51099,878.600,10000000
51100,868.448,10000000
51101,878.817,10000000
51102,887.398,10000000
51103,879.210,10000000
51104,885.128,10000000
51105,889.014,10000000
51106,890.960,10000000
51107,892.599,10000000
51108,892.791,10000000
51109,892.619,10000000
51110,892.926,10000000
51111,893.512,10000000
51112,893.220,10000000
51113,893.389,10000000
51114,891.559,10000000
51115,891.296,10000000
51116,891.919,10000000
51117,890.992,10000000
51118,890.268,10000000
51119,890.004,10000000
51120,889.692,10000000
51121,890.896,10000000
51122,890.569,10000000
51123,891.358,10000000
51124,889.761,10000000
51125,890.320,10000000
51126,889.707,10000000
51127,890.229,10000000
51128,890.490,10000000
51129,889.877,10000000
51130,889.559,10000000
51131,889.869,10000000
51132,890.796,10000000
51133,890.752,10000000
51134,889.871,10000000
51135,891.040,10000000
51136,891.605,10000000
51137,890.522,10000000
51138,890.443,10000000
51139,890.963,10000000
51140,890.513,10000000
51141,891.054,10000000
51142,890.319,10000000
51143,891.849,10000000
51144,891.308,10000000
51145,891.126,10000000
51146,891.522,10000000
51147,891.456,10000000
51148,890.222,10000000
51149,890.247,10000000
51150,890.489,10000000
51151,890.320,10000000
51152,890.147,10000000
51153,879.683,10000000
51154,867.731,10000000
51155,879.327,10000000
51156,886.849,10000000
51157,890.678,10000000
51158,891.777,10000000
51159,890.966,10000000
51160,890.553,10000000
51161,891.455,10000000
51162,891.667,10000000
51163,891.334,10000000
51164,891.738,10000000
51165,891.952,10000000
51166,893.407,10000000
51167,892.737,10000000
51168,891.927,10000000
51169,892.909,10000000
51170,891.974,10000000
51171,891.169,10000000
51172,891.195,10000000
51173,890.582,10000000
51174,891.117,10000000
51175,890.310,10000000
51176,890.951,10000000
51177,889.662,10000000
51178,891.602,10000000
51179,891.728,10000000
51180,892.881,10000000
51181,893.281,10000000
51182,892.549,10000000
51183,892.920,10000000
51184,892.093,10000000
51185,892.623,10000000
51186,892.061,10000000
51187,891.491,10000000
51188,891.722,10000000
51189,891.615,10000000
51190,890.238,10000000
51191,890.910,10000000
51192,891.471,10000000
51193,892.012,10000000
51194,892.341,10000000
51195,891.870,10000000
51196,891.103,10000000
51197,889.689,10000000
51198,890.202,10000000
51199,889.489,10000000
51200,890.016,10000000
51201,890.730,10000000
51202,890.858,10000000
51203,891.819,10000000
51204,891.496,10000000
51205,891.912,10000000
51206,891.150,10000000
51207,878.971,10000000
51208,870.162,10000000
51209,882.546,10000000
51210,888.580,10000000
51211,889.848,10000000
51212,891.564,10000000
51213,890.494,10000000
51214,891.271,10000000
51215,890.855,10000000
51216,892.368,10000000
51217,892.301,10000000
51218,892.478,10000000
51219,890.666,10000000
51220,891.995,10000000
51221,891.999,10000000
51222,890.961,10000000
51223,890.423,10000000
51224,890.871,10000000
51225,890.799,10000000
51226,890.237,10000000
51227,889.684,10000000
51228,889.320,10000000
51229,890.436,10000000
51230,889.918,10000000
51231,889.610,10000000
51232,889.759,10000000
51233,889.987,10000000
51234,891.334,10000000
51235,891.410,10000000
51236,891.132,10000000
51237,891.004,10000000
51238,890.030,10000000
51239,890.261,10000000
51240,889.784,10000000
51241,890.668,10000000
51242,892.717,10000000
51243,892.143,10000000
51244,893.662,10000000
51245,893.238,10000000
51246,892.260,10000000
51247,892.690,10000000
51248,892.315,10000000
51249,893.164,10000000
51250,893.178,10000000
51251,892.692,10000000
51252,892.019,10000000
51253,890.864,10000000
51254,890.527,10000000
51255,891.732,10000000
51256,891.529,10000000
51257,892.245,10000000
51258,891.049,10000000
51259,890.853,10000000
51260,890.648,10000000
51261,877.148,10000000
51262,868.304,10000000
51263,881.361,10000000
51264,887.217,10000000
51265,889.557,10000000
51266,891.334,10000000
51267,891.487,10000000
51268,890.575,10000000
51269,890.884,10000000
51270,890.885,10000000
51271,892.498,10000000
51272,890.294,10000000
51273,890.579,10000000
51274,890.888,10000000
51275,890.516,10000000
51276,891.778,10000000
51277,891.407,10000000
51278,891.138,10000000
51279,890.858,10000000
51280,891.290,10000000
51281,891.391,10000000
51282,890.921,10000000
51283,890.911,10000000
51284,891.499,10000000
51285,891.994,10000000
51286,890.647,10000000
51287,890.174,10000000
51288,891.801,10000000
51289,891.976,10000000
51290,893.971,10000000
51291,893.289,10000000
51292,891.309,10000000
51293,892.303,10000000
51294,892.243,10000000
51295,892.328,10000000
51296,891.955,10000000
51297,892.125,10000000
51298,890.848,10000000
51299,890.756,10000000
51300,890.945,10000000
51301,890.227,10000000
51302,891.525,10000000
51303,891.411,10000000
51304,890.197,10000000
51305,890.470,10000000
51306,891.077,10000000
51307,890.069,10000000
51308,891.054,10000000
51309,891.363,10000000
51310,891.568,10000000
51311,892.026,10000000
51312,890.835,10000000
51313,891.379,10000000
51314,890.644,10000000
51315,876.217,10000000
51316,867.049,10000000
51317,881.584,10000000
51318,887.742,10000000
51319,889.691,10000000
51320,890.630,10000000
51321,891.872,10000000
51322,890.896,10000000
51323,890.768,10000000
51324,891.123,10000000
51325,891.107,10000000
51326,890.009,10000000
51327,890.336,10000000
51328,890.954,10000000
51329,890.827,10000000
51330,891.269,10000000
51331,889.800,10000000
51332,889.788,10000000
51333,890.690,10000000
51334,891.337,10000000
51335,890.832,10000000
51336,891.540,10000000
51337,891.164,10000000
51338,891.634,10000000
51339,890.749,10000000
51340,891.194,10000000
51341,891.170,10000000
51342,890.700,10000000
51343,891.585,10000000
51344,890.196,10000000
51345,888.156,10000000
51346,888.493,10000000
51347,889.619,10000000
51348,891.209,10000000
51349,891.312,10000000
51350,890.589,10000000
51351,890.605,10000000
51352,890.526,10000000
51353,890.544,10000000
51354,890.762,10000000
51355,890.959,10000000
51356,890.468,10000000
51357,890.648,10000000
51358,891.117,10000000
51359,890.576,10000000
51360,890.241,10000000
51361,890.985,10000000
51362,890.444,10000000
51363,890.029,10000000
51364,890.247,10000000
51365,890.781,10000000
51366,890.829,10000000
51367,892.260,10000000
51368,891.207,10000000
51369,875.459,10000000
51370,868.251,10000000
51371,883.096,10000000
51372,888.529,10000000
51373,879.609,10000000
51374,886.880,10000000
51375,889.210,10000000
51376,890.096,10000000
51377,890.384,10000000
51378,889.788,10000000
51379,889.554,10000000
51380,889.856,10000000
51381,889.656,10000000
51382,890.281,10000000
51383,890.735,10000000
51384,890.775,10000000
51385,889.906,10000000
51386,889.950,10000000
51387,889.545,10000000
51388,890.163,10000000
51389,889.518,10000000
51390,889.428,10000000
51391,889.273,10000000
51392,890.396,10000000
51393,891.176,10000000
51394,891.379,10000000
51395,891.263,10000000
51396,891.007,10000000
51397,888.964,10000000
51398,889.468,10000000
51399,890.337,10000000
51400,889.887,10000000
51401,889.645,10000000
51402,890.159,10000000
51403,889.070,10000000
51404,890.859,10000000
51405,889.631,10000000
51406,889.833,10000000
51407,890.440,10000000
51408,891.157,10000000
51409,891.064,10000000
51410,892.011,10000000
51411,891.403,10000000
51412,891.391,10000000
51413,890.972,10000000
51414,890.596,10000000
51415,890.805,10000000
51416,889.731,10000000
51417,889.834,10000000
51418,891.014,10000000
51419,889.753,10000000
51420,889.020,10000000
51421,889.194,10000000
51422,889.760,10000000
51423,873.335,10000000
51424,867.868,10000000
51425,882.967,10000000
51426,888.510,10000000
51427,889.221,10000000
51428,889.793,10000000
51429,891.296,10000000
51430,890.288,10000000
51431,891.554,10000000
51432,890.621,10000000
51433,890.666,10000000
51434,890.847,10000000
51435,891.090,10000000
51436,891.408,10000000
51437,891.349,10000000
51438,889.719,10000000
51439,890.333,10000000
51440,891.492,10000000
51441,891.534,10000000
51442,890.229,10000000
51443,890.075,10000000
51444,890.590,10000000
51445,890.964,10000000
51446,890.378,10000000
51447,890.294,10000000
51448,891.281,10000000
51449,891.551,10000000
51450,891.338,10000000
51451,892.317,10000000
51452,892.057,10000000
51453,891.466,10000000
51454,891.406,10000000
51455,890.764,10000000
51456,890.309,10000000
51457,890.522,10000000
51458,890.252,10000000
51459,890.679,10000000
51460,890.095,10000000
51461,890.450,10000000
51462,890.085,10000000
51463,889.235,10000000
51464,889.562,10000000
51465,890.573,10000000
51466,891.752,10000000
51467,891.250,10000000
51468,891.121,10000000
51469,890.817,10000000
51470,891.944,10000000
51471,892.493,10000000
51472,891.591,10000000
51473,891.125,10000000
51474,890.567,10000000
51475,890.284,10000000
51476,890.785,10000000
51477,872.762,10000000
51478,870.214,10000000
51479,884.972,10000000
51480,888.195,10000000
51481,890.162,10000000
51482,890.974,10000000
51483,890.423,10000000
51484,889.786,10000000
51485,890.376,10000000
51486,891.506,10000000
51487,891.499,10000000
51488,891.824,10000000
51489,893.074,10000000
51490,891.701,10000000
51491,891.640,10000000
51492,891.498,10000000
51493,890.906,10000000
51494,891.921,10000000
51495,891.740,10000000
51496,891.019,10000000
51497,891.057,10000000
51498,890.566,10000000
51499,891.268,10000000
51500,889.833,10000000
51501,890.668,10000000
51502,890.740,10000000
51503,890.359,10000000
51504,889.295,10000000
51505,890.544,10000000
51506,891.117,10000000
51507,891.823,10000000
51508,890.847,10000000
51509,890.971,10000000
51510,891.293,10000000
51511,889.981,10000000
51512,890.067,10000000
51513,891.115,10000000
51514,889.082,10000000
51515,888.378,10000000
51516,891.114,10000000
51517,892.153,10000000
51518,891.564,10000000
51519,891.436,10000000
51520,890.237,10000000
51521,890.567,10000000
51522,890.561,10000000
51523,890.475,10000000
51524,889.045,10000000
51525,890.204,10000000
51526,890.308,10000000
51527,889.864,10000000
51528,890.799,10000000
51529,890.638,10000000
51530,890.928,10000000
51531,872.988,10000000
51532,871.468,10000000
51533,883.914,10000000
51534,888.884,10000000
51535,890.465,10000000
51536,890.869,10000000
51537,892.348,10000000
51538,890.752,10000000
51539,890.813,10000000
51540,891.442,10000000
51541,890.638,10000000
51542,890.299,10000000
51543,891.160,10000000
51544,891.169,10000000
51545,891.249,10000000
51546,890.354,10000000
51547,891.075,10000000
51548,889.933,10000000
51549,889.757,10000000
51550,889.876,10000000
51551,890.685,10000000
51552,890.510,10000000
51553,889.830,10000000
51554,890.004,10000000
51555,890.498,10000000
51556,890.299,10000000
51557,889.914,10000000
51558,890.715,10000000
51559,890.572,10000000
51560,889.986,10000000
51561,888.451,10000000
51562,890.895,10000000
51563,890.543,10000000
51564,889.517,10000000
51565,890.598,10000000
51566,891.988,10000000
51567,892.299,10000000
51568,892.418,10000000
51569,892.023,10000000
51570,891.283,10000000
51571,890.725,10000000
51572,892.094,10000000
51573,891.550,10000000
51574,890.725,10000000
51575,890.380,10000000
51576,890.348,10000000
51577,891.203,10000000
51578,891.791,10000000
51579,889.743,10000000
51580,890.136,10000000
51581,888.971,10000000
51582,889.774,10000000
51583,890.743,10000000
51584,889.539,10000000
51585,871.683,10000000
51586,873.058,10000000
51587,884.256,10000000
51588,887.079,10000000
51589,889.168,10000000
51590,890.493,10000000
51591,890.712,10000000
51592,892.128,10000000
51593,892.020,10000000
51594,891.365,10000000
51595,890.203,10000000
51596,889.510,10000000
51597,889.932,10000000
51598,891.431,10000000
51599,890.987,10000000
51600,890.178,10000000
51601,890.797,10000000
51602,892.300,10000000
51603,891.803,10000000
51604,890.825,10000000
51605,890.450,10000000
51606,889.585,10000000
51607,890.536,10000000
51608,891.770,10000000
51609,890.792,10000000
51610,890.474,10000000
51611,890.586,10000000
51612,891.586,10000000
51613,891.249,10000000
51614,890.417,10000000
51615,890.018,10000000
51616,890.253,10000000
51617,888.363,10000000
51618,889.844,10000000
51619,890.032,10000000
51620,889.194,10000000
51621,890.120,10000000
51622,889.469,10000000
51623,890.503,10000000
51624,891.198,10000000
51625,890.360,10000000
51626,889.595,10000000
51627,890.249,10000000
51628,890.909,10000000
51629,891.066,10000000
51630,891.614,10000000
51631,891.483,10000000
51632,890.469,10000000
51633,891.173,10000000
51634,890.987,10000000
51635,892.041,10000000
51636,891.592,10000000
51637,890.719,10000000
51638,885.950,10000000
51639,870.513,10000000
51640,874.752,10000000
51641,886.201,10000000
51642,884.915,10000000
51643,882.894,10000000
51644,888.365,10000000
51645,889.985,10000000
51646,889.909,10000000
51647,889.396,10000000
51648,889.856,10000000
51649,891.251,10000000
51650,889.666,10000000
51651,889.979,10000000
51652,889.668,10000000
51653,890.198,10000000
51654,890.962,10000000
51655,889.999,10000000
51656,889.948,10000000
51657,889.097,10000000
51658,889.630,10000000
51659,890.035,10000000
51660,890.786,10000000
51661,891.566,10000000
51662,891.434,10000000
51663,889.653,10000000
51664,890.218,10000000
51665,890.551,10000000
51666,891.465,10000000
51667,891.481,10000000
51668,891.182,10000000
51669,891.094,10000000
51670,889.714,10000000
51671,889.287,10000000
51672,889.036,10000000
51673,889.697,10000000
51674,889.648,10000000
51675,890.251,10000000
51676,890.122,10000000
51677,890.446,10000000
51678,890.733,10000000
51679,890.294,10000000
51680,889.354,10000000
51681,890.607,10000000
51682,890.361,10000000
51683,889.991,10000000
51684,889.622,10000000
51685,889.578,10000000
51686,889.627,10000000
51687,889.271,10000000
51688,890.120,10000000
51689,890.739,10000000
51690,889.081,10000000
51691,889.279,10000000
51692,884.745,10000000
51693,871.095,10000000
51694,874.822,10000000
51695,884.667,10000000
51696,886.959,10000000
51697,889.294,10000000
51698,889.545,10000000
51699,888.592,10000000
51700,890.437,10000000
51701,889.884,10000000
51702,889.829,10000000
51703,887.792,10000000
51704,886.928,10000000
51705,887.216,10000000
51706,886.296,10000000
51707,885.552,10000000
51708,884.890,10000000
51709,886.827,10000000
51710,889.480,10000000
51711,888.783,10000000
51712,888.903,10000000
51713,889.096,10000000
51714,888.918,10000000
51715,888.385,10000000
51716,888.528,10000000
51717,887.910,10000000
51718,890.383,10000000
51719,890.240,10000000
51720,890.039,10000000
51721,889.031,10000000
51722,890.319,10000000
51723,889.202,10000000
51724,889.109,10000000
51725,890.292,10000000
51726,890.093,10000000
51727,889.754,10000000
51728,888.602,10000000
51729,887.536,10000000
51730,888.018,10000000
51731,889.081,10000000
51732,888.952,10000000
51733,888.682,10000000
51734,889.268,10000000
51735,889.063,10000000
51736,888.994,10000000
51737,889.276,10000000
51738,888.900,10000000
51739,888.353,10000000
51740,887.726,10000000
51741,888.230,10000000
51742,887.501,10000000
51743,887.315,10000000
51744,888.162,10000000
51745,888.729,10000000
51746,881.913,10000000
51747,868.682,10000000
51748,875.060,10000000
51749,885.458,10000000
51750,888.511,10000000
51751,890.050,10000000
51752,890.853,10000000
51753,889.804,10000000
51754,889.547,10000000
51755,889.194,10000000
51756,888.836,10000000
51757,889.213,10000000
51758,890.034,10000000
51759,889.393,10000000
51760,889.103,10000000
51761,889.645,10000000
51762,889.485,10000000
51763,888.604,10000000
51764,887.473,10000000
51765,889.639,10000000
51766,890.034,10000000
51767,889.800,10000000
51768,887.639,10000000
51769,887.893,10000000
51770,888.228,10000000
51771,888.735,10000000
51772,887.669,10000000
51773,888.882,10000000
51774,889.688,10000000
51775,889.869,10000000
51776,888.735,10000000
51777,887.982,10000000
51778,888.099,10000000
51779,888.857,10000000
51780,888.557,10000000
51781,888.505,10000000
51782,890.606,10000000
51783,890.271,10000000
51784,888.616,10000000
51785,889.388,10000000
51786,890.106,10000000
51787,888.959,10000000
51788,890.268,10000000
51789,888.590,10000000
51790,888.536,10000000
51791,888.780,10000000
51792,889.808,10000000
51793,890.173,10000000
51794,889.920,10000000
51795,889.506,10000000
51796,888.672,10000000
51797,888.534,10000000
51798,888.742,10000000
51799,887.196,10000000
51800,879.307,10000000
51801,866.981,10000000
51802,876.196,10000000
51803,885.240,10000000
51804,886.954,10000000
51805,888.091,10000000
51806,889.279,10000000
51807,888.603,10000000
51808,889.218,10000000
51809,889.125,10000000
51810,889.626,10000000
51811,890.493,10000000
51812,890.797,10000000
51813,890.821,10000000
51814,889.666,10000000
51815,889.832,10000000
51816,888.889,10000000
51817,888.666,10000000
51818,890.397,10000000
51819,889.929,10000000
51820,889.347,10000000
51821,890.121,10000000
51822,889.666,10000000
51823,888.104,10000000
51824,888.630,10000000
51825,888.977,10000000
51826,887.752,10000000
51827,887.752,10000000
51828,889.690,10000000
51829,889.087,10000000
51830,887.498,10000000
51831,887.941,10000000
51832,887.851,10000000
51833,888.700,10000000
51834,888.227,10000000
51835,887.502,10000000
51836,887.473,10000000
51837,887.025,10000000
51838,887.903,10000000
51839,888.135,10000000
51840,888.682,10000000
51841,888.238,10000000
51842,888.955,10000000
51843,888.262,10000000
51844,889.585,10000000
51845,888.318,10000000
51846,887.135,10000000
51847,887.800,10000000
51848,888.379,10000000
51849,887.926,10000000
51850,887.579,10000000
51851,887.470,10000000
51852,886.752,10000000
51853,888.160,10000000
51854,879.582,10000000
51855,867.856,10000000
51856,877.758,10000000
51857,885.516,10000000
51858,886.744,10000000
51859,887.275,10000000
51860,887.559,10000000
51861,887.694,10000000
51862,887.733,10000000
51863,889.142,10000000
51864,889.435,10000000
51865,889.261,10000000
51866,888.492,10000000
51867,888.174,10000000
51868,889.229,10000000
51869,889.217,10000000
51870,889.265,10000000
51871,889.503,10000000
51872,889.321,10000000
51873,887.997,10000000
51874,890.202,10000000
51875,890.600,10000000
51876,889.737,10000000
51877,889.646,10000000
51878,891.450,10000000
51879,890.756,10000000
51880,890.594,10000000
51881,890.974,10000000
51882,890.555,10000000
51883,890.280,10000000
51884,889.800,10000000
51885,891.160,10000000
51886,890.772,10000000
51887,890.496,10000000
51888,890.310,10000000
51889,889.984,10000000
51890,889.893,10000000
51891,890.122,10000000
51892,889.141,10000000
51893,890.171,10000000
51894,889.694,10000000
51895,890.651,10000000
51896,890.258,10000000
51897,890.032,10000000
51898,890.516,10000000
51899,890.109,10000000
51900,890.491,10000000
51901,890.903,10000000
51902,890.688,10000000
51903,889.181,10000000
51904,889.337,10000000
51905,888.940,10000000
51906,890.021,10000000
51907,889.832,10000000
51908,879.318,10000000
51909,867.867,10000000
51910,879.635,10000000
51911,886.552,10000000
51912,877.426,10000000
51913,885.395,10000000
51914,888.158,10000000
51915,890.396,10000000
51916,890.504,10000000
51917,889.895,10000000
51918,890.468,10000000
51919,890.141,10000000
51920,890.989,10000000
51921,891.018,10000000
51922,890.617,10000000
51923,889.791,10000000
51924,888.959,10000000
51925,890.203,10000000
51926,889.843,10000000
51927,890.187,10000000
51928,890.631,10000000
51929,889.819,10000000
51930,889.992,10000000
51931,889.676,10000000
51932,890.318,10000000
51933,890.148,10000000
51934,889.485,10000000
51935,889.711,10000000
51936,889.455,10000000
51937,890.405,10000000
51938,889.373,10000000
51939,890.411,10000000
51940,890.880,10000000
51941,890.775,10000000
51942,891.092,10000000
51943,890.274,10000000
51944,891.018,10000000
51945,890.413,10000000
51946,890.449,10000000
51947,890.031,10000000
51948,890.216,10000000
51949,891.414,10000000
51950,892.061,10000000
51951,892.021,10000000
51952,890.584,10000000
51953,888.866,10000000
51954,888.657,10000000
51955,889.402,10000000
51956,889.618,10000000
51957,890.182,10000000
51958,890.832,10000000
51959,890.429,10000000
51960,890.118,10000000
51961,891.011,10000000
51962,878.467,10000000
51963,868.848,10000000
51964,880.434,10000000
51965,887.757,10000000
51966,885.782,10000000
51967,888.058,10000000
51968,889.732,10000000
51969,887.960,10000000
51970,888.014,10000000
51971,887.918,10000000
51972,888.707,10000000
51973,888.173,10000000
51974,887.556,10000000
51975,887.226,10000000
51976,887.445,10000000
51977,885.994,10000000
51978,886.631,10000000
51979,887.502,10000000
51980,888.068,10000000
51981,888.303,10000000
51982,888.790,10000000
51983,887.803,10000000
51984,887.644,10000000
51985,887.328,10000000
51986,886.686,10000000
51987,888.122,10000000
51988,887.702,10000000
51989,886.732,10000000
51990,886.730,10000000
51991,886.902,10000000
51992,889.452,10000000
51993,890.042,10000000
51994,888.631,10000000
51995,888.524,10000000
51996,888.649,10000000
51997,888.728,10000000
51998,888.546,10000000
51999,887.890,10000000
52000,888.251,10000000
52001,887.413,10000000
52002,886.505,10000000
52003,886.289,10000000
52004,884.794,10000000
52005,886.410,10000000
52006,888.641,10000000
52007,888.790,10000000
52008,888.642,10000000
52009,887.679,10000000
52010,887.751,10000000
52011,885.906,10000000
52012,886.418,10000000
52013,886.135,10000000
52014,885.772,10000000
52015,885.419,10000000
52016,872.671,10000000
52017,864.026,10000000
52018,878.018,10000000
52019,884.511,10000000
52020,885.023,10000000
52021,887.452,10000000
52022,886.876,10000000
52023,888.425,10000000
52024,887.757,10000000
52025,888.453,10000000
52026,887.299,10000000
52027,886.145,10000000
52028,885.688,10000000
52029,886.460,10000000
52030,887.841,10000000
52031,887.039,10000000
52032,886.863,10000000
52033,887.901,10000000
52034,888.718,10000000
52035,887.723,10000000
52036,887.882,10000000
52037,887.533,10000000
52038,887.682,10000000
52039,887.507,10000000
52040,885.989,10000000
52041,886.988,10000000
52042,887.425,10000000
52043,888.596,10000000
52044,889.107,10000000
52045,888.611,10000000
52046,888.516,10000000
52047,888.710,10000000
52048,888.957,10000000
52049,888.932,10000000
52050,888.721,10000000
52051,887.424,10000000
52052,887.633,10000000
52053,886.427,10000000
52054,887.707,10000000
52055,888.562,10000000
52056,889.142,10000000
52057,888.735,10000000
52058,889.564,10000000
52059,888.978,10000000
52060,888.186,10000000
52061,888.107,10000000
52062,886.823,10000000
52063,886.856,10000000
52064,886.426,10000000
52065,885.102,10000000
52066,884.480,10000000
52067,886.292,10000000
52068,887.367,10000000
52069,888.381,10000000
52070,873.392,10000000
52071,865.791,10000000
52072,879.577,10000000
52073,884.181,10000000
52074,885.577,10000000
52075,885.247,10000000
52076,885.440,10000000
52077,885.923,10000000
52078,886.189,10000000
52079,887.045,10000000
52080,888.769,10000000
52081,888.282,10000000
52082,887.953,10000000
52083,887.208,10000000
52084,887.460,10000000
52085,886.804,10000000
52086,886.181,10000000
52087,886.852,10000000
52088,887.018,10000000
52089,887.067,10000000
52090,885.947,10000000
52091,886.571,10000000
52092,887.667,10000000
52093,888.523,10000000
52094,889.802,10000000
52095,889.747,10000000
52096,887.883,10000000
52097,886.984,10000000
52098,887.198,10000000
52099,886.178,10000000
52100,886.630,10000000
52101,887.281,10000000
52102,887.219,10000000
52103,887.732,10000000
52104,888.126,10000000
52105,889.707,10000000
52106,889.692,10000000
52107,888.740,10000000
52108,887.746,10000000
52109,887.947,10000000
52110,888.199,10000000
52111,888.254,10000000
52112,886.877,10000000
52113,887.070,10000000
52114,886.723,10000000
52115,887.977,10000000
52116,886.193,10000000
52117,887.252,10000000
52118,886.733,10000000
52119,888.351,10000000
52120,889.336,10000000
52121,888.376,10000000
52122,887.464,10000000
52123,886.909,10000000
52124,872.668,10000000
52125,864.576,10000000
52126,879.040,10000000
52127,882.719,10000000
52128,887.010,10000000
52129,888.469,10000000
52130,889.233,10000000
52131,889.916,10000000
52132,889.213,10000000
52133,889.748,10000000
52134,890.117,10000000
52135,890.160,10000000
52136,890.054,10000000
52137,890.486,10000000
52138,890.304,10000000
52139,889.281,10000000
52140,889.499,10000000
52141,889.632,10000000
52142,889.187,10000000
52143,889.285,10000000
52144,889.224,10000000
52145,889.245,10000000
52146,890.656,10000000
52147,890.937,10000000
52148,891.522,10000000
52149,890.480,10000000
52150,890.543,10000000
52151,890.449,10000000
52152,891.143,10000000
52153,890.721,10000000
52154,889.498,10000000
52155,891.193,10000000
52156,892.537,10000000
52157,892.404,10000000
52158,891.421,10000000
52159,890.833,10000000
52160,891.320,10000000
52161,890.706,10000000
52162,891.072,10000000
52163,891.168,10000000
52164,891.970,10000000
52165,891.484,10000000
52166,891.411,10000000
52167,890.884,10000000
52168,891.478,10000000
52169,891.009,10000000
52170,890.461,10000000
52171,891.375,10000000
52172,891.756,10000000
52173,891.155,10000000
52174,892.258,10000000
52175,892.871,10000000
52176,892.179,10000000
52177,891.455,10000000
52178,875.223,10000000
52179,868.140,10000000
52180,883.676,10000000
52181,888.378,10000000
52182,880.170,10000000
52183,887.157,10000000
52184,890.796,10000000
52185,891.405,10000000
52186,892.068,10000000
52187,892.698,10000000
52188,893.199,10000000
52189,891.652,10000000
52190,891.057,10000000
52191,892.643,10000000
52192,893.041,10000000
52193,893.553,10000000
52194,891.845,10000000
52195,893.493,10000000
52196,892.560,10000000
52197,892.424,10000000
52198,892.865,10000000
52199,891.425,10000000
52200,891.730,10000000
52201,891.524,10000000
52202,891.191,10000000
52203,891.373,10000000
52204,891.526,10000000
52205,891.052,10000000
52206,890.667,10000000
52207,891.620,10000000
52208,891.569,10000000
52209,891.411,10000000
52210,891.387,10000000
52211,891.790,10000000
52212,891.552,10000000
52213,890.779,10000000
52214,890.260,10000000
52215,890.745,10000000
52216,889.633,10000000
52217,890.155,10000000
52218,891.015,10000000
52219,890.510,10000000
52220,890.965,10000000
52221,891.617,10000000
52222,890.411,10000000
52223,890.026,10000000
52224,890.251,10000000
52225,891.028,10000000
52226,889.814,10000000
52227,890.935,10000000
52228,890.705,10000000
52229,891.793,10000000
52230,891.618,10000000
52231,891.262,10000000
52232,874.251,10000000
52233,870.112,10000000
52234,884.758,10000000
52235,889.610,10000000
52236,889.912,10000000
52237,891.575,10000000
52238,891.345,10000000
52239,891.438,10000000
52240,890.913,10000000
52241,890.839,10000000
52242,892.285,10000000
52243,892.839,10000000
52244,891.884,10000000
52245,891.326,10000000
52246,891.193,10000000
52247,891.072,10000000
52248,892.169,10000000
52249,891.299,10000000
52250,891.406,10000000
52251,891.462,10000000
52252,890.618,10000000
52253,890.402,10000000
52254,891.298,10000000
52255,889.543,10000000
52256,890.536,10000000
52257,891.365,10000000
52258,891.420,10000000
52259,893.160,10000000
52260,892.045,10000000
52261,891.745,10000000
52262,891.428,10000000
52263,891.400,10000000
52264,891.652,10000000
52265,891.596,10000000
52266,891.171,10000000
52267,890.648,10000000
52268,891.402,10000000
52269,890.729,10000000
52270,890.456,10000000
52271,889.612,10000000
52272,888.874,10000000
52273,890.398,10000000
52274,890.320,10000000
52275,889.465,10000000
52276,889.706,10000000
52277,890.646,10000000
52278,890.670,10000000
52279,889.688,10000000
52280,890.001,10000000
52281,890.457,10000000
52282,890.380,10000000
52283,890.132,10000000
52284,890.979,10000000
52285,889.951,10000000
52286,871.900,10000000
52287,871.511,10000000
52288,884.292,10000000
52289,889.509,10000000
52290,890.724,10000000
52291,891.447,10000000
52292,891.228,10000000
52293,891.030,10000000
52294,891.811,10000000
52295,891.247,10000000
52296,890.139,10000000
52297,890.948,10000000
52298,892.000,10000000
52299,891.442,10000000
52300,890.614,10000000
52301,889.422,10000000
52302,888.913,10000000
52303,889.894,10000000
52304,889.606,10000000
52305,891.611,10000000
52306,892.839,10000000
52307,892.240,10000000
52308,892.076,10000000
52309,892.431,10000000
52310,891.930,10000000
52311,891.824,10000000
52312,891.535,10000000
52313,891.394,10000000
52314,891.263,10000000
52315,891.252,10000000
52316,891.588,10000000
52317,890.389,10000000
52318,890.334,10000000
52319,890.910,10000000
52320,890.045,10000000
52321,891.060,10000000
52322,890.795,10000000
52323,890.117,10000000
52324,890.453,10000000
52325,890.703,10000000
52326,890.392,10000000
52327,889.989,10000000
52328,888.661,10000000
52329,890.236,10000000
52330,890.010,10000000
52331,890.292,10000000
52332,890.020,10000000
52333,889.730,10000000
52334,890.426,10000000
52335,890.577,10000000
52336,890.829,10000000
52337,890.736,10000000
52338,890.734,10000000
52339,889.980,10000000
52340,873.137,10000000
52341,873.752,10000000
52342,884.790,10000000
52343,888.889,10000000
52344,889.910,10000000
52345,890.150,10000000
52346,891.260,10000000
52347,890.052,10000000
52348,891.389,10000000
52349,891.466,10000000
52350,891.354,10000000
52351,891.061,10000000
52352,890.897,10000000
52353,891.291,10000000
52354,890.795,10000000
52355,891.269,10000000
52356,891.075,10000000
52357,890.802,10000000
52358,890.180,10000000
52359,890.295,10000000
52360,891.479,10000000
52361,891.739,10000000
52362,891.615,10000000
52363,891.179,10000000
52364,891.869,10000000
52365,891.341,10000000
52366,891.765,10000000
52367,891.888,10000000
52368,891.647,10000000
52369,893.364,10000000
52370,892.876,10000000
52371,892.006,10000000
52372,892.239,10000000
52373,890.975,10000000
52374,891.814,10000000
52375,891.391,10000000
52376,891.388,10000000
52377,890.301,10000000
52378,891.454,10000000
52379,891.541,10000000
52380,892.014,10000000
52381,892.337,10000000
52382,891.132,10000000
52383,890.565,10000000
52384,890.264,10000000
52385,890.244,10000000
52386,891.150,10000000
52387,891.161,10000000
52388,890.269,10000000
52389,890.434,10000000
52390,891.865,10000000
52391,890.682,10000000
52392,892.027,10000000
52393,887.833,10000000
52394,872.890,10000000
52395,875.634,10000000
52396,886.676,10000000
52397,889.004,10000000
52398,891.461,10000000
52399,890.516,10000000
52400,891.795,10000000
52401,890.830,10000000
52402,891.107,10000000
52403,891.871,10000000
52404,892.045,10000000
52405,891.486,10000000
52406,890.583,10000000
52407,891.140,10000000
52408,891.742,10000000
52409,890.579,10000000
52410,890.163,10000000
52411,890.551,10000000
52412,889.909,10000000
52413,889.804,10000000
52414,890.338,10000000
52415,890.511,10000000
52416,890.976,10000000
52417,889.603,10000000
52418,889.643,10000000
52419,890.320,10000000
52420,891.130,10000000
52421,890.913,10000000
52422,891.550,10000000
52423,891.363,10000000
52424,889.497,10000000
52425,891.051,10000000
52426,891.630,10000000
52427,891.151,10000000
52428,892.143,10000000
52429,890.124,10000000
52430,890.621,10000000
52431,890.021,10000000
52432,891.640,10000000
52433,891.703,10000000
52434,892.388,10000000
52435,892.480,10000000
52436,892.455,10000000
52437,892.915,10000000
52438,892.693,10000000
52439,892.081,10000000
52440,891.839,10000000
52441,892.390,10000000
52442,892.038,10000000
52443,891.783,10000000
52444,891.029,10000000
52445,890.995,10000000
52446,890.397,10000000
52447,886.340,10000000
52448,872.845,10000000
52449,875.828,10000000
52450,884.941,10000000
52451,884.262,10000000
52452,883.246,10000000
52453,888.949,10000000
52454,890.166,10000000
52455,889.719,10000000
52456,890.400,10000000
52457,891.825,10000000
52458,892.836,10000000
52459,893.551,10000000
52460,891.761,10000000
52461,891.330,10000000
52462,891.844,10000000
52463,891.623,10000000
52464,890.943,10000000
52465,891.429,10000000
52466,890.462,10000000
52467,890.449,10000000
52468,889.724,10000000
52469,890.689,10000000
52470,890.576,10000000
52471,889.872,10000000
52472,890.399,10000000
52473,892.233,10000000
52474,893.122,10000000
52475,892.060,10000000
52476,891.868,10000000
52477,891.763,10000000
52478,892.399,10000000
52479,892.174,10000000
52480,892.005,10000000
52481,892.065,10000000
52482,891.257,10000000
52483,892.139,10000000
52484,891.001,10000000
52485,891.750,10000000
52486,892.191,10000000
52487,892.989,10000000
52488,893.692,10000000
52489,894.125,10000000
52490,893.101,10000000
52491,892.840,10000000
52492,892.892,10000000
52493,892.302,10000000
52494,891.220,10000000
52495,890.553,10000000
52496,890.532,10000000
52497,890.692,10000000
52498,891.015,10000000
52499,891.469,10000000
52500,890.831,10000000
52501,883.307,10000000
52502,868.659,10000000
52503,877.377,10000000
52504,886.740,10000000
52505,888.592,10000000
52506,889.776,10000000
52507,889.734,10000000
52508,891.095,10000000
52509,891.572,10000000
52510,890.395,10000000
52511,888.859,10000000
52512,889.934,10000000
52513,889.652,10000000
52514,890.293,10000000
52515,890.445,10000000
52516,891.176,10000000
52517,891.905,10000000
52518,891.275,10000000
52519,892.044,10000000
52520,893.004,10000000
52521,892.720,10000000
52522,892.346,10000000
52523,891.565,10000000
52524,891.026,10000000
52525,892.394,10000000
52526,892.143,10000000
52527,892.104,10000000
52528,892.744,10000000
52529,890.707,10000000
52530,890.171,10000000
52531,890.441,10000000
52532,891.109,10000000
52533,890.574,10000000
52534,891.336,10000000
52535,892.053,10000000
52536,890.900,10000000
52537,891.022,10000000
52538,891.268,10000000
52539,890.326,10000000
52540,891.226,10000000
52541,892.335,10000000
52542,892.546,10000000
52543,891.846,10000000
52544,890.541,10000000
52545,891.305,10000000
52546,892.691,10000000
52547,891.648,10000000
52548,891.594,10000000
52549,890.441,10000000
52550,891.547,10000000
52551,892.844,10000000
52552,893.917,10000000
52553,891.987,10000000
52554,891.956,10000000
52555,883.691,10000000
52556,871.970,10000000
52557,879.765,10000000
52558,888.742,10000000
52559,890.166,10000000
52560,891.274,10000000
52561,892.537,10000000
52562,892.367,10000000
52563,891.895,10000000
52564,891.693,10000000
52565,892.672,10000000
52566,892.300,10000000
52567,892.103,10000000
52568,892.007,10000000
52569,892.475,10000000
52570,893.112,10000000
52571,894.335,10000000
52572,893.225,10000000
52573,892.570,10000000
52574,893.437,10000000
52575,894.453,10000000
52576,894.134,10000000
52577,895.054,10000000
52578,895.241,10000000
52579,893.767,10000000
52580,893.735,10000000
52581,893.329,10000000
52582,892.487,10000000
52583,891.915,10000000
52584,891.202,10000000
52585,891.523,10000000
52586,891.865,10000000
52587,891.134,10000000
52588,891.127,10000000
52589,890.490,10000000
52590,890.310,10000000
52591,890.002,10000000
52592,890.195,10000000
52593,891.133,10000000
52594,890.880,10000000
52595,889.997,10000000
52596,891.213,10000000
52597,890.226,10000000
52598,890.188,10000000
52599,890.113,10000000
52600,891.356,10000000
52601,891.276,10000000
52602,892.568,10000000
52603,892.170,10000000
52604,891.372,10000000
52605,892.023,10000000
52606,892.247,10000000
52607,892.343,10000000
52608,891.246,10000000
52609,881.726,10000000
52610,870.539,10000000
52611,879.987,10000000
52612,888.712,10000000
52613,889.778,10000000
52614,891.414,10000000
52615,890.941,10000000
52616,890.560,10000000
52617,889.708,10000000
52618,890.606,10000000
52619,891.087,10000000
52620,890.655,10000000
52621,891.622,10000000
52622,892.798,10000000
52623,892.157,10000000
52624,891.676,10000000
52625,891.014,10000000
52626,891.778,10000000
52627,891.385,10000000
52628,891.380,10000000
52629,891.977,10000000
52630,891.120,10000000
52631,890.939,10000000
52632,890.489,10000000
52633,891.440,10000000
52634,891.643,10000000
52635,891.777,10000000
52636,892.171,10000000
52637,891.927,10000000
52638,892.229,10000000
52639,892.130,10000000
52640,891.345,10000000
52641,891.352,10000000
52642,891.392,10000000
52643,891.696,10000000
52644,890.759,10000000
52645,889.357,10000000
52646,890.111,10000000
52647,889.991,10000000
52648,891.703,10000000
52649,890.176,10000000
52650,889.330,10000000
52651,890.339,10000000
52652,890.386,10000000
52653,891.243,10000000
52654,890.179,10000000
52655,890.416,10000000
52656,891.241,10000000
52657,891.247,10000000
52658,889.870,10000000
52659,891.810,10000000
52660,890.664,10000000
52661,891.426,10000000
52662,892.061,10000000
52663,882.049,10000000
52664,870.996,10000000
52665,880.445,10000000
52666,888.001,10000000
52667,890.342,10000000
52668,892.115,10000000
52669,893.051,10000000
52670,893.317,10000000
52671,893.274,10000000
52672,891.482,10000000
52673,892.432,10000000
52674,893.616,10000000
52675,892.260,10000000
52676,891.725,10000000
52677,891.436,10000000
52678,892.058,10000000
52679,891.584,10000000
52680,892.124,10000000
52681,892.179,10000000
52682,891.548,10000000
52683,891.796,10000000
52684,891.705,10000000
52685,891.320,10000000
52686,889.677,10000000
52687,890.872,10000000
52688,891.362,10000000
52689,891.590,10000000
52690,891.214,10000000
52691,891.232,10000000
52692,891.095,10000000
52693,890.444,10000000
52694,890.799,10000000
52695,889.805,10000000
52696,889.888,10000000
52697,889.538,10000000
52698,890.534,10000000
52699,890.188,10000000
52700,889.894,10000000
52701,890.388,10000000
52702,890.252,10000000
52703,890.562,10000000
52704,890.240,10000000
52705,889.929,10000000
52706,890.616,10000000
52707,890.895,10000000
52708,890.811,10000000
52709,891.069,10000000
52710,891.936,10000000
52711,891.040,10000000
52712,890.306,10000000
52713,891.059,10000000
52714,890.855,10000000
52715,891.080,10000000
52716,889.951,10000000
52717,877.656,10000000
52718,868.514,10000000
52719,881.652,10000000
52720,887.934,10000000
52721,876.445,10000000
52722,884.397,10000000
52723,888.712,10000000
52724,889.756,10000000
52725,889.900,10000000
52726,889.917,10000000
52727,890.166,10000000
52728,888.760,10000000
52729,890.102,10000000
52730,891.199,10000000
52731,890.397,10000000
52732,890.221,10000000
52733,890.730,10000000
52734,890.981,10000000
52735,890.790,10000000
52736,890.456,10000000
52737,890.382,10000000
52738,890.702,10000000
52739,890.810,10000000
52740,891.065,10000000
52741,890.092,10000000
52742,890.011,10000000
52743,889.030,10000000
52744,889.380,10000000
52745,890.470,10000000
52746,890.341,10000000
52747,889.210,10000000
52748,888.901,10000000
52749,890.136,10000000
52750,890.755,10000000
52751,891.184,10000000
52752,890.795,10000000
52753,890.941,10000000
52754,892.203,10000000
52755,892.564,10000000
52756,891.092,10000000
52757,889.921,10000000
52758,891.133,10000000
52759,892.027,10000000
52760,891.429,10000000
52761,891.128,10000000
52762,890.496,10000000
52763,891.453,10000000
52764,891.300,10000000
52765,891.141,10000000
52766,891.442,10000000
52767,891.900,10000000
52768,892.110,10000000
52769,891.964,10000000
52770,892.500,10000000
52771,878.467,10000000
52772,869.798,10000000
52773,882.762,10000000
52774,888.224,10000000
52775,889.479,10000000
52776,891.077,10000000
52777,889.750,10000000
52778,889.966,10000000
52779,889.935,10000000
52780,890.855,10000000
52781,891.461,10000000
52782,891.524,10000000
52783,890.827,10000000
52784,889.234,10000000
52785,890.290,10000000
52786,891.669,10000000
52787,892.024,10000000
52788,891.471,10000000
52789,890.431,10000000
52790,889.679,10000000
52791,890.202,10000000
52792,890.725,10000000
52793,889.298,10000000
52794,890.664,10000000
52795,891.984,10000000
52796,893.123,10000000
52797,892.491,10000000
52798,891.379,10000000
52799,891.863,10000000
52800,891.406,10000000
52801,891.728,10000000
52802,892.079,10000000
52803,892.380,10000000
52804,891.095,10000000
52805,891.897,10000000
52806,891.877,10000000
52807,889.826,10000000
52808,890.881,10000000
52809,890.982,10000000
52810,890.366,10000000
52811,891.150,10000000
52812,890.491,10000000
52813,890.463,10000000
52814,890.207,10000000
52815,890.781,10000000
52816,890.747,10000000
52817,890.459,10000000
52818,890.969,10000000
52819,889.552,10000000
52820,890.849,10000000
52821,891.241,10000000
52822,891.001,10000000
52823,890.227,10000000
52824,889.720,10000000
52825,875.312,10000000
52826,867.502,10000000
52827,882.110,10000000
52828,888.835,10000000
52829,889.500,10000000
52830,889.873,10000000
52831,890.207,10000000
52832,891.097,10000000
52833,890.339,10000000
52834,890.460,10000000
52835,890.621,10000000
52836,891.464,10000000
52837,892.024,10000000
52838,890.573,10000000
52839,891.471,10000000
52840,890.650,10000000
52841,891.110,10000000
52842,892.202,10000000
52843,892.123,10000000
52844,890.924,10000000
52845,891.161,10000000
52846,892.491,10000000
52847,891.753,10000000
52848,891.499,10000000
52849,892.224,10000000
52850,890.965,10000000
52851,891.016,10000000
52852,891.210,10000000
52853,889.833,10000000
52854,890.824,10000000
52855,890.020,10000000
52856,889.247,10000000
52857,890.398,10000000
52858,890.849,10000000
52859,890.629,10000000
52860,890.839,10000000
52861,891.025,10000000
52862,892.628,10000000
52863,892.892,10000000
52864,893.261,10000000
52865,892.733,10000000
52866,891.606,10000000
52867,891.081,10000000
52868,890.236,10000000
52869,890.879,10000000
52870,891.022,10000000
52871,891.010,10000000
52872,891.295,10000000
52873,890.559,10000000
52874,890.482,10000000
52875,891.374,10000000
52876,891.923,10000000
52877,890.591,10000000
52878,890.924,10000000
52879,874.638,10000000
52880,866.497,10000000
52881,880.818,10000000
52882,887.263,10000000
52883,875.213,10000000
52884,863.964,10000000
52885,859.185,10000000
52886,856.437,10000000
52887,851.741,10000000
52888,855.669,10000000
52889,854.039,10000000
52890,852.700,10000000
52891,854.740,10000000
52892,854.835,10000000
52893,853.766,10000000
52894,854.567,10000000
52895,854.161,10000000
52896,854.246,10000000
52897,854.788,10000000
52898,855.409,10000000
52899,854.211,10000000
52900,852.636,10000000
52901,853.802,10000000
52902,850.019,10000000
52903,856.138,10000000
52904,854.044,10000000
52905,851.553,10000000
52906,853.554,10000000
52907,854.042,10000000
52908,856.274,10000000
52909,855.480,10000000
52910,855.719,10000000
52911,854.422,10000000
52912,855.493,10000000
52913,856.346,10000000
52914,855.512,10000000
52915,854.287,10000000
52916,854.353,10000000
52917,854.215,10000000
52918,854.389,10000000
52919,854.171,10000000
52920,851.555,10000000
52921,847.012,10000000
52922,843.173,10000000
52923,844.488,10000000
52924,853.484,10000000
52925,855.447,10000000
52926,853.937,10000000
52927,852.775,10000000
52928,851.037,10000000
52929,849.160,10000000
52930,852.585,10000000
52931,853.814,10000000
52932,852.978,10000000
52933,854.033,10000000
52934,849.435,10000000
52935,850.610,10000000
52936,852.829,10000000
52937,851.921,10000000
52938,854.309,10000000
52939,853.455,10000000
52940,853.122,10000000
52941,851.559,10000000
52942,854.646,10000000
52943,853.608,10000000
52944,854.009,10000000
52945,853.716,10000000
52946,853.259,10000000
52947,847.453,10000000
52948,851.512,10000000
52949,854.840,10000000
52950,854.835,10000000
52951,853.360,10000000
52952,853.933,10000000
52953,854.509,10000000
52954,856.091,10000000
52955,854.731,10000000
52956,855.288,10000000
52957,854.993,10000000
52958,856.939,10000000
52959,851.635,10000000
52960,852.444,10000000
52961,854.944,10000000
52962,851.787,10000000
52963,853.139,10000000
52964,853.652,10000000
52965,851.489,10000000
52966,854.175,10000000
52967,849.262,10000000
52968,848.335,10000000
52969,849.684,10000000
52970,853.262,10000000
52971,852.290,10000000
52972,848.504,10000000
52973,849.683,10000000
52974,847.582,10000000
52975,843.662,10000000
52976,849.698,10000000
52977,853.858,10000000
52978,855.279,10000000
52979,854.461,10000000
52980,853.537,10000000
52981,853.554,10000000
52982,856.397,10000000
52983,853.708,10000000
52984,851.944,10000000
52985,847.829,10000000
52986,853.589,10000000
52987,854.231,10000000
52988,854.359,10000000
52989,855.375,10000000
52990,850.553,10000000
52991,853.138,10000000
52992,853.920,10000000
52993,852.269,10000000
52994,852.711,10000000
52995,848.897,10000000
52996,847.553,10000000
52997,849.499,10000000
52998,850.639,10000000
52999,849.602,10000000
53000,853.234,10000000
53001,854.120,10000000
53002,851.970,10000000
53003,852.113,10000000
53004,854.446,10000000
53005,856.046,10000000
53006,854.131,10000000
53007,851.720,10000000
53008,853.550,10000000
53009,851.772,10000000
53010,844.408,10000000
53011,847.973,10000000
53012,853.900,10000000
53013,852.131,10000000
53014,853.922,10000000
53015,849.862,10000000
53016,847.932,10000000
53017,853.508,10000000
53018,845.407,10000000
53019,851.153,10000000
53020,853.322,10000000
53021,854.916,10000000
53022,853.622,10000000
53023,853.566,10000000
53024,853.852,10000000
53025,853.636,10000000
53026,854.843,10000000
53027,855.745,10000000
53028,851.293,10000000
53029,847.655,10000000
53030,849.424,10000000
53031,850.691,10000000
53032,849.280,10000000
53033,849.105,10000000
53034,851.684,10000000
53035,854.685,10000000
53036,854.065,10000000
53037,855.822,10000000
53038,852.864,10000000
53039,853.802,10000000
53040,853.398,10000000
53041,852.573,10000000
53042,853.341,10000000
53043,852.071,10000000
53044,853.960,10000000
53045,854.158,10000000
53046,853.931,10000000
53047,852.660,10000000
53048,853.452,10000000
53049,853.115,10000000
53050,851.024,10000000
53051,853.839,10000000
53052,849.994,10000000
53053,852.778,10000000
53054,854.297,10000000
53055,854.977,10000000
53056,852.063,10000000
53057,852.526,10000000
53058,854.431,10000000
53059,854.779,10000000
53060,850.268,10000000
53061,851.057,10000000
53062,851.173,10000000
53063,845.429,10000000
53064,849.026,10000000
53065,852.078,10000000
53066,852.021,10000000
53067,852.240,10000000
53068,853.032,10000000
53069,856.012,10000000
53070,853.247,10000000
53071,851.703,10000000
53072,852.825,10000000
53073,851.752,10000000
53074,844.398,10000000
53075,842.782,10000000
53076,849.292,10000000
53077,852.824,10000000
53078,852.981,10000000
53079,854.504,10000000
53080,852.522,10000000
53081,851.656,10000000
53082,852.135,10000000
53083,846.822,10000000
53084,848.915,10000000
53085,849.018,10000000
53086,851.115,10000000
53087,851.314,10000000
53088,849.468,10000000
53089,845.819,10000000
53090,848.988,10000000
53091,851.890,10000000
53092,853.940,10000000
53093,851.181,10000000
53094,843.804,10000000
53095,846.934,10000000
53096,850.153,10000000
53097,851.831,10000000
53098,851.444,10000000
53099,850.625,10000000
53100,854.402,10000000
53101,854.385,10000000
53102,853.447,10000000
53103,851.594,10000000
53104,844.757,10000000
53105,850.897,10000000
53106,852.175,10000000
53107,851.679,10000000
53108,851.310,10000000
53109,852.404,10000000
53110,850.178,10000000
53111,852.322,10000000
53112,850.104,10000000
53113,867.841,10000000
53114,899.943,10000000
53115,910.813,10000000
53116,915.810,10000000
53117,905.270,10000000
53118,894.945,10000000
53119,906.454,10000000
53120,912.984,10000000
53121,915.539,10000000
53122,915.870,10000000
53123,917.509,10000000
53124,916.971,10000000
53125,908.182,10000000
53126,884.005,10000000
53127,872.946,10000000
53128,872.070,10000000
53129,873.312,10000000
53130,872.967,10000000
53131,872.111,10000000
53132,871.806,10000000
53133,872.973,10000000
53134,872.714,10000000
53135,874.224,10000000
53136,880.090,10000000
53137,878.537,10000000
53138,876.827,10000000
53139,871.669,10000000
53140,873.692,10000000
53141,876.193,10000000
53142,874.007,10000000
53143,873.391,10000000
53144,876.679,10000000
53145,876.974,10000000
53146,877.534,10000000
53147,873.011,10000000
53148,874.081,10000000
53149,871.318,10000000
53150,872.985,10000000
53151,874.103,10000000
53152,875.949,10000000
53153,874.911,10000000
53154,877.370,10000000
53155,876.956,10000000
53156,875.544,10000000
53157,874.938,10000000
53158,876.450,10000000
53159,877.874,10000000
53160,874.875,10000000
53161,872.225,10000000
53162,874.071,10000000
53163,874.680,10000000
53164,875.216,10000000
53165,874.049,10000000
53166,873.826,10000000
53167,874.272,10000000
53168,874.865,10000000
53169,871.894,10000000
53170,868.067,10000000
53171,871.354,10000000
53172,867.863,10000000
53173,872.449,10000000
53174,874.157,10000000
53175,876.656,10000000
53176,875.211,10000000
53177,874.771,10000000
53178,873.112,10000000
53179,868.008,10000000
53180,872.249,10000000
53181,876.956,10000000
53182,869.797,10000000
53183,870.996,10000000
53184,872.313,10000000
53185,873.671,10000000
53186,873.192,10000000
53187,872.673,10000000
53188,874.045,10000000
53189,873.994,10000000
53190,875.475,10000000
53191,874.333,10000000
53192,874.942,10000000
53193,868.724,10000000
53194,869.292,10000000
53195,872.674,10000000
53196,873.227,10000000
53197,871.053,10000000
53198,872.286,10000000
53199,871.191,10000000
53200,871.653,10000000
53201,872.688,10000000
53202,872.189,10000000
53203,873.450,10000000
53204,872.290,10000000
53205,871.381,10000000
53206,870.789,10000000
53207,872.407,10000000
53208,871.855,10000000
53209,872.126,10000000
53210,872.304,10000000
53211,871.284,10000000
53212,874.041,10000000
53213,871.641,10000000
53214,867.800,10000000
53215,867.191,10000000
53216,871.546,10000000
53217,871.184,10000000
53218,871.477,10000000
53219,871.112,10000000
53220,870.620,10000000
53221,873.096,10000000
53222,869.100,10000000
53223,869.485,10000000
53224,863.872,10000000
53225,869.597,10000000
53226,871.261,10000000
53227,871.086,10000000
53228,871.848,10000000
53229,870.654,10000000
53230,870.823,10000000
53231,871.940,10000000
53232,872.892,10000000
53233,869.227,10000000
53234,872.687,10000000
53235,874.004,10000000
53236,872.900,10000000
53237,871.473,10000000
53238,872.255,10000000
53239,871.448,10000000
53240,871.177,10000000
53241,872.973,10000000
53242,873.909,10000000
53243,874.057,10000000
53244,871.152,10000000
53245,863.935,10000000
53246,869.175,10000000
53247,870.638,10000000
53248,871.910,10000000
53249,870.460,10000000
53250,871.147,10000000
53251,869.009,10000000
53252,871.627,10000000
53253,870.703,10000000
53254,871.210,10000000
53255,872.079,10000000
53256,872.469,10000000
53257,872.335,10000000
53258,871.210,10000000
53259,871.807,10000000
53260,867.134,10000000
53261,869.096,10000000
53262,866.374,10000000
53263,869.444,10000000
53264,872.635,10000000
53265,872.071,10000000
53266,870.113,10000000
53267,869.667,10000000
53268,872.410,10000000
53269,873.183,10000000
53270,869.056,10000000
53271,869.604,10000000
53272,868.905,10000000
53273,871.097,10000000
53274,869.978,10000000
53275,870.418,10000000
53276,871.672,10000000
53277,872.253,10000000
53278,873.134,10000000
53279,873.283,10000000
53280,871.136,10000000
53281,860.763,10000000
53282,869.776,10000000
53283,871.285,10000000
53284,873.231,10000000
53285,873.538,10000000
53286,872.989,10000000
53287,870.402,10000000
53288,871.363,10000000
53289,867.374,10000000
53290,864.651,10000000
53291,867.592,10000000
53292,871.000,10000000
53293,869.950,10000000
53294,868.076,10000000
53295,871.981,10000000
53296,871.029,10000000
53297,871.548,10000000
53298,870.582,10000000
53299,871.413,10000000
53300,871.564,10000000
53301,871.229,10000000
53302,870.541,10000000
53303,871.428,10000000
53304,869.443,10000000
53305,870.476,10000000
53306,871.159,10000000
53307,869.251,10000000
53308,870.377,10000000
53309,870.236,10000000
53310,870.444,10000000
53311,870.686,10000000
53312,869.381,10000000
53313,869.404,10000000
53314,871.821,10000000
53315,870.604,10000000
53316,869.572,10000000
53317,871.002,10000000
53318,868.431,10000000
53319,870.396,10000000
53320,869.215,10000000
53321,866.832,10000000
53322,871.322,10000000
53323,870.914,10000000
53324,870.052,10000000
53325,871.621,10000000
53326,867.037,10000000
53327,868.379,10000000
53328,871.385,10000000
53329,871.359,10000000
53330,870.918,10000000
53331,870.882,10000000
53332,860.559,10000000
53333,860.339,10000000
53334,860.903,10000000
53335,866.854,10000000
53336,869.401,10000000
53337,869.931,10000000
53338,870.494,10000000
53339,870.485,10000000
53340,873.139,10000000
53341,871.729,10000000
53342,872.924,10000000
53343,873.307,10000000
53344,870.884,10000000
53345,872.468,10000000
53346,871.305,10000000
53347,871.160,10000000
53348,871.877,10000000
53349,871.365,10000000
53350,872.340,10000000
53351,868.645,10000000
53352,867.376,10000000
53353,864.642,10000000
53354,870.198,10000000
53355,870.600,10000000
53356,872.393,10000000
53357,870.686,10000000
53358,871.652,10000000
53359,870.668,10000000
53360,870.587,10000000
53361,870.602,10000000
53362,870.033,10000000
53363,867.550,10000000
53364,869.923,10000000
53365,871.036,10000000
53366,868.241,10000000
53367,869.698,10000000
53368,864.299,10000000
53369,868.869,10000000
53370,867.651,10000000
53371,869.107,10000000
53372,871.118,10000000
53373,866.775,10000000
53374,864.318,10000000
53375,865.799,10000000
53376,866.608,10000000
53377,868.303,10000000
53378,869.728,10000000
53379,869.709,10000000
53380,870.096,10000000
53381,867.617,10000000
53382,869.271,10000000
53383,868.482,10000000
53384,869.025,10000000
53385,866.578,10000000
53386,869.707,10000000
53387,868.481,10000000
53388,869.001,10000000
53389,868.668,10000000
53390,870.211,10000000
53391,867.238,10000000
53392,868.171,10000000
53393,869.046,10000000
53394,867.716,10000000
53395,868.325,10000000
53396,867.863,10000000
53397,867.677,10000000
53398,867.310,10000000
53399,860.771,10000000
53400,866.350,10000000
53401,868.258,10000000
53402,866.563,10000000
53403,864.198,10000000
53404,866.559,10000000
53405,865.039,10000000
53406,865.209,10000000
53407,867.854,10000000
53408,870.296,10000000
53409,870.355,10000000
53410,866.675,10000000
53411,867.167,10000000
53412,870.220,10000000
53413,869.703,10000000
53414,869.939,10000000
53415,868.901,10000000
53416,866.456,10000000
53417,868.276,10000000
53418,864.772,10000000
53419,863.935,10000000
53420,865.260,10000000
53421,868.765,10000000
53422,866.708,10000000
53423,867.610,10000000
53424,867.964,10000000
53425,867.939,10000000
53426,869.612,10000000
53427,870.477,10000000
53428,867.233,10000000
53429,858.787,10000000
53430,855.803,10000000
53431,863.455,10000000
53432,866.424,10000000
53433,864.690,10000000
53434,865.923,10000000
53435,856.323,10000000
53436,855.732,10000000
53437,863.132,10000000
53438,865.376,10000000
53439,864.269,10000000
53440,866.413,10000000
53441,868.093,10000000
53442,865.160,10000000
53443,866.287,10000000
53444,865.447,10000000
53445,868.622,10000000
53446,868.409,10000000
53447,866.324,10000000
53448,867.958,10000000
53449,867.820,10000000
53450,870.104,10000000
53451,866.496,10000000
53452,865.831,10000000
53453,867.436,10000000
53454,866.012,10000000
53455,866.687,10000000
53456,867.114,10000000
53457,867.543,10000000
53458,868.783,10000000
53459,868.076,10000000
53460,865.908,10000000
53461,867.518,10000000
53462,862.386,10000000
53463,864.013,10000000
53464,866.303,10000000
53465,864.045,10000000
53466,865.749,10000000
53467,867.506,10000000
53468,867.628,10000000
53469,866.160,10000000
53470,864.173,10000000
53471,865.178,10000000
53472,866.576,10000000
53473,867.309,10000000
53474,865.881,10000000
53475,862.587,10000000
53476,864.320,10000000
53477,864.868,10000000
53478,866.507,10000000
53479,865.961,10000000
53480,867.132,10000000
53481,864.765,10000000
53482,866.972,10000000
53483,864.262,10000000
53484,867.864,10000000
53485,867.888,10000000
53486,868.000,10000000
53487,867.745,10000000
53488,866.628,10000000
53489,866.384,10000000
53490,864.233,10000000
53491,865.102,10000000
53492,865.239,10000000
53493,867.868,10000000
53494,869.102,10000000
53495,867.584,10000000
53496,865.273,10000000
53497,865.840,10000000
53498,868.490,10000000
53499,867.005,10000000
53500,865.679,10000000
53501,865.075,10000000
53502,866.187,10000000
53503,856.875,10000000
53504,859.285,10000000
53505,862.500,10000000
53506,864.419,10000000
53507,865.334,10000000
53508,867.191,10000000
53509,865.263,10000000
53510,867.420,10000000
53511,866.314,10000000
53512,867.229,10000000
53513,866.327,10000000
53514,864.363,10000000
53515,867.799,10000000
53516,866.678,10000000
53517,864.863,10000000
53518,865.577,10000000
53519,865.449,10000000
53520,863.820,10000000
53521,861.903,10000000
53522,861.504,10000000
53523,863.218,10000000
53524,853.557,10000000
53525,863.166,10000000
53526,863.709,10000000
53527,864.882,10000000
53528,865.448,10000000
53529,865.140,10000000
53530,863.500,10000000
53531,863.703,10000000
53532,864.822,10000000
53533,864.390,10000000
53534,866.193,10000000
53535,863.561,10000000
53536,864.744,10000000
53537,866.793,10000000
53538,866.487,10000000
53539,863.359,10000000
53540,865.607,10000000
53541,866.676,10000000
53542,865.294,10000000
53543,865.686,10000000
53544,866.195,10000000
53545,863.887,10000000
53546,865.136,10000000
53547,866.668,10000000
53548,866.827,10000000
53549,867.703,10000000
53550,865.244,10000000
53551,863.214,10000000
53552,863.195,10000000
53553,861.064,10000000
53554,860.311,10000000
53555,864.260,10000000
53556,865.789,10000000
53557,866.917,10000000
53558,864.882,10000000
53559,866.159,10000000
53560,864.204,10000000
53561,865.041,10000000
53562,861.986,10000000
53563,859.996,10000000
53564,857.838,10000000
53565,860.766,10000000
53566,863.352,10000000
53567,863.898,10000000
53568,864.318,10000000
53569,866.862,10000000
53570,867.344,10000000
53571,870.611,10000000
53572,868.540,10000000
53573,865.630,10000000
53574,867.186,10000000
53575,867.950,10000000
53576,863.856,10000000
53577,865.857,10000000
53578,864.614,10000000
53579,865.876,10000000
53580,868.397,10000000
53581,868.620,10000000
53582,862.331,10000000
53583,862.819,10000000
53584,857.001,10000000
53585,861.572,10000000
53586,864.341,10000000
53587,864.188,10000000
53588,862.330,10000000
53589,865.450,10000000
53590,864.498,10000000
53591,864.616,10000000
53592,864.860,10000000
53593,864.441,10000000
53594,862.971,10000000
53595,862.361,10000000
53596,865.261,10000000
53597,860.575,10000000
53598,860.343,10000000
53599,862.337,10000000
53600,863.450,10000000
53601,861.927,10000000
53602,863.119,10000000
53603,864.241,10000000
53604,864.557,10000000
53605,865.424,10000000
53606,865.661,10000000
53607,864.757,10000000
53608,862.778,10000000
53609,864.183,10000000
53610,863.334,10000000
53611,866.192,10000000
53612,865.730,10000000
53613,864.449,10000000
53614,865.295,10000000
53615,866.038,10000000
53616,865.206,10000000
53617,864.996,10000000
53618,865.416,10000000
53619,861.161,10000000
53620,864.396,10000000
53621,863.990,10000000
53622,864.486,10000000
53623,864.775,10000000
53624,865.876,10000000
53625,864.338,10000000
53626,864.619,10000000
53627,865.063,10000000
53628,864.676,10000000
53629,864.596,10000000
53630,863.235,10000000
53631,864.247,10000000
53632,864.990,10000000
53633,862.576,10000000
53634,857.670,10000000
53635,860.251,10000000
53636,860.798,10000000
53637,862.402,10000000
53638,862.678,10000000
53639,863.010,10000000
53640,855.423,10000000
53641,862.350,10000000
53642,858.668,10000000
53643,859.310,10000000
53644,865.329,10000000
53645,866.026,10000000
53646,864.578,10000000
53647,862.891,10000000
53648,860.810,10000000
53649,862.306,10000000
53650,858.376,10000000
53651,859.648,10000000
53652,861.330,10000000
53653,860.901,10000000
53654,862.214,10000000
53655,862.068,10000000
53656,860.900,10000000
53657,862.547,10000000
53658,863.737,10000000
53659,863.057,10000000
53660,861.584,10000000
53661,864.243,10000000
53662,857.125,10000000
53663,859.161,10000000
53664,855.143,10000000
53665,860.071,10000000
53666,863.403,10000000
53667,863.182,10000000
53668,863.571,10000000
53669,861.176,10000000
53670,862.444,10000000
53671,864.383,10000000
53672,864.736,10000000
53673,864.866,10000000
53674,861.209,10000000
53675,865.037,10000000
53676,864.504,10000000
53677,863.923,10000000
53678,862.469,10000000
53679,864.598,10000000
53680,863.520,10000000
53681,863.979,10000000
53682,863.051,10000000
53683,863.305,10000000
53684,863.483,10000000
53685,860.822,10000000
53686,859.855,10000000
53687,861.697,10000000
53688,858.407,10000000
53689,860.449,10000000
53690,857.787,10000000
53691,859.752,10000000
53692,863.452,10000000
53693,863.245,10000000
53694,862.919,10000000
53695,861.507,10000000
53696,863.536,10000000
53697,862.832,10000000
53698,859.184,10000000
53699,858.365,10000000
53700,858.935,10000000
53701,854.804,10000000
53702,861.182,10000000
53703,862.612,10000000
53704,861.679,10000000
53705,864.707,10000000
53706,858.067,10000000
53707,863.136,10000000
53708,862.155,10000000
53709,862.072,10000000
53710,862.027,10000000
53711,863.946,10000000
53712,862.666,10000000
53713,863.355,10000000
53714,864.356,10000000
53715,862.810,10000000
53716,863.236,10000000
53717,861.354,10000000
53718,861.260,10000000
53719,861.642,10000000
53720,863.181,10000000
53721,859.917,10000000
53722,860.406,10000000
53723,863.676,10000000
53724,858.698,10000000
53725,859.987,10000000
53726,861.454,10000000
53727,861.127,10000000
53728,861.316,10000000
53729,864.195,10000000
53730,862.226,10000000
53731,864.002,10000000
53732,862.200,10000000
53733,863.508,10000000
53734,862.554,10000000
53735,859.882,10000000
53736,860.664,10000000
53737,861.101,10000000
53738,859.184,10000000
53739,860.646,10000000
53740,855.710,10000000
53741,855.937,10000000
53742,855.227,10000000
53743,860.477,10000000
53744,860.966,10000000
53745,862.204,10000000
53746,863.639,10000000
53747,862.704,10000000
53748,860.782,10000000
53749,858.363,10000000
53750,858.771,10000000
53751,859.609,10000000
53752,860.216,10000000
53753,860.965,10000000
53754,863.207,10000000
53755,859.467,10000000
53756,856.056,10000000
53757,859.042,10000000
53758,857.598,10000000
53759,860.621,10000000
53760,860.282,10000000
53761,860.186,10000000
53762,861.637,10000000
53763,863.455,10000000
53764,860.993,10000000
53765,859.989,10000000
53766,859.089,10000000
53767,859.693,10000000
53768,861.792,10000000
53769,861.081,10000000
53770,860.740,10000000
53771,861.142,10000000
53772,860.602,10000000
53773,854.070,10000000
53774,857.635,10000000
53775,860.887,10000000
53776,862.339,10000000
53777,862.212,10000000
53778,858.003,10000000
53779,859.092,10000000
53780,859.757,10000000
53781,858.489,10000000
53782,859.688,10000000
53783,855.531,10000000
53784,859.698,10000000
53785,857.617,10000000
53786,854.744,10000000
53787,856.232,10000000
53788,861.882,10000000
53789,861.124,10000000
53790,860.937,10000000
53791,859.349,10000000
53792,860.628,10000000
53793,861.684,10000000
53794,863.427,10000000
53795,862.420,10000000
53796,863.214,10000000
53797,863.520,10000000
53798,860.759,10000000
53799,861.559,10000000
53800,860.327,10000000
53801,861.383,10000000
53802,861.669,10000000
53803,861.401,10000000
53804,856.992,10000000
53805,858.302,10000000
53806,850.631,10000000
53807,855.747,10000000
53808,859.238,10000000
53809,860.859,10000000
53810,854.927,10000000
53811,853.803,10000000
53812,858.442,10000000
53813,859.943,10000000
53814,862.416,10000000
53815,862.259,10000000
53816,863.492,10000000
53817,861.476,10000000
53818,861.772,10000000
53819,863.454,10000000
53820,862.059,10000000
53821,860.522,10000000
53822,860.088,10000000
53823,857.833,10000000
53824,861.039,10000000
53825,862.075,10000000
53826,860.467,10000000
53827,861.082,10000000
53828,861.371,10000000
53829,861.091,10000000
53830,861.355,10000000
53831,861.868,10000000
53832,861.278,10000000
53833,860.880,10000000
53834,858.399,10000000
53835,856.396,10000000
53836,854.440,10000000
53837,858.413,10000000
53838,856.211,10000000
53839,850.348,10000000
53840,854.343,10000000
53841,858.803,10000000
53842,858.402,10000000
53843,860.003,10000000
53844,860.916,10000000
53845,856.617,10000000
53846,860.087,10000000
53847,859.790,10000000
53848,853.122,10000000
53849,861.106,10000000
53850,852.753,10000000
53851,855.209,10000000
53852,858.816,10000000
53853,852.445,10000000
53854,856.708,10000000
53855,859.473,10000000
53856,855.709,10000000
53857,857.300,10000000
53858,858.381,10000000
53859,854.328,10000000
53860,852.367,10000000
53861,854.913,10000000
53862,856.108,10000000
53863,859.675,10000000
53864,860.527,10000000
53865,860.349,10000000
53866,860.170,10000000
53867,861.108,10000000
53868,858.459,10000000
53869,858.617,10000000
53870,856.609,10000000
53871,859.066,10000000
53872,860.776,10000000
53873,855.771,10000000
53874,853.673,10000000
53875,859.243,10000000
53876,860.370,10000000
53877,859.992,10000000
53878,860.353,10000000
53879,858.807,10000000
53880,859.665,10000000
53881,861.127,10000000
53882,860.766,10000000
53883,860.731,10000000
53884,859.756,10000000
53885,859.551,10000000
53886,860.409,10000000
53887,862.743,10000000
53888,861.230,10000000
53889,857.258,10000000
53890,858.059,10000000
53891,859.267,10000000
53892,859.953,10000000
53893,861.787,10000000
53894,857.499,10000000
53895,853.446,10000000
53896,853.758,10000000
53897,856.945,10000000
53898,855.378,10000000
53899,852.091,10000000
53900,856.156,10000000
53901,860.004,10000000
53902,854.087,10000000
53903,852.866,10000000
53904,854.688,10000000
53905,853.141,10000000
53906,851.618,10000000
53907,856.331,10000000
53908,858.548,10000000
53909,859.711,10000000
53910,858.518,10000000
53911,858.919,10000000
53912,859.961,10000000
53913,862.327,10000000
53914,860.877,10000000
53915,856.544,10000000
53916,851.490,10000000
53917,855.117,10000000
53918,859.328,10000000
53919,851.857,10000000
53920,851.426,10000000
53921,857.101,10000000
53922,858.287,10000000
53923,859.489,10000000
53924,855.645,10000000
53925,852.841,10000000
53926,855.638,10000000
53927,858.654,10000000
53928,857.090,10000000
53929,857.636,10000000
53930,854.706,10000000
53931,853.266,10000000
53932,856.066,10000000
53933,857.327,10000000
53934,858.516,10000000
53935,856.498,10000000
53936,857.624,10000000
53937,857.128,10000000
53938,856.469,10000000
53939,859.632,10000000
53940,855.418,10000000
53941,856.128,10000000
53942,857.095,10000000
53943,856.097,10000000
53944,853.909,10000000
53945,856.036,10000000
53946,855.080,10000000
53947,856.284,10000000
53948,856.116,10000000
53949,854.419,10000000
53950,847.240,10000000
53951,853.665,10000000
53952,853.938,10000000
53953,857.224,10000000
53954,857.029,10000000
53955,858.429,10000000
53956,858.191,10000000
53957,859.407,10000000
53958,859.063,10000000
53959,855.949,10000000
53960,857.017,10000000
53961,857.695,10000000
53962,850.674,10000000
53963,848.755,10000000
53964,853.860,10000000
53965,843.585,10000000
53966,849.052,10000000
53967,853.835,10000000
53968,856.944,10000000
53969,849.377,10000000
53970,853.080,10000000
53971,850.456,10000000
53972,854.426,10000000
53973,857.886,10000000
53974,855.601,10000000
53975,850.521,10000000
53976,854.563,10000000
53977,849.607,10000000
53978,854.135,10000000
53979,856.918,10000000
53980,855.030,10000000
53981,856.654,10000000
53982,855.478,10000000
53983,853.696,10000000
53984,856.482,10000000
53985,857.737,10000000
53986,856.728,10000000
53987,855.537,10000000
53988,852.169,10000000
53989,853.966,10000000
53990,857.891,10000000
53991,859.433,10000000
53992,854.561,10000000
53993,856.657,10000000
53994,857.711,10000000
53995,855.421,10000000
53996,846.850,10000000
53997,847.107,10000000
53998,848.806,10000000
53999,849.344,10000000
54000,855.632,10000000
54001,853.908,10000000
54002,854.396,10000000
54003,858.381,10000000
54004,858.962,10000000
54005,853.181,10000000
54006,851.659,10000000
54007,856.464,10000000
54008,854.933,10000000
54009,858.147,10000000
54010,856.290,10000000
54011,856.834,10000000
54012,858.230,10000000
54013,856.163,10000000
54014,853.233,10000000
54015,854.914,10000000
54016,856.626,10000000
54017,857.778,10000000
54018,859.088,10000000
54019,858.551,10000000
54020,860.377,10000000
54021,858.911,10000000
54022,855.832,10000000
54023,852.583,10000000
54024,857.059,10000000
54025,859.702,10000000
54026,858.343,10000000
54027,857.413,10000000
54028,854.564,10000000
54029,856.722,10000000
54030,856.761,10000000
54031,855.988,10000000
54032,856.294,10000000
54033,857.551,10000000
54034,856.413,10000000
54035,858.111,10000000
54036,856.296,10000000
54037,857.531,10000000
54038,853.625,10000000
54039,853.600,10000000
54040,852.414,10000000
54041,855.404,10000000
54042,856.561,10000000
54043,854.606,10000000
54044,855.904,10000000
54045,854.458,10000000
54046,856.370,10000000
54047,854.030,10000000
54048,853.739,10000000
54049,854.430,10000000
54050,848.736,10000000
54051,853.620,10000000
54052,854.797,10000000
54053,854.952,10000000
54054,856.221,10000000
54055,855.685,10000000
54056,857.248,10000000
54057,855.434,10000000
54058,854.516,10000000
54059,856.565,10000000
54060,855.482,10000000
54061,855.366,10000000
54062,856.018,10000000
54063,854.815,10000000
54064,854.114,10000000
54065,855.138,10000000
54066,854.607,10000000
54067,853.713,10000000
54068,855.153,10000000
54069,853.534,10000000
54070,852.923,10000000
54071,856.226,10000000
54072,854.415,10000000
54073,852.729,10000000
54074,852.838,10000000
54075,856.471,10000000
54076,856.377,10000000
54077,854.828,10000000
54078,853.142,10000000
54079,857.220,10000000
54080,855.244,10000000
54081,855.693,10000000
54082,854.381,10000000
54083,854.148,10000000
54084,852.961,10000000
54085,854.477,10000000
54086,856.775,10000000
54087,856.499,10000000
54088,856.620,10000000
54089,853.228,10000000
54090,855.493,10000000
54091,856.214,10000000
54092,857.744,10000000
54093,849.593,10000000
54094,854.505,10000000
54095,855.469,10000000
54096,856.040,10000000
54097,855.257,10000000
54098,856.093,10000000
54099,856.741,10000000
54100,853.864,10000000
54101,855.240,10000000
54102,854.232,10000000
54103,887.085,10000000
54104,909.922,10000000
54105,919.402,10000000
54106,923.023,10000000
54107,908.958,10000000
54108,903.444,10000000
54109,917.310,10000000
54110,921.481,10000000
54111,923.316,10000000
54112,923.726,10000000
54113,924.588,10000000
54114,923.743,10000000
54115,906.884,10000000
54116,892.261,10000000
54117,884.193,10000000
54118,881.403,10000000
54119,880.736,10000000
54120,881.696,10000000
54121,881.270,10000000
54122,880.722,10000000
54123,880.888,10000000
54124,881.597,10000000
54125,877.628,10000000
54126,885.641,10000000
54127,885.641,10000000
54128,875.036,10000000
54129,880.392,10000000
54130,879.565,10000000
54131,879.751,10000000
54132,879.224,10000000
54133,874.650,10000000
54134,871.163,10000000
54135,877.313,10000000
54136,877.204,10000000
54137,881.250,10000000
54138,882.385,10000000
54139,883.118,10000000
54140,881.271,10000000
54141,882.245,10000000
54142,878.475,10000000
54143,876.920,10000000
54144,879.896,10000000
54145,877.580,10000000
54146,878.361,10000000
54147,878.575,10000000
54148,879.786,10000000
54149,874.985,10000000
54150,878.804,10000000
54151,879.876,10000000
54152,881.341,10000000
54153,879.579,10000000
54154,876.639,10000000
54155,877.538,10000000
54156,878.900,10000000
54157,875.357,10000000
54158,879.320,10000000
54159,877.081,10000000
54160,880.704,10000000
54161,880.334,10000000
54162,877.335,10000000
54163,880.972,10000000
54164,880.179,10000000
54165,876.595,10000000
54166,878.770,10000000
54167,879.642,10000000
54168,880.654,10000000
54169,880.367,10000000
54170,870.793,10000000
54171,872.907,10000000
54172,872.673,10000000
54173,876.021,10000000
54174,877.424,10000000
54175,878.126,10000000
54176,878.574,10000000
54177,879.328,10000000
54178,880.851,10000000
54179,879.141,10000000
54180,879.037,10000000
54181,879.282,10000000
54182,879.325,10000000
54183,879.074,10000000
54184,879.323,10000000
54185,878.364,10000000
54186,877.328,10000000
54187,874.844,10000000
54188,874.183,10000000
54189,876.665,10000000
54190,878.951,10000000
54191,879.753,10000000
54192,876.605,10000000
54193,880.195,10000000
54194,880.566,10000000
54195,877.966,10000000
54196,871.569,10000000
54197,870.758,10000000
54198,877.380,10000000
54199,876.881,10000000
54200,874.965,10000000
54201,874.962,10000000
54202,876.112,10000000
54203,878.033,10000000
54204,877.825,10000000
54205,878.170,10000000
54206,878.752,10000000
54207,878.248,10000000
54208,878.097,10000000
54209,872.766,10000000
54210,872.092,10000000
54211,875.117,10000000
54212,878.938,10000000
54213,879.715,10000000
54214,878.672,10000000
54215,879.443,10000000
54216,880.649,10000000
54217,874.175,10000000
54218,877.523,10000000
54219,878.961,10000000
54220,879.418,10000000
54221,877.137,10000000
54222,877.609,10000000
54223,877.278,10000000
54224,876.214,10000000
54225,874.670,10000000
54226,877.291,10000000
54227,878.487,10000000
54228,878.239,10000000
54229,877.790,10000000
54230,877.718,10000000
54231,878.959,10000000
54232,880.064,10000000
54233,878.222,10000000
54234,877.557,10000000
54235,878.893,10000000
54236,878.348,10000000
54237,875.764,10000000
54238,874.426,10000000
54239,877.574,10000000
54240,879.350,10000000
54241,876.418,10000000
54242,878.884,10000000
54243,878.566,10000000
54244,878.681,10000000
54245,874.051,10000000
54246,877.228,10000000
54247,873.515,10000000
54248,876.566,10000000
54249,877.551,10000000
54250,879.662,10000000
54251,879.607,10000000
54252,876.137,10000000
54253,874.844,10000000
54254,876.167,10000000
54255,876.122,10000000
54256,877.291,10000000
54257,878.538,10000000
54258,878.918,10000000
54259,879.264,10000000
54260,876.853,10000000
54261,876.355,10000000
54262,877.824,10000000
54263,878.391,10000000
54264,876.069,10000000
54265,876.842,10000000
54266,877.766,10000000
54267,878.256,10000000
54268,875.189,10000000
54269,873.256,10000000
54270,876.441,10000000
54271,877.781,10000000
54272,875.714,10000000
54273,875.249,10000000
54274,877.786,10000000
54275,876.737,10000000
54276,872.114,10000000
54277,874.976,10000000
54278,872.698,10000000
54279,876.012,10000000
54280,876.184,10000000
54281,873.476,10000000
54282,875.248,10000000
54283,876.511,10000000
54284,876.539,10000000
54285,875.391,10000000
54286,872.179,10000000
54287,872.762,10000000
54288,873.991,10000000
54289,874.006,10000000
54290,871.852,10000000
54291,873.474,10000000
54292,877.102,10000000
54293,875.829,10000000
54294,878.227,10000000
54295,877.639,10000000
54296,875.554,10000000
54297,876.998,10000000
54298,875.146,10000000
54299,874.113,10000000
54300,877.054,10000000
54301,873.779,10000000
54302,872.236,10000000
54303,869.460,10000000
54304,870.089,10000000
54305,870.524,10000000
54306,871.794,10000000
54307,872.756,10000000
54308,874.277,10000000
54309,874.595,10000000
54310,872.549,10000000
54311,872.399,10000000
54312,875.130,10000000
54313,877.359,10000000
54314,874.842,10000000
54315,867.041,10000000
54316,868.564,10000000
54317,871.610,10000000
54318,873.316,10000000
54319,873.409,10000000
54320,874.487,10000000
54321,875.630,10000000
54322,875.765,10000000
54323,873.679,10000000
54324,870.053,10000000
54325,872.955,10000000
54326,874.257,10000000
54327,873.980,10000000
54328,874.380,10000000
54329,875.418,10000000
54330,873.989,10000000
54331,873.182,10000000
54332,872.367,10000000
54333,874.672,10000000
54334,877.444,10000000
54335,873.713,10000000
54336,865.466,10000000
54337,868.377,10000000
54338,871.587,10000000
54339,874.347,10000000
54340,875.279,10000000
54341,874.393,10000000
54342,875.001,10000000
54343,873.395,10000000
54344,869.712,10000000
54345,873.585,10000000
54346,875.792,10000000
54347,870.617,10000000
54348,875.054,10000000
54349,872.720,10000000
54350,866.909,10000000
54351,870.633,10000000
54352,876.427,10000000
54353,873.582,10000000
54354,868.780,10000000
54355,870.544,10000000
54356,868.762,10000000
54357,870.905,10000000
54358,872.336,10000000
54359,872.542,10000000
54360,873.042,10000000
54361,873.508,10000000
54362,875.262,10000000
54363,873.549,10000000
54364,874.306,10000000
54365,873.367,10000000
54366,865.231,10000000
54367,869.465,10000000
54368,872.923,10000000
54369,872.679,10000000
54370,873.733,10000000
54371,871.822,10000000
54372,874.685,10000000
54373,873.172,10000000
54374,873.474,10000000
54375,873.327,10000000
54376,867.942,10000000
54377,871.115,10000000
54378,873.320,10000000
54379,866.902,10000000
54380,861.684,10000000
54381,868.394,10000000
54382,871.318,10000000
54383,872.560,10000000
54384,869.222,10000000
54385,868.508,10000000
54386,870.812,10000000
54387,870.582,10000000
54388,873.190,10000000
54389,873.389,10000000
54390,872.504,10000000
54391,864.673,10000000
54392,867.205,10000000
54393,869.450,10000000
54394,867.374,10000000
54395,869.232,10000000
54396,872.159,10000000
54397,871.199,10000000
54398,869.713,10000000
54399,872.197,10000000
54400,871.569,10000000
54401,867.728,10000000
54402,871.016,10000000
54403,871.235,10000000
54404,874.036,10000000
54405,873.012,10000000
54406,868.998,10000000
54407,873.107,10000000
54408,872.184,10000000
54409,871.585,10000000
54410,872.489,10000000
54411,870.544,10000000
54412,871.655,10000000
54413,870.519,10000000
54414,866.357,10000000
54415,869.242,10000000
54416,872.712,10000000
54417,870.914,10000000
54418,871.817,10000000
54419,870.934,10000000
54420,871.652,10000000
54421,872.603,10000000
54422,869.609,10000000
54423,869.516,10000000
54424,871.621,10000000
54425,870.477,10000000
54426,871.081,10000000
54427,871.966,10000000
54428,871.551,10000000
54429,868.664,10000000
54430,869.474,10000000
54431,870.048,10000000
54432,871.464,10000000
54433,867.351,10000000
54434,869.883,10000000
54435,869.230,10000000
54436,869.826,10000000
54437,868.113,10000000
54438,869.644,10000000
54439,870.909,10000000
54440,869.034,10000000
54441,868.062,10000000
54442,871.647,10000000
54443,869.854,10000000
54444,867.774,10000000
54445,866.771,10000000
54446,870.280,10000000
54447,870.319,10000000
54448,868.251,10000000
54449,869.299,10000000
54450,869.937,10000000
54451,871.959,10000000
54452,870.296,10000000
54453,873.508,10000000
54454,866.074,10000000
54455,869.407,10000000
54456,869.837,10000000
54457,869.287,10000000
54458,871.980,10000000
54459,874.891,10000000
54460,872.967,10000000
54461,871.999,10000000
54462,869.393,10000000
54463,871.143,10000000
54464,873.574,10000000
54465,873.765,10000000
54466,873.936,10000000
54467,872.772,10000000
54468,871.178,10000000
54469,868.534,10000000
54470,871.559,10000000
54471,868.589,10000000
54472,867.417,10000000
54473,865.154,10000000
54474,860.889,10000000
54475,866.998,10000000
54476,867.496,10000000
54477,869.809,10000000
54478,869.422,10000000
54479,870.743,10000000
54480,871.941,10000000
54481,871.503,10000000
54482,870.315,10000000
54483,870.354,10000000
54484,868.808,10000000
54485,867.229,10000000
54486,866.914,10000000
54487,868.809,10000000
54488,869.785,10000000
54489,873.013,10000000
54490,872.378,10000000
54491,871.296,10000000
54492,869.691,10000000
54493,869.012,10000000
54494,864.184,10000000
54495,868.065,10000000
54496,870.421,10000000
54497,863.593,10000000
54498,865.858,10000000
54499,868.482,10000000
54500,870.847,10000000
54501,870.997,10000000
54502,871.000,10000000
54503,866.420,10000000
54504,868.293,10000000
54505,872.210,10000000
54506,868.578,10000000
54507,869.236,10000000
54508,868.800,10000000
54509,867.476,10000000
54510,870.739,10000000
54511,871.893,10000000
54512,872.407,10000000
54513,871.874,10000000
54514,869.714,10000000
54515,870.879,10000000
54516,869.965,10000000
54517,869.661,10000000
54518,871.757,10000000
54519,866.378,10000000
54520,865.079,10000000
54521,862.787,10000000
54522,870.236,10000000
54523,870.438,10000000
54524,870.665,10000000
54525,868.124,10000000
54526,867.533,10000000
54527,869.454,10000000
54528,865.912,10000000
54529,868.523,10000000
54530,866.289,10000000
54531,869.193,10000000
54532,865.879,10000000
54533,865.673,10000000
54534,865.070,10000000
54535,867.904,10000000
54536,870.185,10000000
54537,870.747,10000000
54538,868.533,10000000
54539,865.520,10000000
54540,858.280,10000000
54541,858.721,10000000
54542,865.725,10000000
54543,868.741,10000000
54544,869.661,10000000
54545,868.651,10000000
54546,869.904,10000000
54547,870.391,10000000
54548,866.762,10000000
54549,865.353,10000000
54550,864.120,10000000
54551,866.086,10000000
54552,866.919,10000000
54553,868.287,10000000
54554,870.364,10000000
54555,871.852,10000000
54556,871.055,10000000
54557,869.533,10000000
54558,859.381,10000000
54559,864.273,10000000
54560,865.780,10000000
54561,864.174,10000000
54562,866.550,10000000
54563,866.882,10000000
54564,867.905,10000000
54565,865.596,10000000
54566,866.082,10000000
54567,867.440,10000000
54568,866.723,10000000
54569,867.785,10000000
54570,867.817,10000000
54571,860.865,10000000
54572,864.433,10000000
54573,866.895,10000000
54574,863.884,10000000
54575,867.343,10000000
54576,867.572,10000000
54577,869.564,10000000
54578,868.050,10000000
54579,868.211,10000000
54580,865.831,10000000
54581,867.969,10000000
54582,867.982,10000000
54583,868.043,10000000
54584,869.854,10000000
54585,869.841,10000000
54586,868.076,10000000
54587,869.374,10000000
54588,867.061,10000000
54589,864.870,10000000
54590,866.535,10000000
54591,865.573,10000000
54592,869.394,10000000
54593,868.864,10000000
54594,864.700,10000000
54595,866.967,10000000
54596,866.481,10000000
54597,866.746,10000000
54598,861.310,10000000
54599,863.639,10000000
54600,867.420,10000000
54601,869.262,10000000
54602,868.324,10000000
54603,867.797,10000000
54604,864.139,10000000
54605,865.846,10000000
54606,866.566,10000000
54607,866.863,10000000
54608,865.155,10000000
54609,859.617,10000000
54610,862.541,10000000
54611,860.418,10000000
54612,858.068,10000000
54613,862.895,10000000
54614,864.598,10000000
54615,867.556,10000000
54616,867.727,10000000
54617,867.201,10000000
54618,867.905,10000000
54619,867.618,10000000
54620,868.329,10000000
54621,865.764,10000000
54622,861.340,10000000
54623,866.022,10000000
54624,868.344,10000000
54625,866.042,10000000
54626,865.072,10000000
54627,867.300,10000000
54628,868.996,10000000
54629,869.240,10000000
54630,869.009,10000000
54631,865.089,10000000
54632,867.227,10000000
54633,869.386,10000000
54634,867.946,10000000
54635,867.541,10000000
54636,864.132,10000000
54637,859.759,10000000
54638,865.298,10000000
54639,864.582,10000000
54640,868.576,10000000
54641,867.619,10000000
54642,868.540,10000000
54643,866.385,10000000
54644,864.247,10000000
54645,864.362,10000000
54646,866.853,10000000
54647,866.059,10000000
54648,867.446,10000000
54649,867.541,10000000
54650,868.253,10000000
54651,867.658,10000000
54652,865.948,10000000
54653,866.391,10000000
54654,867.836,10000000
54655,867.920,10000000
54656,865.184,10000000
54657,867.610,10000000
54658,866.839,10000000
54659,867.145,10000000
54660,867.002,10000000
54661,860.448,10000000
54662,865.957,10000000
54663,863.892,10000000
54664,864.719,10000000
54665,861.536,10000000
54666,857.682,10000000
54667,863.871,10000000
54668,865.460,10000000
54669,864.580,10000000
54670,856.544,10000000
54671,860.955,10000000
54672,861.354,10000000
54673,865.115,10000000
54674,864.655,10000000
54675,864.989,10000000
54676,868.414,10000000
54677,867.634,10000000
54678,866.394,10000000
54679,866.424,10000000
54680,868.623,10000000
54681,868.970,10000000
54682,864.669,10000000
54683,864.294,10000000
54684,866.328,10000000
54685,867.587,10000000
54686,868.159,10000000
54687,866.818,10000000
54688,865.428,10000000
54689,866.606,10000000
54690,869.073,10000000
54691,866.859,10000000
54692,866.619,10000000
54693,866.612,10000000
54694,865.179,10000000
54695,866.519,10000000
54696,866.243,10000000
54697,868.238,10000000
54698,868.442,10000000
54699,867.521,10000000
54700,868.745,10000000
54701,868.730,10000000
54702,866.823,10000000
54703,866.774,10000000
54704,864.259,10000000
54705,865.307,10000000
54706,866.900,10000000
54707,864.435,10000000
54708,864.295,10000000
54709,865.669,10000000
54710,866.594,10000000
54711,862.254,10000000
54712,858.622,10000000
54713,862.509,10000000
54714,861.488,10000000
54715,864.285,10000000
54716,863.232,10000000
54717,865.165,10000000
54718,865.992,10000000
54719,865.681,10000000
54720,865.087,10000000
54721,865.153,10000000
54722,865.072,10000000
54723,865.053,10000000
54724,863.788,10000000
54725,863.602,10000000
54726,859.255,10000000
54727,857.873,10000000
54728,856.654,10000000
54729,863.183,10000000
54730,865.169,10000000
54731,864.440,10000000
54732,865.813,10000000
54733,864.439,10000000
54734,864.413,10000000
54735,862.964,10000000
54736,864.320,10000000
54737,862.679,10000000
54738,861.715,10000000
54739,855.342,10000000
54740,860.390,10000000
54741,861.058,10000000
54742,863.193,10000000
54743,863.715,10000000
54744,864.430,10000000
54745,864.375,10000000
54746,863.085,10000000
54747,855.810,10000000
54748,861.361,10000000
54749,863.059,10000000
54750,864.027,10000000
54751,861.908,10000000
54752,859.861,10000000
54753,861.871,10000000
54754,860.703,10000000
54755,860.814,10000000
54756,860.087,10000000
54757,862.885,10000000
54758,863.199,10000000
54759,862.366,10000000
54760,862.046,10000000
54761,860.674,10000000
54762,861.406,10000000
54763,859.825,10000000
54764,856.125,10000000
54765,858.483,10000000
54766,857.088,10000000
54767,860.308,10000000
54768,860.109,10000000
54769,862.421,10000000
54770,859.988,10000000
54771,857.795,10000000
54772,861.535,10000000
54773,863.755,10000000
54774,857.320,10000000
54775,854.536,10000000
54776,855.283,10000000
54777,860.448,10000000
54778,862.905,10000000
54779,863.652,10000000
54780,860.307,10000000
54781,853.957,10000000
54782,858.142,10000000
54783,863.610,10000000
54784,860.109,10000000
54785,862.440,10000000
54786,862.709,10000000
54787,863.506,10000000
54788,862.525,10000000
54789,862.417,10000000
54790,859.826,10000000
54791,862.674,10000000
54792,862.254,10000000
54793,863.099,10000000
54794,863.685,10000000
54795,862.330,10000000
54796,859.739,10000000
54797,856.981,10000000
54798,862.572,10000000
54799,861.681,10000000
54800,862.498,10000000
54801,862.783,10000000
54802,862.155,10000000
54803,861.028,10000000
54804,861.476,10000000
54805,861.044,10000000
54806,858.767,10000000
54807,857.562,10000000
54808,857.979,10000000
54809,860.391,10000000
54810,860.600,10000000
54811,862.309,10000000
54812,863.015,10000000
54813,862.304,10000000
54814,860.496,10000000
54815,861.280,10000000
54816,859.346,10000000
54817,858.232,10000000
54818,860.314,10000000
54819,858.582,10000000
54820,860.713,10000000
54821,858.277,10000000
54822,859.487,10000000
54823,861.357,10000000
54824,859.843,10000000
54825,858.663,10000000
54826,862.406,10000000
54827,864.799,10000000
54828,862.761,10000000
54829,861.234,10000000
54830,860.462,10000000
54831,858.485,10000000
54832,861.547,10000000
54833,859.605,10000000
54834,860.318,10000000
54835,859.834,10000000
54836,858.059,10000000
54837,855.189,10000000
54838,854.836,10000000
54839,856.270,10000000
54840,858.769,10000000
54841,861.485,10000000
54842,856.332,10000000
54843,856.848,10000000
54844,861.157,10000000
54845,860.533,10000000
54846,861.343,10000000
54847,859.076,10000000
54848,860.085,10000000
54849,859.346,10000000
54850,861.410,10000000
54851,860.483,10000000
54852,859.845,10000000
54853,859.826,10000000
54854,863.239,10000000
54855,860.459,10000000
54856,862.443,10000000
54857,852.502,10000000
54858,849.908,10000000
54859,848.158,10000000
54860,849.359,10000000
54861,858.005,10000000
54862,858.186,10000000
54863,857.012,10000000
54864,859.323,10000000
54865,861.171,10000000
54866,860.106,10000000
54867,852.607,10000000
54868,855.058,10000000
54869,859.349,10000000
54870,855.935,10000000
54871,859.826,10000000
54872,860.208,10000000
54873,860.489,10000000
54874,863.695,10000000
54875,859.694,10000000
54876,859.781,10000000
54877,859.758,10000000
54878,853.464,10000000
54879,854.386,10000000
54880,855.643,10000000
54881,859.125,10000000
54882,859.905,10000000
54883,859.669,10000000
54884,859.264,10000000
54885,858.126,10000000
54886,857.123,10000000
54887,856.089,10000000
54888,857.169,10000000
54889,858.305,10000000
54890,856.047,10000000
54891,858.626,10000000
54892,857.061,10000000
54893,858.329,10000000
54894,859.849,10000000
54895,859.936,10000000
54896,855.834,10000000
54897,858.969,10000000
54898,859.496,10000000
54899,858.661,10000000
54900,859.295,10000000
54901,860.620,10000000
54902,860.672,10000000
54903,858.589,10000000
54904,858.349,10000000
54905,859.943,10000000
54906,861.067,10000000
54907,859.078,10000000
54908,861.584,10000000
54909,862.493,10000000
54910,861.868,10000000
54911,859.333,10000000
54912,861.483,10000000
54913,862.593,10000000
54914,862.703,10000000
54915,861.311,10000000
54916,862.768,10000000
54917,860.498,10000000
54918,860.500,10000000
54919,855.513,10000000
54920,855.715,10000000
54921,861.631,10000000
54922,858.673,10000000
54923,856.099,10000000
54924,851.896,10000000
54925,850.643,10000000
54926,856.229,10000000
54927,858.241,10000000
54928,856.208,10000000
54929,854.096,10000000
54930,858.877,10000000
54931,860.453,10000000
54932,859.242,10000000
54933,859.540,10000000
54934,859.648,10000000
54935,859.884,10000000
54936,861.057,10000000
54937,860.370,10000000
54938,857.052,10000000
54939,858.707,10000000
54940,857.420,10000000
54941,859.290,10000000
54942,858.221,10000000
54943,858.584,10000000
54944,860.061,10000000
54945,859.519,10000000
54946,857.780,10000000
54947,859.953,10000000
54948,857.769,10000000
54949,856.998,10000000
54950,856.312,10000000
54951,851.552,10000000
54952,856.280,10000000
54953,859.924,10000000
54954,858.535,10000000
54955,858.994,10000000
54956,860.249,10000000
54957,860.279,10000000
54958,859.812,10000000
54959,859.495,10000000
54960,858.053,10000000
54961,857.917,10000000
54962,856.195,10000000
54963,857.652,10000000
54964,854.282,10000000
54965,855.575,10000000
54966,858.623,10000000
54967,856.378,10000000
54968,859.215,10000000
54969,856.843,10000000
54970,858.770,10000000
54971,853.891,10000000
54972,853.696,10000000
54973,859.882,10000000
54974,859.320,10000000
54975,858.660,10000000
54976,860.181,10000000
54977,859.794,10000000
54978,859.816,10000000
54979,859.856,10000000
54980,856.247,10000000
54981,856.066,10000000
54982,858.552,10000000
54983,859.339,10000000
54984,854.328,10000000
54985,853.407,10000000
54986,857.076,10000000
54987,858.032,10000000
54988,859.042,10000000
54989,858.763,10000000
54990,858.168,10000000
54991,853.614,10000000
54992,857.347,10000000
54993,857.049,10000000
54994,858.445,10000000
54995,858.874,10000000
54996,857.335,10000000
54997,858.190,10000000
54998,858.731,10000000
54999,856.147,10000000
55000,859.169,10000000
55001,854.561,10000000
55002,857.588,10000000
55003,859.706,10000000
55004,859.847,10000000
55005,859.223,10000000
55006,859.771,10000000
55007,861.014,10000000
55008,862.406,10000000
55009,858.405,10000000
55010,856.551,10000000
55011,855.965,10000000
55012,858.453,10000000
55013,856.711,10000000
55014,855.442,10000000
55015,857.236,10000000
55016,858.957,10000000
55017,860.385,10000000
55018,860.315,10000000
55019,858.722,10000000
55020,855.851,10000000
55021,858.386,10000000
55022,858.173,10000000
55023,859.527,10000000
55024,860.090,10000000
55025,852.972,10000000
55026,858.126,10000000
55027,857.767,10000000
55028,855.653,10000000
55029,858.433,10000000
55030,859.117,10000000
55031,857.972,10000000
55032,858.701,10000000
55033,860.222,10000000
55034,858.135,10000000
55035,849.773,10000000
55036,853.584,10000000
55037,858.967,10000000
55038,861.198,10000000
55039,857.205,10000000
55040,854.747,10000000
55041,852.010,10000000
55042,855.570,10000000
55043,859.360,10000000
55044,858.081,10000000
55045,856.564,10000000
55046,859.109,10000000
55047,858.738,10000000
55048,859.153,10000000
55049,855.972,10000000
55050,858.314,10000000
55051,858.945,10000000
55052,855.070,10000000
55053,849.888,10000000
55054,855.202,10000000
55055,858.479,10000000
55056,857.658,10000000
55057,853.076,10000000
55058,848.647,10000000
55059,853.590,10000000
55060,855.214,10000000
55061,855.547,10000000
55062,854.953,10000000
55063,853.372,10000000
55064,856.823,10000000
55065,855.249,10000000
55066,851.663,10000000
55067,852.267,10000000
55068,856.094,10000000
55069,856.049,10000000
55070,854.718,10000000
55071,855.322,10000000
55072,856.997,10000000
55073,856.265,10000000
55074,852.959,10000000
55075,853.993,10000000
55076,858.073,10000000
55077,858.019,10000000
55078,856.126,10000000
55079,854.146,10000000
55080,858.990,10000000
55081,853.582,10000000
55082,855.989,10000000
55083,855.964,10000000
55084,855.068,10000000
55085,852.833,10000000
55086,857.313,10000000
55087,854.624,10000000
55088,855.293,10000000
55089,857.424,10000000
55090,858.786,10000000
55091,858.023,10000000
55092,854.889,10000000
55093,895.959,10000000
55094,913.736,10000000
55095,923.312,10000000
55096,924.535,10000000
55097,907.313,10000000
55098,909.118,10000000
55099,919.346,10000000
55100,923.857,10000000
55101,925.570,10000000
55102,926.099,10000000
55103,923.964,10000000
55104,923.949,10000000
55105,904.678,10000000
55106,883.063,10000000
55107,876.013,10000000
55108,876.505,10000000
55109,880.832,10000000
55110,880.937,10000000
55111,881.786,10000000
55112,879.605,10000000
55113,878.983,10000000
55114,880.565,10000000
55115,885.015,10000000
55116,886.990,10000000
55117,884.641,10000000
55118,882.590,10000000
55119,877.917,10000000
55120,883.679,10000000
55121,885.178,10000000
55122,878.126,10000000
55123,873.543,10000000
55124,880.263,10000000
55125,877.327,10000000
55126,879.360,10000000
55127,874.854,10000000
55128,876.396,10000000
55129,879.490,10000000
55130,881.570,10000000
55131,880.489,10000000
55132,878.970,10000000
55133,878.616,10000000
55134,881.332,10000000
55135,881.563,10000000
55136,881.480,10000000
55137,880.656,10000000
55138,882.266,10000000
55139,879.905,10000000
55140,876.468,10000000
55141,879.630,10000000
55142,882.917,10000000
55143,875.184,10000000
55144,875.746,10000000
55145,879.485,10000000
55146,882.644,10000000
55147,883.792,10000000
55148,877.480,10000000
55149,878.464,10000000
55150,879.683,10000000
55151,881.116,10000000
55152,879.646,10000000
55153,880.920,10000000
55154,881.403,10000000
55155,882.553,10000000
55156,882.762,10000000
55157,880.619,10000000
55158,882.322,10000000
55159,881.653,10000000
55160,881.481,10000000
55161,879.908,10000000
55162,881.903,10000000
55163,881.068,10000000
55164,880.588,10000000
55165,881.028,10000000
55166,875.253,10000000
55167,879.266,10000000
55168,878.062,10000000
55169,878.769,10000000
55170,877.924,10000000
55171,881.585,10000000
55172,876.312,10000000
55173,878.076,10000000
55174,878.627,10000000
55175,879.900,10000000
55176,879.975,10000000
55177,879.209,10000000
55178,878.352,10000000
55179,872.680,10000000
55180,875.312,10000000
55181,876.953,10000000
55182,877.538,10000000
55183,878.105,10000000
55184,877.566,10000000
55185,878.965,10000000
55186,880.071,10000000
55187,880.388,10000000
55188,877.962,10000000
55189,876.962,10000000
55190,879.008,10000000
55191,878.080,10000000
55192,879.434,10000000
55193,872.654,10000000
55194,874.482,10000000
55195,876.582,10000000
55196,875.979,10000000
55197,877.559,10000000
55198,877.511,10000000
55199,873.514,10000000
55200,875.348,10000000
55201,871.877,10000000
55202,870.447,10000000
55203,875.338,10000000
55204,876.150,10000000
55205,879.668,10000000
55206,877.983,10000000
55207,879.841,10000000
55208,880.155,10000000
55209,881.930,10000000
55210,878.811,10000000
55211,878.698,10000000
55212,879.041,10000000
55213,878.590,10000000
55214,880.106,10000000
55215,879.594,10000000
55216,880.293,10000000
55217,879.401,10000000
55218,878.080,10000000
55219,877.838,10000000
55220,877.529,10000000
55221,878.109,10000000
55222,875.377,10000000
55223,875.498,10000000
55224,878.197,10000000
55225,877.147,10000000
55226,878.759,10000000
55227,877.892,10000000
55228,878.476,10000000
55229,879.495,10000000
55230,879.762,10000000
55231,879.008,10000000
55232,876.508,10000000
55233,878.484,10000000
55234,880.387,10000000
55235,874.080,10000000
55236,872.117,10000000
55237,877.420,10000000
55238,879.417,10000000
55239,877.332,10000000
55240,879.113,10000000
55241,879.345,10000000
55242,875.782,10000000
55243,875.115,10000000
55244,877.971,10000000
55245,872.909,10000000
55246,874.419,10000000
55247,868.448,10000000
55248,871.922,10000000
55249,877.962,10000000
55250,876.809,10000000
55251,876.634,10000000
55252,875.724,10000000
55253,875.876,10000000
55254,873.495,10000000
55255,876.928,10000000
55256,875.916,10000000
55257,873.649,10000000
55258,876.246,10000000
55259,877.135,10000000
55260,874.352,10000000
55261,876.716,10000000
55262,877.834,10000000
55263,878.234,10000000
55264,875.303,10000000
55265,877.921,10000000
55266,878.619,10000000
55267,878.224,10000000
55268,878.593,10000000
55269,877.296,10000000
55270,877.177,10000000
55271,877.290,10000000
55272,872.329,10000000
55273,876.390,10000000
55274,875.211,10000000
55275,879.290,10000000
55276,878.577,10000000
55277,879.131,10000000
55278,878.516,10000000
55279,877.964,10000000
55280,877.977,10000000
55281,878.670,10000000
55282,877.627,10000000
55283,878.267,10000000
55284,878.841,10000000
55285,873.433,10000000
55286,876.610,10000000
55287,877.414,10000000
55288,876.913,10000000
55289,875.922,10000000
55290,871.596,10000000
55291,873.149,10000000
55292,865.529,10000000
55293,870.148,10000000
55294,871.754,10000000
55295,873.627,10000000
55296,875.800,10000000
55297,875.762,10000000
55298,875.120,10000000
55299,875.094,10000000
55300,873.393,10000000
55301,875.363,10000000
55302,867.910,10000000
55303,871.303,10000000
55304,874.032,10000000
55305,876.227,10000000
55306,874.128,10000000
55307,874.239,10000000
55308,875.120,10000000
55309,877.110,10000000
55310,876.609,10000000
55311,873.380,10000000
55312,876.828,10000000
55313,875.842,10000000
55314,867.365,10000000
55315,865.253,10000000
55316,872.325,10000000
55317,875.213,10000000
55318,875.667,10000000
55319,873.710,10000000
55320,872.934,10000000
55321,869.991,10000000
55322,873.134,10000000
55323,872.112,10000000
55324,875.236,10000000
55325,875.880,10000000
55326,874.611,10000000
55327,873.724,10000000
55328,873.641,10000000
55329,875.858,10000000
55330,876.292,10000000
55331,872.463,10000000
55332,872.577,10000000
55333,875.080,10000000
55334,877.964,10000000
55335,874.707,10000000
55336,871.047,10000000
55337,873.862,10000000
55338,868.741,10000000
55339,871.901,10000000
55340,872.966,10000000
55341,873.999,10000000
55342,872.628,10000000
55343,873.308,10000000
55344,874.266,10000000
55345,873.862,10000000
55346,874.419,10000000
55347,873.004,10000000
55348,871.470,10000000
55349,870.561,10000000
55350,872.864,10000000
55351,874.496,10000000
55352,873.470,10000000
55353,873.878,10000000
55354,871.283,10000000
55355,871.342,10000000
55356,874.129,10000000
55357,866.556,10000000
55358,866.940,10000000
55359,872.283,10000000
55360,871.799,10000000
55361,872.715,10000000
55362,872.235,10000000
55363,873.403,10000000
55364,872.755,10000000
55365,873.619,10000000
55366,873.407,10000000
55367,872.296,10000000
55368,872.892,10000000
55369,873.617,10000000
55370,872.676,10000000
55371,871.479,10000000
55372,869.731,10000000
55373,870.389,10000000
55374,868.179,10000000
55375,868.007,10000000
55376,872.489,10000000
55377,875.201,10000000
55378,874.691,10000000
55379,876.560,10000000
55380,867.967,10000000
55381,867.862,10000000
55382,873.138,10000000
55383,867.045,10000000
55384,870.335,10000000
55385,870.937,10000000
55386,875.158,10000000
55387,876.186,10000000
55388,869.940,10000000
55389,872.689,10000000
55390,874.848,10000000
55391,873.854,10000000
55392,873.381,10000000
55393,870.956,10000000
55394,870.483,10000000
55395,870.446,10000000
55396,871.178,10000000
55397,871.130,10000000
55398,870.870,10000000
55399,870.552,10000000
55400,872.157,10000000
55401,872.716,10000000
55402,872.081,10000000
55403,873.083,10000000
55404,868.923,10000000
55405,871.668,10000000
55406,868.917,10000000
55407,873.552,10000000
55408,873.800,10000000
55409,872.578,10000000
55410,871.138,10000000
55411,868.106,10000000
55412,869.533,10000000
55413,872.889,10000000
55414,872.846,10000000
55415,871.796,10000000
55416,872.470,10000000
55417,872.130,10000000
55418,867.588,10000000
55419,870.916,10000000
55420,870.785,10000000
55421,875.011,10000000
55422,869.898,10000000
55423,868.291,10000000
55424,865.754,10000000
55425,864.168,10000000
55426,869.108,10000000
55427,870.248,10000000
55428,872.538,10000000
55429,872.499,10000000
55430,867.503,10000000
55431,864.972,10000000
55432,868.657,10000000
55433,870.091,10000000
55434,870.012,10000000
55435,869.155,10000000
55436,869.375,10000000
55437,869.955,10000000
55438,870.145,10000000
55439,871.133,10000000
55440,872.842,10000000
55441,870.884,10000000
55442,870.156,10000000
55443,871.949,10000000
55444,866.291,10000000
55445,869.603,10000000
55446,872.342,10000000
55447,865.370,10000000
55448,866.339,10000000
55449,870.227,10000000
55450,870.948,10000000
55451,871.474,10000000
55452,871.256,10000000
55453,870.509,10000000
55454,872.153,10000000
55455,870.483,10000000
55456,871.867,10000000
55457,871.544,10000000
55458,873.298,10000000
55459,873.932,10000000
55460,871.571,10000000
55461,868.334,10000000
55462,871.950,10000000
55463,872.562,10000000
55464,870.726,10000000
55465,871.691,10000000
55466,870.789,10000000
55467,870.008,10000000
55468,869.790,10000000
55469,870.012,10000000
55470,870.794,10000000
55471,871.734,10000000
55472,871.715,10000000
55473,870.029,10000000
55474,872.152,10000000
55475,871.963,10000000
55476,867.241,10000000
55477,867.330,10000000
55478,867.355,10000000
55479,870.176,10000000
55480,871.973,10000000
55481,870.431,10000000
55482,869.863,10000000
55483,871.379,10000000
55484,864.353,10000000
55485,864.256,10000000
55486,865.216,10000000
55487,867.061,10000000
55488,869.668,10000000
55489,870.950,10000000
55490,867.835,10000000
55491,868.658,10000000
55492,868.422,10000000
55493,864.787,10000000
55494,866.886,10000000
55495,870.066,10000000
55496,872.657,10000000
55497,870.236,10000000
55498,867.451,10000000
55499,857.261,10000000
55500,865.151,10000000
55501,865.684,10000000
55502,865.046,10000000
55503,866.277,10000000
55504,868.729,10000000
55505,870.140,10000000
55506,868.024,10000000
55507,866.542,10000000
55508,869.747,10000000
55509,871.116,10000000
55510,867.777,10000000
55511,867.521,10000000
55512,867.162,10000000
55513,868.658,10000000
55514,868.701,10000000
55515,868.456,10000000
55516,870.033,10000000
55517,861.256,10000000
55518,861.955,10000000
55519,860.382,10000000
55520,866.004,10000000
55521,867.201,10000000
55522,869.538,10000000
55523,870.093,10000000
55524,868.155,10000000
55525,868.802,10000000
55526,870.942,10000000
55527,865.742,10000000
55528,862.487,10000000
55529,863.082,10000000
55530,867.004,10000000
55531,865.260,10000000
55532,862.261,10000000
55533,864.787,10000000
55534,865.213,10000000
55535,867.182,10000000
55536,869.180,10000000
55537,865.704,10000000
55538,868.317,10000000
55539,868.996,10000000
55540,868.103,10000000
55541,866.832,10000000
55542,868.759,10000000
55543,864.707,10000000
55544,868.376,10000000
55545,869.514,10000000
55546,869.503,10000000
55547,868.773,10000000
55548,870.360,10000000
55549,870.305,10000000
55550,868.892,10000000
55551,868.856,10000000
55552,868.894,10000000
55553,868.594,10000000
55554,861.168,10000000
55555,862.945,10000000
55556,866.458,10000000
55557,869.009,10000000
55558,868.446,10000000
55559,870.410,10000000
55560,868.001,10000000
55561,867.862,10000000
55562,868.105,10000000
55563,867.575,10000000
55564,865.701,10000000
55565,860.639,10000000
55566,865.569,10000000
55567,866.016,10000000
55568,868.965,10000000
55569,869.490,10000000
55570,868.605,10000000
55571,867.186,10000000
55572,868.363,10000000
55573,869.898,10000000
55574,866.928,10000000
55575,868.160,10000000
55576,866.432,10000000
55577,868.857,10000000
55578,868.963,10000000
55579,867.910,10000000
55580,864.478,10000000
55581,860.957,10000000
55582,853.590,10000000
55583,860.417,10000000
55584,867.043,10000000
55585,865.402,10000000
55586,866.976,10000000
55587,865.911,10000000
55588,869.280,10000000
55589,867.027,10000000
55590,869.401,10000000
55591,867.412,10000000
55592,865.477,10000000
55593,867.025,10000000
55594,862.154,10000000
55595,866.324,10000000
55596,865.582,10000000
55597,867.679,10000000
55598,865.648,10000000
55599,862.371,10000000
55600,864.845,10000000
55601,865.932,10000000
55602,867.828,10000000
55603,866.524,10000000
55604,865.799,10000000
55605,866.260,10000000
55606,862.244,10000000
55607,864.843,10000000
55608,858.129,10000000
55609,862.989,10000000
55610,866.641,10000000
55611,866.075,10000000
55612,861.701,10000000
55613,865.290,10000000
55614,866.074,10000000
55615,866.064,10000000
55616,865.930,10000000
55617,865.396,10000000
55618,864.149,10000000
55619,862.284,10000000
55620,864.577,10000000
55621,867.507,10000000
55622,865.766,10000000
55623,864.373,10000000
55624,866.403,10000000
55625,865.927,10000000
55626,867.666,10000000
55627,866.062,10000000
55628,867.108,10000000
55629,869.383,10000000
55630,866.403,10000000
55631,866.906,10000000
55632,867.447,10000000
55633,866.767,10000000
55634,867.250,10000000
55635,865.902,10000000
55636,866.763,10000000
55637,867.430,10000000
55638,867.275,10000000
55639,863.985,10000000
55640,865.666,10000000
55641,865.341,10000000
55642,866.617,10000000
55643,864.022,10000000
55644,861.241,10000000
55645,862.084,10000000
55646,862.522,10000000
55647,863.032,10000000
55648,864.086,10000000
55649,862.143,10000000
55650,866.084,10000000
55651,867.494,10000000
55652,857.635,10000000
55653,863.001,10000000
55654,864.344,10000000
55655,864.494,10000000
55656,861.705,10000000
55657,858.909,10000000
55658,863.709,10000000
55659,865.794,10000000
55660,866.842,10000000
55661,865.398,10000000
55662,865.750,10000000
55663,864.989,10000000
55664,865.140,10000000
55665,865.146,10000000
55666,868.249,10000000
55667,868.675,10000000
55668,861.603,10000000
55669,858.817,10000000
55670,858.110,10000000
55671,861.490,10000000
55672,862.757,10000000
55673,863.494,10000000
55674,863.722,10000000
55675,866.788,10000000
55676,865.185,10000000
55677,865.713,10000000
55678,867.398,10000000
55679,865.749,10000000
55680,865.008,10000000
55681,864.841,10000000
55682,866.893,10000000
55683,864.378,10000000
55684,864.950,10000000
55685,864.325,10000000
55686,865.396,10000000
55687,866.875,10000000
55688,863.531,10000000
55689,864.280,10000000
55690,864.902,10000000
55691,864.078,10000000
55692,864.281,10000000
55693,863.408,10000000
55694,863.984,10000000
55695,860.499,10000000
55696,863.915,10000000
55697,865.822,10000000
55698,865.457,10000000
55699,865.929,10000000
55700,865.135,10000000
55701,864.649,10000000
55702,862.693,10000000
55703,862.898,10000000
55704,861.128,10000000
55705,860.626,10000000
55706,860.226,10000000
55707,862.660,10000000
55708,861.039,10000000
55709,862.602,10000000
55710,864.181,10000000
55711,863.201,10000000
55712,862.762,10000000
55713,864.156,10000000
55714,862.020,10000000
55715,862.609,10000000
55716,863.805,10000000
55717,865.399,10000000
55718,864.004,10000000
55719,862.176,10000000
55720,858.808,10000000
55721,861.126,10000000
55722,853.330,10000000
55723,857.321,10000000
55724,860.040,10000000
55725,861.829,10000000
55726,863.979,10000000
55727,864.539,10000000
55728,862.973,10000000
55729,862.710,10000000
55730,863.499,10000000
55731,863.566,10000000
55732,865.697,10000000
55733,853.954,10000000
55734,852.422,10000000
55735,859.551,10000000
55736,863.878,10000000
55737,865.422,10000000
55738,861.665,10000000
55739,863.811,10000000
55740,863.209,10000000
55741,856.384,10000000
55742,854.660,10000000
55743,857.419,10000000
55744,855.437,10000000
55745,858.271,10000000
55746,862.214,10000000
55747,861.915,10000000
55748,862.370,10000000
55749,864.044,10000000
55750,865.286,10000000
55751,863.747,10000000
55752,859.816,10000000
55753,863.076,10000000
55754,865.462,10000000
55755,863.489,10000000
55756,863.341,10000000
55757,863.878,10000000
55758,863.677,10000000
55759,863.371,10000000
55760,858.769,10000000
55761,865.309,10000000
55762,865.038,10000000
55763,863.199,10000000
55764,863.100,10000000
55765,864.374,10000000
55766,864.097,10000000
55767,863.529,10000000
55768,862.442,10000000
55769,863.320,10000000
55770,862.218,10000000
55771,864.339,10000000
55772,864.252,10000000
55773,864.307,10000000
55774,861.263,10000000
55775,863.793,10000000
55776,864.326,10000000
55777,864.011,10000000
55778,863.142,10000000
55779,864.630,10000000
55780,858.643,10000000
55781,862.636,10000000
55782,864.370,10000000
55783,864.975,10000000
55784,863.837,10000000
55785,861.734,10000000
55786,861.215,10000000
55787,861.346,10000000
55788,864.726,10000000
55789,861.931,10000000
55790,861.994,10000000
55791,864.607,10000000
55792,862.114,10000000
55793,862.780,10000000
55794,864.635,10000000
55795,865.137,10000000
55796,861.896,10000000
55797,864.327,10000000
55798,862.799,10000000
55799,864.903,10000000
55800,864.851,10000000
55801,863.531,10000000
55802,862.693,10000000
55803,863.993,10000000
55804,860.610,10000000
55805,860.895,10000000
55806,864.130,10000000
55807,864.964,10000000
55808,864.964,10000000
55809,864.045,10000000
55810,859.477,10000000
55811,864.684,10000000
55812,864.766,10000000
55813,864.695,10000000
55814,862.498,10000000
55815,861.626,10000000
55816,862.105,10000000
55817,862.932,10000000
55818,860.349,10000000
55819,862.255,10000000
55820,860.982,10000000
55821,860.833,10000000
55822,860.380,10000000
55823,862.507,10000000
55824,860.070,10000000
55825,860.128,10000000
55826,858.424,10000000
55827,860.532,10000000
55828,861.038,10000000
55829,856.513,10000000
55830,857.352,10000000
55831,863.036,10000000
55832,863.504,10000000
55833,863.251,10000000
55834,861.642,10000000
55835,861.729,10000000
55836,862.294,10000000
55837,862.128,10000000
55838,861.518,10000000
55839,860.477,10000000
55840,860.790,10000000
55841,862.881,10000000
55842,861.927,10000000
55843,863.218,10000000
55844,861.152,10000000
55845,856.149,10000000
55846,858.684,10000000
55847,858.706,10000000
55848,859.591,10000000
55849,862.415,10000000
55850,863.100,10000000
55851,862.589,10000000
55852,862.135,10000000
55853,863.353,10000000
55854,863.562,10000000
55855,860.655,10000000
55856,857.907,10000000
55857,861.863,10000000
55858,858.692,10000000
55859,861.456,10000000
55860,861.473,10000000
55861,860.542,10000000
55862,862.827,10000000
55863,859.706,10000000
55864,857.484,10000000
55865,860.948,10000000
55866,858.047,10000000
55867,861.749,10000000
55868,860.017,10000000
55869,860.155,10000000
55870,863.348,10000000
55871,862.971,10000000
55872,861.392,10000000
55873,862.779,10000000
55874,861.419,10000000
55875,861.897,10000000
55876,862.927,10000000
55877,863.290,10000000
55878,859.825,10000000
55879,860.023,10000000
55880,857.282,10000000
55881,858.186,10000000
55882,860.465,10000000
55883,861.209,10000000
55884,861.876,10000000
55885,859.421,10000000
55886,861.253,10000000
55887,861.390,10000000
55888,860.841,10000000
55889,856.757,10000000
55890,858.855,10000000
55891,861.353,10000000
55892,863.477,10000000
55893,861.770,10000000
55894,862.203,10000000
55895,862.304,10000000
55896,855.852,10000000
55897,854.165,10000000
55898,856.377,10000000
55899,860.198,10000000
55900,859.440,10000000
55901,857.280,10000000
55902,858.604,10000000
55903,860.282,10000000
55904,860.329,10000000
55905,859.954,10000000
55906,854.339,10000000
55907,852.314,10000000
55908,856.884,10000000
55909,860.341,10000000
55910,860.273,10000000
55911,859.476,10000000
55912,860.022,10000000
55913,860.192,10000000
55914,858.766,10000000
55915,854.816,10000000
55916,859.102,10000000
55917,858.841,10000000
55918,859.880,10000000
55919,856.784,10000000
55920,857.373,10000000
55921,859.781,10000000
55922,860.898,10000000
55923,859.151,10000000
55924,856.674,10000000
55925,854.309,10000000
55926,858.395,10000000
55927,858.515,10000000
55928,857.650,10000000
55929,859.844,10000000
55930,861.211,10000000
55931,858.838,10000000
55932,854.986,10000000
55933,854.670,10000000
55934,855.035,10000000
55935,859.706,10000000
55936,852.216,10000000
55937,856.128,10000000
55938,856.786,10000000
55939,855.649,10000000
55940,855.103,10000000
55941,857.565,10000000
55942,859.174,10000000
55943,859.727,10000000
55944,858.357,10000000
55945,855.854,10000000
55946,853.815,10000000
55947,852.048,10000000
55948,857.250,10000000
55949,855.779,10000000
55950,855.565,10000000
55951,857.040,10000000
55952,858.216,10000000
55953,859.060,10000000
55954,860.243,10000000
55955,858.323,10000000
55956,859.670,10000000
55957,859.049,10000000
55958,857.640,10000000
55959,858.612,10000000
55960,859.756,10000000
55961,858.633,10000000
55962,859.557,10000000
55963,861.043,10000000
55964,859.464,10000000
55965,858.947,10000000
55966,855.503,10000000
55967,856.855,10000000
55968,858.288,10000000
55969,859.703,10000000
55970,852.378,10000000
55971,855.850,10000000
55972,858.541,10000000
55973,854.731,10000000
55974,858.032,10000000
55975,859.139,10000000
55976,858.977,10000000
55977,859.798,10000000
55978,858.506,10000000
55979,857.846,10000000
55980,859.252,10000000
55981,859.910,10000000
55982,857.518,10000000
55983,858.145,10000000
55984,855.211,10000000
55985,852.630,10000000
55986,847.849,10000000
55987,851.739,10000000
55988,856.510,10000000
55989,861.180,10000000
55990,862.320,10000000
55991,860.538,10000000
55992,856.726,10000000
55993,854.738,10000000
55994,858.110,10000000
55995,860.660,10000000
55996,860.991,10000000
55997,860.293,10000000
55998,857.993,10000000
55999,859.557,10000000
56000,858.494,10000000
56001,862.760,10000000
56002,862.065,10000000
56003,860.079,10000000
56004,858.996,10000000
56005,860.666,10000000
56006,862.663,10000000
56007,859.884,10000000
56008,859.787,10000000
56009,858.521,10000000
56010,853.536,10000000
56011,853.184,10000000
56012,850.443,10000000
56013,850.110,10000000
56014,850.068,10000000
56015,855.185,10000000
56016,857.833,10000000
56017,858.572,10000000
56018,855.495,10000000
56019,852.407,10000000
56020,857.499,10000000
56021,858.633,10000000
56022,859.508,10000000
56023,858.924,10000000
56024,859.939,10000000
56025,860.176,10000000
56026,859.948,10000000
56027,862.058,10000000
56028,862.156,10000000
56029,860.740,10000000
56030,858.471,10000000
56031,860.835,10000000
56032,859.751,10000000
56033,860.690,10000000
56034,859.157,10000000
56035,855.498,10000000
56036,853.240,10000000
56037,857.637,10000000
56038,857.932,10000000
56039,860.098,10000000
56040,858.410,10000000
56041,856.215,10000000
56042,856.677,10000000
56043,856.213,10000000
56044,857.100,10000000
56045,858.765,10000000
56046,857.084,10000000
56047,852.003,10000000
56048,855.817,10000000
56049,857.844,10000000
56050,857.594,10000000
56051,854.638,10000000
56052,851.734,10000000
56053,857.578,10000000
56054,858.799,10000000
56055,851.941,10000000
56056,853.594,10000000
56057,857.912,10000000
56058,857.522,10000000
56059,859.002,10000000
56060,856.067,10000000
56061,856.352,10000000
56062,856.863,10000000
56063,859.717,10000000
56064,858.166,10000000
56065,857.955,10000000
56066,856.195,10000000
56067,856.585,10000000
56068,855.995,10000000
56069,857.680,10000000
56070,859.525,10000000
56071,858.420,10000000
56072,856.718,10000000
56073,856.867,10000000
56074,858.619,10000000
56075,858.452,10000000
56076,851.987,10000000
56077,852.045,10000000
56078,855.864,10000000
56079,857.193,10000000
56080,856.269,10000000
56081,858.586,10000000
56082,866.517,10000000
56083,903.836,10000000
56084,917.573,10000000
56085,921.402,10000000
56086,916.564,10000000
56087,903.929,10000000
56088,912.765,10000000
56089,920.774,10000000
56090,924.138,10000000
56091,923.916,10000000
56092,925.090,10000000
56093,924.944,10000000
56094,920.986,10000000
56095,886.857,10000000
56096,882.808,10000000
56097,878.213,10000000
56098,878.639,10000000
56099,878.411,10000000
56100,872.555,10000000
56101,875.477,10000000
56102,878.010,10000000
56103,879.269,10000000
56104,880.199,10000000
56105,884.476,10000000
56106,887.849,10000000
56107,882.362,10000000
56108,881.871,10000000
56109,880.207,10000000
56110,883.872,10000000
56111,879.869,10000000
56112,881.034,10000000
56113,884.476,10000000
56114,882.321,10000000
56115,883.871,10000000
56116,880.931,10000000
56117,877.890,10000000
56118,881.883,10000000
56119,882.715,10000000
56120,882.216,10000000
56121,883.626,10000000
56122,881.135,10000000
56123,880.583,10000000
56124,879.296,10000000
56125,879.599,10000000
56126,879.130,10000000
56127,882.413,10000000
56128,878.917,10000000
56129,875.137,10000000
56130,878.241,10000000
56131,881.307,10000000
56132,880.215,10000000
56133,879.506,10000000
56134,882.394,10000000
56135,882.895,10000000
56136,880.633,10000000
56137,882.886,10000000
56138,886.229,10000000
56139,883.340,10000000
56140,881.701,10000000
56141,877.539,10000000
56142,871.297,10000000
56143,877.420,10000000
56144,877.420,10000000
56145,879.220,10000000
56146,881.754,10000000
56147,881.495,10000000
56148,882.187,10000000
56149,882.108,10000000
56150,882.703,10000000
56151,882.833,10000000
56152,880.329,10000000
56153,871.550,10000000
56154,871.985,10000000
56155,877.407,10000000
56156,879.993,10000000
56157,879.035,10000000
56158,879.338,10000000
56159,881.826,10000000
56160,881.255,10000000
56161,880.022,10000000
56162,881.292,10000000
56163,880.832,10000000
56164,877.476,10000000
56165,876.375,10000000
56166,876.194,10000000
56167,880.536,10000000
56168,881.627,10000000
56169,877.499,10000000
56170,881.572,10000000
56171,880.629,10000000
56172,880.291,10000000
56173,878.597,10000000
56174,880.387,10000000
56175,876.047,10000000
56176,879.284,10000000
56177,878.039,10000000
56178,879.787,10000000
56179,874.141,10000000
56180,880.202,10000000
56181,880.840,10000000
56182,878.935,10000000
56183,880.477,10000000
56184,877.489,10000000
56185,877.434,10000000
56186,879.056,10000000
56187,880.731,10000000
56188,879.042,10000000
56189,871.148,10000000
56190,873.926,10000000
56191,874.920,10000000
56192,876.117,10000000
56193,875.239,10000000
56194,868.336,10000000
56195,872.971,10000000
56196,870.404,10000000
56197,876.327,10000000
56198,872.427,10000000
56199,871.669,10000000
56200,872.739,10000000
56201,867.302,10000000
56202,874.320,10000000
56203,869.550,10000000
56204,869.921,10000000
56205,876.030,10000000
56206,878.135,10000000
56207,875.039,10000000
56208,875.780,10000000
56209,873.736,10000000
56210,878.102,10000000
56211,877.873,10000000
56212,873.499,10000000
56213,874.766,10000000
56214,871.726,10000000
56215,875.310,10000000
56216,877.495,10000000
56217,879.372,10000000
56218,878.473,10000000
56219,874.859,10000000
56220,873.984,10000000
56221,871.142,10000000
56222,872.781,10000000
56223,866.535,10000000
56224,873.371,10000000
56225,871.828,10000000
56226,877.810,10000000
56227,878.792,10000000
56228,874.212,10000000
56229,868.583,10000000
56230,875.838,10000000
56231,877.534,10000000
56232,877.793,10000000
56233,875.867,10000000
56234,877.589,10000000
56235,879.931,10000000
56236,873.939,10000000
56237,876.248,10000000
56238,878.673,10000000
56239,877.905,10000000
56240,878.095,10000000
56241,872.707,10000000
56242,876.659,10000000
56243,872.735,10000000
56244,875.728,10000000
56245,875.201,10000000
56246,876.697,10000000
56247,876.511,10000000
56248,875.295,10000000
56249,870.739,10000000
56250,868.889,10000000
56251,866.763,10000000
56252,870.447,10000000
56253,874.384,10000000
56254,873.719,10000000
56255,874.560,10000000
56256,876.382,10000000
56257,876.643,10000000
56258,876.205,10000000
56259,876.011,10000000
56260,877.082,10000000
56261,878.683,10000000
56262,876.473,10000000
56263,877.492,10000000
56264,875.567,10000000
56265,876.801,10000000
56266,876.554,10000000
56267,875.518,10000000
56268,875.946,10000000
56269,875.796,10000000
56270,875.336,10000000
56271,875.528,10000000
56272,874.290,10000000
56273,877.820,10000000
56274,874.970,10000000
56275,872.801,10000000
56276,875.732,10000000
56277,874.367,10000000
56278,876.507,10000000
56279,871.953,10000000
56280,874.868,10000000
56281,878.520,10000000
56282,879.573,10000000
56283,876.589,10000000
56284,878.607,10000000
56285,877.812,10000000
56286,876.956,10000000
56287,872.664,10000000
56288,873.984,10000000
56289,876.912,10000000
56290,876.057,10000000
56291,872.834,10000000
56292,872.152,10000000
56293,874.783,10000000
56294,877.581,10000000
56295,868.441,10000000
56296,868.519,10000000
56297,873.762,10000000
56298,875.554,10000000
56299,872.352,10000000
56300,868.712,10000000
56301,866.993,10000000
56302,874.413,10000000
56303,876.650,10000000
56304,877.944,10000000
56305,875.606,10000000
56306,876.896,10000000
56307,875.568,10000000
56308,876.212,10000000
56309,872.981,10000000
56310,874.896,10000000
56311,866.903,10000000
56312,872.758,10000000
56313,872.494,10000000
56314,875.031,10000000
56315,871.453,10000000
56316,871.671,10000000
56317,874.025,10000000
56318,873.961,10000000
56319,875.590,10000000
56320,875.390,10000000
56321,875.816,10000000
56322,877.608,10000000
56323,876.429,10000000
56324,876.509,10000000
56325,875.655,10000000
56326,873.795,10000000
56327,875.065,10000000
56328,874.770,10000000
56329,871.740,10000000
56330,869.887,10000000
56331,871.546,10000000
56332,871.284,10000000
56333,872.032,10000000
56334,871.211,10000000
56335,874.978,10000000
56336,875.446,10000000
56337,875.722,10000000
56338,873.526,10000000
56339,874.263,10000000
56340,875.888,10000000
56341,875.630,10000000
56342,875.615,10000000
56343,876.258,10000000
56344,875.107,10000000
56345,876.648,10000000
56346,874.899,10000000
56347,874.216,10000000
56348,876.506,10000000
56349,876.363,10000000
56350,874.507,10000000
56351,873.729,10000000
56352,870.964,10000000
56353,869.969,10000000
56354,863.328,10000000
56355,862.196,10000000
56356,866.846,10000000
56357,867.349,10000000
56358,872.051,10000000
56359,874.032,10000000
56360,875.049,10000000
56361,875.258,10000000
56362,874.794,10000000
56363,871.220,10000000
56364,872.410,10000000
56365,875.222,10000000
56366,873.768,10000000
56367,870.869,10000000
56368,863.135,10000000
56369,868.524,10000000
56370,860.836,10000000
56371,868.296,10000000
56372,869.641,10000000
56373,869.984,10000000
56374,873.836,10000000
56375,871.832,10000000
56376,871.309,10000000
56377,871.651,10000000
56378,873.057,10000000
56379,875.473,10000000
56380,875.303,10000000
56381,874.350,10000000
56382,874.595,10000000
56383,872.256,10000000
56384,871.797,10000000
56385,871.170,10000000
56386,872.963,10000000
56387,868.055,10000000
56388,869.616,10000000
56389,870.721,10000000
56390,873.011,10000000
56391,873.355,10000000
56392,873.651,10000000
56393,868.661,10000000
56394,871.426,10000000
56395,870.513,10000000
56396,873.752,10000000
56397,871.732,10000000
56398,873.540,10000000
56399,872.858,10000000
56400,874.963,10000000
56401,869.486,10000000
56402,870.322,10000000
56403,873.357,10000000
56404,873.894,10000000
56405,872.107,10000000
56406,873.862,10000000
56407,871.641,10000000
56408,873.317,10000000
56409,873.568,10000000
56410,870.750,10000000
56411,866.567,10000000
56412,868.024,10000000
56413,871.372,10000000
56414,871.784,10000000
56415,873.159,10000000
56416,873.737,10000000
56417,872.386,10000000
56418,869.273,10000000
56419,870.840,10000000
56420,870.583,10000000
56421,873.358,10000000
56422,867.267,10000000
56423,864.315,10000000
56424,868.636,10000000
56425,870.515,10000000
56426,870.922,10000000
56427,870.793,10000000
56428,871.567,10000000
56429,863.987,10000000
56430,866.534,10000000
56431,869.611,10000000
56432,868.594,10000000
56433,871.372,10000000
56434,871.773,10000000
56435,870.888,10000000
56436,873.403,10000000
56437,869.794,10000000
56438,871.047,10000000
56439,872.137,10000000
56440,869.177,10000000
56441,873.075,10000000
56442,870.900,10000000
56443,868.856,10000000
56444,871.928,10000000
56445,869.510,10000000
56446,871.105,10000000
56447,869.988,10000000
56448,873.694,10000000
56449,873.282,10000000
56450,867.133,10000000
56451,865.992,10000000
56452,866.940,10000000
56453,863.122,10000000
56454,866.408,10000000
56455,864.840,10000000
56456,866.673,10000000
56457,869.823,10000000
56458,862.981,10000000
56459,867.554,10000000
56460,868.037,10000000
56461,868.483,10000000
56462,869.847,10000000
56463,866.066,10000000
56464,866.766,10000000
56465,868.662,10000000
56466,865.159,10000000
56467,867.044,10000000
56468,864.865,10000000
56469,863.456,10000000
56470,859.422,10000000
56471,859.890,10000000
56472,866.569,10000000
56473,866.394,10000000
56474,863.806,10000000
56475,866.496,10000000
56476,870.583,10000000
56477,868.319,10000000
56478,869.176,10000000
56479,868.330,10000000
56480,868.767,10000000
56481,867.853,10000000
56482,867.795,10000000
56483,867.650,10000000
56484,868.564,10000000
56485,868.222,10000000
56486,867.631,10000000
56487,869.301,10000000
56488,869.703,10000000
56489,869.803,10000000
56490,867.348,10000000
56491,866.520,10000000
56492,868.322,10000000
56493,868.853,10000000
56494,865.115,10000000
56495,863.808,10000000
56496,865.264,10000000
56497,866.634,10000000
56498,866.413,10000000
56499,867.190,10000000
56500,863.380,10000000
56501,855.008,10000000
56502,856.155,10000000
56503,858.380,10000000
56504,856.606,10000000
56505,859.081,10000000
56506,855.396,10000000
56507,859.634,10000000
56508,866.340,10000000
56509,867.825,10000000
56510,868.649,10000000
56511,865.056,10000000
56512,865.766,10000000
56513,865.823,10000000
56514,863.857,10000000
56515,866.182,10000000
56516,869.835,10000000
56517,872.111,10000000
56518,871.045,10000000
56519,869.092,10000000
56520,870.027,10000000
56521,871.859,10000000
56522,873.022,10000000
56523,868.222,10000000
56524,863.848,10000000
56525,869.198,10000000
56526,863.346,10000000
56527,864.185,10000000
56528,865.522,10000000
56529,867.239,10000000
56530,865.780,10000000
56531,867.598,10000000
56532,867.973,10000000
56533,866.516,10000000
56534,862.807,10000000
56535,865.780,10000000
56536,867.400,10000000
56537,865.936,10000000
56538,869.287,10000000
56539,869.750,10000000
56540,867.500,10000000
56541,869.744,10000000
56542,868.020,10000000
56543,865.669,10000000
56544,867.905,10000000
56545,870.376,10000000
56546,870.813,10000000
56547,868.223,10000000
56548,869.666,10000000
56549,870.403,10000000
56550,870.347,10000000
56551,871.130,10000000
56552,868.905,10000000
56553,868.185,10000000
56554,870.506,10000000
56555,869.743,10000000
56556,869.572,10000000
56557,867.259,10000000
56558,864.766,10000000
56559,867.804,10000000
56560,866.474,10000000
56561,865.722,10000000
56562,867.753,10000000
56563,870.603,10000000
56564,867.145,10000000
56565,865.049,10000000
56566,866.935,10000000
56567,868.226,10000000
56568,871.293,10000000
56569,869.342,10000000
56570,870.764,10000000
56571,870.528,10000000
56572,871.811,10000000
56573,869.466,10000000
56574,864.624,10000000
56575,866.277,10000000
56576,866.713,10000000
56577,867.854,10000000
56578,865.052,10000000
56579,863.037,10000000
56580,868.656,10000000
56581,869.851,10000000
56582,866.441,10000000
56583,866.174,10000000
56584,868.081,10000000
56585,865.593,10000000
56586,861.787,10000000
56587,862.639,10000000
56588,867.534,10000000
56589,867.703,10000000
56590,868.930,10000000
56591,868.917,10000000
56592,868.857,10000000
56593,868.711,10000000
56594,865.108,10000000
56595,865.750,10000000
56596,867.922,10000000
56597,860.451,10000000
56598,863.437,10000000
56599,864.202,10000000
56600,866.210,10000000
56601,862.783,10000000
56602,864.589,10000000
56603,865.996,10000000
56604,865.706,10000000
56605,866.630,10000000
56606,861.537,10000000
56607,855.728,10000000
56608,863.710,10000000
56609,864.873,10000000
56610,867.688,10000000
56611,868.187,10000000
56612,867.767,10000000
56613,867.105,10000000
56614,867.408,10000000
56615,867.360,10000000
56616,866.116,10000000
56617,866.778,10000000
56618,868.431,10000000
56619,868.669,10000000
56620,868.446,10000000
56621,864.667,10000000
56622,868.062,10000000
56623,858.404,10000000
56624,864.138,10000000
56625,865.562,10000000
56626,865.747,10000000
56627,863.373,10000000
56628,866.892,10000000
56629,865.430,10000000
56630,866.122,10000000
56631,867.407,10000000
56632,867.376,10000000
56633,864.598,10000000
56634,867.733,10000000
56635,863.056,10000000
56636,864.225,10000000
56637,864.136,10000000
56638,864.965,10000000
56639,866.279,10000000
56640,868.220,10000000
56641,867.097,10000000
56642,865.861,10000000
56643,869.333,10000000
56644,866.875,10000000
56645,863.967,10000000
56646,864.762,10000000
56647,863.785,10000000
56648,857.012,10000000
56649,865.392,10000000
56650,866.488,10000000
56651,868.866,10000000
56652,864.924,10000000
56653,866.599,10000000
56654,865.369,10000000
56655,866.392,10000000
56656,866.794,10000000
56657,867.536,10000000
56658,867.568,10000000
56659,864.325,10000000
56660,865.250,10000000
56661,865.929,10000000
56662,864.947,10000000
56663,865.839,10000000
56664,865.125,10000000
56665,867.405,10000000
56666,865.963,10000000
56667,864.765,10000000
56668,863.982,10000000
56669,866.632,10000000
56670,861.851,10000000
56671,856.527,10000000
56672,861.278,10000000
56673,864.127,10000000
56674,864.890,10000000
56675,865.876,10000000
56676,865.260,10000000
56677,864.147,10000000
56678,865.450,10000000
56679,866.161,10000000
56680,866.899,10000000
56681,867.406,10000000
56682,863.760,10000000
56683,866.073,10000000
56684,866.581,10000000
56685,865.615,10000000
56686,866.646,10000000
56687,866.385,10000000
56688,864.053,10000000
56689,864.353,10000000
56690,865.173,10000000
56691,864.193,10000000
56692,865.022,10000000
56693,866.734,10000000
56694,858.003,10000000
56695,861.328,10000000
56696,859.084,10000000
56697,862.243,10000000
56698,863.682,10000000
56699,863.078,10000000
56700,863.708,10000000
56701,863.503,10000000
56702,866.750,10000000
56703,866.563,10000000
56704,863.331,10000000
56705,865.084,10000000
56706,859.252,10000000
56707,855.427,10000000
56708,860.250,10000000
56709,860.748,10000000
56710,858.722,10000000
56711,866.340,10000000
56712,867.994,10000000
56713,863.464,10000000
56714,864.464,10000000
56715,867.851,10000000
56716,861.960,10000000
56717,862.013,10000000
56718,863.156,10000000
56719,865.721,10000000
56720,864.482,10000000
56721,864.019,10000000
56722,864.129,10000000
56723,866.096,10000000
56724,865.182,10000000
56725,863.991,10000000
56726,863.471,10000000
56727,863.616,10000000
56728,866.358,10000000
56729,864.902,10000000
56730,863.430,10000000
56731,862.970,10000000
56732,864.926,10000000
56733,865.152,10000000
56734,865.404,10000000
56735,862.256,10000000
56736,858.258,10000000
56737,864.554,10000000
56738,864.308,10000000
56739,867.988,10000000
56740,865.409,10000000
56741,864.510,10000000
56742,860.292,10000000
56743,861.506,10000000
56744,860.630,10000000
56745,864.383,10000000
56746,861.456,10000000
56747,863.224,10000000
56748,864.695,10000000
56749,864.385,10000000
56750,859.872,10000000
56751,861.940,10000000
56752,864.501,10000000
56753,864.961,10000000
56754,866.205,10000000
56755,864.063,10000000
56756,865.050,10000000
56757,862.674,10000000
56758,861.683,10000000
56759,863.070,10000000
56760,864.439,10000000
56761,863.181,10000000
56762,863.927,10000000
56763,861.086,10000000
56764,862.316,10000000
56765,859.881,10000000
56766,857.396,10000000
56767,859.956,10000000
56768,860.296,10000000
56769,858.427,10000000
56770,856.093,10000000
56771,860.874,10000000
56772,859.189,10000000
56773,860.774,10000000
56774,862.708,10000000
56775,865.202,10000000
56776,863.076,10000000
56777,861.652,10000000
56778,862.269,10000000
56779,864.765,10000000
56780,862.019,10000000
56781,860.760,10000000
56782,864.605,10000000
56783,853.507,10000000
56784,857.556,10000000
56785,858.102,10000000
56786,848.586,10000000
56787,854.644,10000000
56788,856.604,10000000
56789,858.380,10000000
56790,861.568,10000000
56791,863.923,10000000
56792,863.695,10000000
56793,862.679,10000000
56794,855.513,10000000
56795,856.098,10000000
56796,856.467,10000000
56797,855.745,10000000
56798,860.767,10000000
56799,862.648,10000000
56800,861.806,10000000
56801,858.809,10000000
56802,857.099,10000000
56803,859.938,10000000
56804,862.021,10000000
56805,861.013,10000000
56806,859.797,10000000
56807,862.839,10000000
56808,857.730,10000000
56809,862.071,10000000
56810,861.779,10000000
56811,860.708,10000000
56812,861.262,10000000
56813,858.564,10000000
56814,860.423,10000000
56815,860.817,10000000
56816,852.999,10000000
56817,858.270,10000000
56818,859.090,10000000
56819,862.703,10000000
56820,862.706,10000000
56821,860.370,10000000
56822,858.843,10000000
56823,860.243,10000000
56824,861.448,10000000
56825,862.613,10000000
56826,861.090,10000000
56827,861.334,10000000
56828,861.753,10000000
56829,862.586,10000000
56830,862.849,10000000
56831,861.093,10000000
56832,857.554,10000000
56833,860.134,10000000
56834,860.391,10000000
56835,858.476,10000000
56836,857.126,10000000
56837,859.180,10000000
56838,859.951,10000000
56839,861.790,10000000
56840,862.555,10000000
56841,863.569,10000000
56842,862.009,10000000
56843,858.745,10000000
56844,859.185,10000000
56845,861.386,10000000
56846,857.671,10000000
56847,859.217,10000000
56848,859.559,10000000
56849,861.499,10000000
56850,861.571,10000000
56851,858.761,10000000
56852,856.462,10000000
56853,857.244,10000000
56854,859.232,10000000
56855,860.390,10000000
56856,861.209,10000000
56857,857.901,10000000
56858,858.075,10000000
56859,857.287,10000000
56860,858.304,10000000
56861,861.465,10000000
56862,862.165,10000000
56863,855.527,10000000
56864,857.604,10000000
56865,860.725,10000000
56866,861.877,10000000
56867,861.313,10000000
56868,860.877,10000000
56869,859.677,10000000
56870,860.926,10000000
56871,861.243,10000000
56872,859.308,10000000
56873,861.231,10000000
56874,861.597,10000000
56875,860.133,10000000
56876,860.916,10000000
56877,863.123,10000000
56878,861.388,10000000
56879,860.708,10000000
56880,858.259,10000000
56881,859.569,10000000
56882,859.823,10000000
56883,861.718,10000000
56884,860.752,10000000
56885,861.354,10000000
56886,862.305,10000000
56887,861.499,10000000
56888,855.510,10000000
56889,853.741,10000000
56890,858.018,10000000
56891,861.926,10000000
56892,860.349,10000000
56893,859.835,10000000
56894,856.426,10000000
56895,854.101,10000000
56896,857.718,10000000
56897,855.607,10000000
56898,853.790,10000000
56899,859.116,10000000
56900,860.372,10000000
56901,859.328,10000000
56902,859.900,10000000
56903,858.011,10000000
56904,859.585,10000000
56905,859.933,10000000
56906,855.856,10000000
56907,858.774,10000000
56908,860.554,10000000
56909,860.104,10000000
56910,858.576,10000000
56911,861.513,10000000
56912,860.713,10000000
56913,857.856,10000000
56914,860.529,10000000
56915,860.774,10000000
56916,858.607,10000000
56917,857.492,10000000
56918,860.419,10000000
56919,860.987,10000000
56920,860.005,10000000
56921,858.790,10000000
56922,856.235,10000000
56923,858.980,10000000
56924,859.341,10000000
56925,858.175,10000000
56926,860.688,10000000
56927,856.898,10000000
56928,859.101,10000000
56929,853.930,10000000
56930,850.671,10000000
56931,853.476,10000000
56932,854.188,10000000
56933,855.374,10000000
56934,856.815,10000000
56935,857.323,10000000
56936,855.909,10000000
56937,854.770,10000000
56938,852.086,10000000
56939,856.516,10000000
56940,860.361,10000000
56941,853.253,10000000
56942,855.079,10000000
56943,859.007,10000000
56944,859.546,10000000
56945,858.925,10000000
56946,858.284,10000000
56947,858.588,10000000
56948,854.792,10000000
56949,853.401,10000000
56950,856.863,10000000
56951,857.479,10000000
56952,859.091,10000000
56953,860.297,10000000
56954,860.194,10000000
56955,859.518,10000000
56956,858.450,10000000
56957,856.870,10000000
56958,855.676,10000000
56959,855.661,10000000
56960,858.215,10000000
56961,860.455,10000000
56962,859.032,10000000
56963,856.348,10000000
56964,856.018,10000000
56965,858.541,10000000
56966,856.741,10000000
56967,856.153,10000000
56968,859.976,10000000
56969,861.062,10000000
56970,859.237,10000000
56971,857.726,10000000
56972,858.554,10000000
56973,859.936,10000000
56974,851.841,10000000
56975,855.401,10000000
56976,855.952,10000000
56977,851.880,10000000
56978,856.352,10000000
56979,857.566,10000000
56980,860.205,10000000
56981,858.977,10000000
56982,853.361,10000000
56983,855.332,10000000
56984,854.771,10000000
56985,855.577,10000000
56986,858.954,10000000
56987,859.402,10000000
56988,859.795,10000000
56989,859.359,10000000
56990,860.396,10000000
56991,858.740,10000000
56992,860.332,10000000
56993,857.246,10000000
56994,861.547,10000000
56995,859.719,10000000
56996,859.452,10000000
56997,860.904,10000000
56998,859.547,10000000
56999,854.556,10000000
57000,849.910,10000000
57001,855.040,10000000
57002,858.829,10000000
57003,857.747,10000000
57004,857.961,10000000
57005,857.263,10000000
57006,860.477,10000000
57007,858.769,10000000
57008,858.890,10000000
57009,858.000,10000000
57010,857.540,10000000
57011,857.151,10000000
57012,859.596,10000000
57013,855.504,10000000
57014,852.452,10000000
57015,855.966,10000000
57016,856.485,10000000
57017,858.174,10000000
57018,858.727,10000000
57019,859.187,10000000
57020,857.255,10000000
57021,853.621,10000000
57022,856.768,10000000
57023,858.240,10000000
57024,857.886,10000000
57025,858.544,10000000
57026,859.348,10000000
57027,858.427,10000000
57028,852.774,10000000
57029,847.939,10000000
57030,854.641,10000000
57031,851.622,10000000
57032,852.779,10000000
57033,852.821,10000000
57034,856.590,10000000
57035,859.002,10000000
57036,858.809,10000000
57037,856.036,10000000
57038,854.559,10000000
57039,855.514,10000000
57040,852.691,10000000
57041,853.463,10000000
57042,852.179,10000000
57043,851.500,10000000
57044,854.571,10000000
57045,856.035,10000000
57046,856.009,10000000
57047,857.927,10000000
57048,859.556,10000000
57049,858.163,10000000
57050,859.357,10000000
57051,860.006,10000000
57052,860.173,10000000
57053,858.165,10000000
57054,859.116,10000000
57055,857.526,10000000
57056,859.431,10000000
57057,857.397,10000000
57058,859.227,10000000
57059,858.439,10000000
57060,858.018,10000000
57061,858.221,10000000
57062,858.006,10000000
57063,855.244,10000000
57064,854.478,10000000
57065,856.663,10000000
57066,856.775,10000000
57067,853.920,10000000
57068,854.238,10000000
57069,855.498,10000000
57070,854.305,10000000
57071,851.571,10000000
57072,879.926,10000000
57073,908.212,10000000
57074,919.505,10000000
57075,923.438,10000000
57076,912.567,10000000
57077,904.237,10000000
57078,916.100,10000000
57079,922.695,10000000
57080,925.681,10000000
57081,924.847,10000000
57082,924.643,10000000
57083,925.011,10000000
57084,912.886,10000000
57085,891.105,10000000
57086,883.883,10000000
57087,883.950,10000000
57088,880.254,10000000
57089,884.780,10000000
57090,882.313,10000000
57091,883.784,10000000
57092,883.573,10000000
57093,884.264,10000000
57094,873.843,10000000
57095,875.525,10000000
57096,880.365,10000000
57097,879.086,10000000
57098,877.230,10000000
57099,882.572,10000000
57100,883.872,10000000
57101,881.744,10000000
57102,879.194,10000000
57103,881.381,10000000
57104,883.966,10000000
57105,879.912,10000000
57106,879.337,10000000
57107,881.091,10000000
57108,884.845,10000000
57109,883.076,10000000
57110,877.404,10000000
57111,878.455,10000000
57112,883.722,10000000
57113,883.032,10000000
57114,884.051,10000000
57115,885.242,10000000
57116,881.148,10000000
57117,882.417,10000000
57118,883.745,10000000
57119,882.423,10000000
57120,877.852,10000000
57121,882.496,10000000
57122,880.182,10000000
57123,875.976,10000000
57124,880.206,10000000
57125,881.832,10000000
57126,881.642,10000000
57127,882.001,10000000
57128,881.625,10000000
57129,882.373,10000000
57130,883.086,10000000
57131,874.478,10000000
57132,876.700,10000000
57133,875.798,10000000
57134,879.277,10000000
57135,881.567,10000000
57136,881.159,10000000
57137,881.840,10000000
57138,879.792,10000000
57139,880.860,10000000
57140,880.062,10000000
57141,882.096,10000000
57142,880.169,10000000
57143,883.517,10000000
57144,880.705,10000000
57145,881.915,10000000
57146,876.851,10000000
57147,880.176,10000000
57148,879.010,10000000
57149,878.171,10000000
57150,877.983,10000000
57151,879.642,10000000
57152,876.916,10000000
57153,877.164,10000000
57154,879.094,10000000
57155,873.136,10000000
57156,878.718,10000000
57157,878.028,10000000
57158,881.124,10000000
57159,882.054,10000000
57160,880.971,10000000
57161,880.628,10000000
57162,881.193,10000000
57163,880.913,10000000
57164,880.864,10000000
57165,879.917,10000000
57166,881.214,10000000
57167,877.392,10000000
57168,880.599,10000000
57169,878.496,10000000
57170,875.381,10000000
57171,880.916,10000000
57172,875.156,10000000
57173,878.326,10000000
57174,879.149,10000000
57175,876.391,10000000
57176,875.815,10000000
57177,876.980,10000000
57178,879.048,10000000
57179,877.990,10000000
57180,880.287,10000000
57181,879.215,10000000
57182,879.741,10000000
57183,881.515,10000000
57184,879.994,10000000
57185,877.514,10000000
57186,873.226,10000000
57187,876.511,10000000
57188,880.879,10000000
57189,881.681,10000000
57190,876.706,10000000
57191,879.638,10000000
57192,876.447,10000000
57193,879.531,10000000
57194,879.803,10000000
57195,878.477,10000000
57196,880.576,10000000
57197,882.356,10000000
57198,880.608,10000000
57199,880.780,10000000
57200,879.603,10000000
57201,877.863,10000000
57202,878.500,10000000
57203,877.224,10000000
57204,875.423,10000000
57205,876.698,10000000
57206,878.478,10000000
57207,873.152,10000000
57208,877.116,10000000
57209,877.559,10000000
57210,879.561,10000000
57211,876.697,10000000
57212,874.611,10000000
57213,877.678,10000000
57214,877.208,10000000
57215,877.207,10000000
57216,878.162,10000000
57217,881.118,10000000
57218,878.457,10000000
57219,879.339,10000000
57220,880.647,10000000
57221,879.931,10000000
57222,875.077,10000000
57223,875.511,10000000
57224,878.187,10000000
57225,878.112,10000000
57226,879.541,10000000
57227,878.554,10000000
57228,875.037,10000000
57229,879.175,10000000
57230,875.650,10000000
57231,876.302,10000000
57232,875.376,10000000
57233,878.026,10000000
57234,877.091,10000000
57235,876.732,10000000
57236,874.559,10000000
57237,877.998,10000000
57238,879.199,10000000
57239,873.586,10000000
57240,875.274,10000000
57241,873.748,10000000
57242,876.663,10000000
57243,875.994,10000000
57244,875.713,10000000
57245,876.966,10000000
57246,876.305,10000000
57247,873.146,10000000
57248,874.656,10000000
57249,872.816,10000000
57250,876.132,10000000
57251,877.574,10000000
57252,877.690,10000000
57253,875.732,10000000
57254,876.301,10000000
57255,876.413,10000000
57256,878.714,10000000
57257,875.441,10000000
57258,879.817,10000000
57259,876.919,10000000
57260,875.254,10000000
57261,877.812,10000000
57262,878.777,10000000
57263,880.786,10000000
57264,878.411,10000000
57265,878.354,10000000
57266,875.102,10000000
57267,876.557,10000000
57268,878.964,10000000
57269,877.523,10000000
57270,874.905,10000000
57271,877.349,10000000
57272,877.986,10000000
57273,876.490,10000000
57274,874.146,10000000
57275,875.967,10000000
57276,879.873,10000000
57277,875.401,10000000
57278,872.644,10000000
57279,866.941,10000000
57280,874.174,10000000
57281,875.499,10000000
57282,870.301,10000000
57283,870.166,10000000
57284,870.498,10000000
57285,874.516,10000000
57286,875.349,10000000
57287,873.743,10000000
57288,877.156,10000000
57289,877.057,10000000
57290,877.326,10000000
57291,878.803,10000000
57292,875.849,10000000
57293,875.846,10000000
57294,877.324,10000000
57295,873.015,10000000
57296,875.703,10000000
57297,866.196,10000000
57298,871.513,10000000
57299,875.232,10000000
57300,876.512,10000000
57301,876.702,10000000
57302,873.130,10000000
57303,875.325,10000000
57304,877.221,10000000
57305,877.898,10000000
57306,875.888,10000000
57307,869.405,10000000
57308,873.105,10000000
57309,868.732,10000000
57310,874.958,10000000
57311,873.052,10000000
57312,875.289,10000000
57313,875.874,10000000
57314,874.062,10000000
57315,871.982,10000000
57316,875.347,10000000
57317,877.154,10000000
57318,869.507,10000000
57319,870.138,10000000
57320,872.295,10000000
57321,874.729,10000000
57322,876.272,10000000
57323,869.496,10000000
57324,870.159,10000000
57325,875.547,10000000
57326,876.619,10000000
57327,876.532,10000000
57328,875.830,10000000
57329,870.496,10000000
57330,875.136,10000000
57331,872.759,10000000
57332,872.647,10000000
57333,875.113,10000000
57334,875.920,10000000
57335,875.199,10000000
57336,874.245,10000000
57337,875.926,10000000
57338,877.036,10000000
57339,871.684,10000000
57340,874.561,10000000
57341,872.708,10000000
57342,873.338,10000000
57343,870.836,10000000
57344,872.096,10000000
57345,873.666,10000000
57346,877.908,10000000
57347,874.578,10000000
57348,872.105,10000000
57349,873.325,10000000
57350,874.307,10000000
57351,871.113,10000000
57352,872.618,10000000
57353,868.192,10000000
57354,871.142,10000000
57355,874.815,10000000
57356,874.575,10000000
57357,872.999,10000000
57358,873.078,10000000
57359,874.973,10000000
57360,877.226,10000000
57361,874.752,10000000
57362,877.241,10000000
57363,874.279,10000000
57364,871.428,10000000
57365,871.666,10000000
57366,871.017,10000000
57367,867.064,10000000
57368,868.063,10000000
57369,867.922,10000000
57370,872.406,10000000
57371,873.325,10000000
57372,873.984,10000000
57373,866.468,10000000
57374,868.623,10000000
57375,872.044,10000000
57376,873.945,10000000
57377,876.364,10000000
57378,874.828,10000000
57379,875.971,10000000
57380,876.123,10000000
57381,870.952,10000000
57382,864.477,10000000
57383,865.287,10000000
57384,873.451,10000000
57385,874.284,10000000
57386,872.795,10000000
57387,872.998,10000000
57388,870.950,10000000
57389,870.881,10000000
57390,872.046,10000000
57391,872.852,10000000
57392,873.835,10000000
57393,873.696,10000000
57394,870.489,10000000
57395,872.479,10000000
57396,874.231,10000000
57397,875.079,10000000
57398,874.211,10000000
57399,872.026,10000000
57400,872.865,10000000
57401,873.061,10000000
57402,873.383,10000000
57403,870.092,10000000
57404,870.580,10000000
57405,873.618,10000000
57406,874.780,10000000
57407,868.400,10000000
57408,869.636,10000000
57409,871.453,10000000
57410,874.620,10000000
57411,869.541,10000000
57412,872.475,10000000
57413,874.255,10000000
57414,871.587,10000000
57415,872.004,10000000
57416,872.960,10000000
57417,871.977,10000000
57418,873.698,10000000
57419,872.865,10000000
57420,872.742,10000000
57421,875.974,10000000
57422,871.518,10000000
57423,870.414,10000000
57424,871.995,10000000
57425,872.173,10000000
57426,875.416,10000000
57427,870.209,10000000
57428,872.428,10000000
57429,872.685,10000000
57430,872.744,10000000
57431,872.231,10000000
57432,867.682,10000000
57433,870.832,10000000
57434,869.270,10000000
57435,867.512,10000000
57436,867.239,10000000
57437,866.444,10000000
57438,869.907,10000000
57439,872.581,10000000
57440,872.897,10000000
57441,873.991,10000000
57442,871.203,10000000
57443,872.482,10000000
57444,873.161,10000000
57445,871.910,10000000
57446,871.320,10000000
57447,872.345,10000000
57448,872.398,10000000
57449,867.940,10000000
57450,871.887,10000000
57451,873.099,10000000
57452,873.612,10000000
57453,873.935,10000000
57454,872.888,10000000
57455,873.982,10000000
57456,871.853,10000000
57457,870.303,10000000
57458,870.215,10000000
57459,870.418,10000000
57460,867.287,10000000
57461,861.046,10000000
57462,859.741,10000000
57463,858.844,10000000
57464,867.202,10000000
57465,869.685,10000000
57466,871.110,10000000
57467,867.332,10000000
57468,869.982,10000000
57469,868.850,10000000
57470,869.991,10000000
57471,872.268,10000000
57472,873.590,10000000
57473,874.260,10000000
57474,872.348,10000000
57475,872.840,10000000
57476,872.014,10000000
57477,873.029,10000000
57478,871.258,10000000
57479,873.267,10000000
57480,875.004,10000000
57481,874.418,10000000
57482,868.170,10000000
57483,869.355,10000000
57484,866.883,10000000
57485,870.408,10000000
57486,870.032,10000000
57487,871.978,10000000
57488,872.146,10000000
57489,871.576,10000000
57490,865.326,10000000
57491,865.781,10000000
57492,868.953,10000000
57493,870.410,10000000
57494,869.056,10000000
57495,869.020,10000000
57496,865.029,10000000
57497,869.363,10000000
57498,870.545,10000000
57499,868.321,10000000
57500,868.190,10000000
57501,865.705,10000000
57502,870.740,10000000
57503,867.092,10000000
57504,868.196,10000000
57505,870.617,10000000
57506,871.209,10000000
57507,869.633,10000000
57508,870.502,10000000
57509,870.793,10000000
57510,871.232,10000000
57511,873.258,10000000
57512,873.806,10000000
57513,870.282,10000000
57514,868.603,10000000
57515,866.485,10000000
57516,866.326,10000000
57517,869.736,10000000
57518,870.142,10000000
57519,869.662,10000000
57520,870.195,10000000
57521,872.033,10000000
57522,870.348,10000000
57523,868.708,10000000
57524,863.035,10000000
57525,865.589,10000000
57526,866.000,10000000
57527,869.943,10000000
57528,872.429,10000000
57529,871.639,10000000
57530,867.036,10000000
57531,867.509,10000000
57532,867.383,10000000
57533,863.047,10000000
57534,866.875,10000000
57535,869.678,10000000
57536,869.382,10000000
57537,870.476,10000000
57538,870.057,10000000
57539,870.861,10000000
57540,870.568,10000000
57541,869.067,10000000
57542,865.629,10000000
57543,869.065,10000000
57544,868.650,10000000
57545,868.876,10000000
57546,869.630,10000000
57547,871.499,10000000
57548,869.099,10000000
57549,866.464,10000000
57550,868.350,10000000
57551,863.449,10000000
57552,866.505,10000000
57553,869.104,10000000
57554,866.157,10000000
57555,867.924,10000000
57556,868.764,10000000
57557,869.968,10000000
57558,871.638,10000000
57559,870.404,10000000
57560,870.169,10000000
57561,870.219,10000000
57562,870.182,10000000
57563,868.142,10000000
57564,868.876,10000000
57565,866.826,10000000
57566,867.457,10000000
57567,865.789,10000000
57568,864.351,10000000
57569,866.740,10000000
57570,868.357,10000000
57571,866.353,10000000
57572,863.651,10000000
57573,862.803,10000000
57574,866.486,10000000
57575,865.894,10000000
57576,865.742,10000000
57577,867.989,10000000
57578,869.169,10000000
57579,869.113,10000000
57580,869.189,10000000
57581,865.786,10000000
57582,863.281,10000000
57583,862.335,10000000
57584,863.843,10000000
57585,858.215,10000000
57586,859.576,10000000
57587,860.686,10000000
57588,865.384,10000000
57589,866.930,10000000
57590,868.339,10000000
57591,868.589,10000000
57592,863.392,10000000
57593,862.939,10000000
57594,863.144,10000000
57595,864.498,10000000
57596,864.899,10000000
57597,868.010,10000000
57598,866.461,10000000
57599,865.672,10000000
57600,867.889,10000000
57601,866.950,10000000
57602,867.010,10000000
57603,868.121,10000000
57604,864.082,10000000
57605,863.831,10000000
57606,865.283,10000000
57607,869.448,10000000
57608,865.896,10000000
57609,869.379,10000000
57610,865.267,10000000
57611,860.937,10000000
57612,866.240,10000000
57613,864.828,10000000
57614,867.317,10000000
57615,865.583,10000000
57616,870.117,10000000
57617,869.275,10000000
57618,868.646,10000000
57619,865.908,10000000
57620,859.462,10000000
57621,861.883,10000000
57622,863.701,10000000
57623,864.563,10000000
57624,867.810,10000000
57625,868.124,10000000
57626,866.288,10000000
57627,863.644,10000000
57628,864.203,10000000
57629,865.691,10000000
57630,865.047,10000000
57631,858.940,10000000
57632,863.331,10000000
57633,864.552,10000000
57634,867.202,10000000
57635,867.168,10000000
57636,868.576,10000000
57637,866.170,10000000
57638,865.650,10000000
57639,862.999,10000000
57640,866.325,10000000
57641,863.382,10000000
57642,864.669,10000000
57643,864.842,10000000
57644,865.166,10000000
57645,865.057,10000000
57646,861.233,10000000
57647,863.349,10000000
57648,864.353,10000000
57649,866.817,10000000
57650,867.120,10000000
57651,866.632,10000000
57652,863.916,10000000
57653,867.648,10000000
57654,868.163,10000000
57655,866.843,10000000
57656,866.096,10000000
57657,866.629,10000000
57658,867.545,10000000
57659,868.755,10000000
57660,866.556,10000000
57661,867.220,10000000
57662,865.939,10000000
57663,866.454,10000000
57664,864.324,10000000
57665,867.901,10000000
57666,867.216,10000000
57667,868.473,10000000
57668,866.774,10000000
57669,868.136,10000000
57670,869.792,10000000
57671,868.430,10000000
57672,866.327,10000000
57673,866.825,10000000
57674,863.937,10000000
57675,866.106,10000000
57676,864.467,10000000
57677,864.598,10000000
57678,865.612,10000000
57679,866.139,10000000
57680,866.975,10000000
57681,857.955,10000000
57682,861.719,10000000
57683,864.485,10000000
57684,865.106,10000000
57685,861.147,10000000
57686,863.373,10000000
57687,862.628,10000000
57688,866.907,10000000
57689,863.338,10000000
57690,857.306,10000000
57691,858.213,10000000
57692,859.169,10000000
57693,862.413,10000000
57694,862.316,10000000
57695,861.958,10000000
57696,863.399,10000000
57697,865.019,10000000
57698,865.859,10000000
57699,866.694,10000000
57700,864.279,10000000
57701,864.169,10000000
57702,861.579,10000000
57703,858.232,10000000
57704,858.896,10000000
57705,864.679,10000000
57706,865.485,10000000
57707,867.078,10000000
57708,867.460,10000000
57709,862.943,10000000
57710,863.590,10000000
57711,861.891,10000000
57712,865.361,10000000
57713,862.937,10000000
57714,865.526,10000000
57715,865.592,10000000
57716,865.482,10000000
57717,865.274,10000000
57718,859.494,10000000
57719,862.033,10000000
57720,863.700,10000000
57721,860.719,10000000
57722,860.086,10000000
57723,859.773,10000000
57724,863.594,10000000
57725,864.427,10000000
57726,857.474,10000000
57727,852.561,10000000
57728,853.370,10000000
57729,860.684,10000000
57730,862.293,10000000
57731,863.063,10000000
57732,865.117,10000000
57733,862.721,10000000
57734,863.502,10000000
57735,861.968,10000000
57736,864.769,10000000
57737,866.135,10000000
57738,863.665,10000000
57739,865.296,10000000
57740,863.331,10000000
57741,866.986,10000000
57742,865.627,10000000
57743,864.872,10000000
57744,864.935,10000000
57745,865.446,10000000
57746,862.962,10000000
57747,862.886,10000000
57748,865.135,10000000
57749,866.137,10000000
57750,864.252,10000000
57751,861.668,10000000
57752,863.553,10000000
57753,865.111,10000000
57754,862.210,10000000
57755,853.738,10000000
57756,855.714,10000000
57757,857.075,10000000
57758,860.864,10000000
57759,860.148,10000000
57760,862.628,10000000
57761,864.183,10000000
57762,862.095,10000000
57763,854.811,10000000
57764,854.074,10000000
57765,860.866,10000000
57766,856.137,10000000
57767,858.217,10000000
57768,863.365,10000000
57769,863.533,10000000
57770,860.000,10000000
57771,862.846,10000000
57772,860.824,10000000
57773,863.472,10000000
57774,865.326,10000000
57775,864.245,10000000
57776,859.671,10000000
57777,854.582,10000000
57778,859.666,10000000
57779,860.497,10000000
57780,860.088,10000000
57781,864.222,10000000
57782,862.933,10000000
57783,863.701,10000000
57784,863.360,10000000
57785,863.358,10000000
57786,861.512,10000000
57787,861.847,10000000
57788,863.359,10000000
57789,860.058,10000000
57790,862.389,10000000
57791,863.089,10000000
57792,862.548,10000000
57793,861.362,10000000
57794,863.274,10000000
57795,863.766,10000000
57796,862.149,10000000
57797,858.380,10000000
57798,857.546,10000000
57799,861.638,10000000
57800,860.625,10000000
57801,859.302,10000000
57802,859.796,10000000
57803,861.842,10000000
57804,862.434,10000000
57805,861.523,10000000
57806,860.636,10000000
57807,862.140,10000000
57808,861.087,10000000
57809,861.940,10000000
57810,863.369,10000000
57811,860.927,10000000
57812,853.404,10000000
57813,856.985,10000000
57814,852.712,10000000
57815,857.500,10000000
57816,859.754,10000000
57817,859.876,10000000
57818,861.995,10000000
57819,863.044,10000000
57820,861.428,10000000
57821,861.156,10000000
57822,862.458,10000000
57823,863.894,10000000
57824,861.752,10000000
57825,861.921,10000000
57826,862.057,10000000
57827,862.231,10000000
57828,858.630,10000000
57829,862.233,10000000
57830,861.220,10000000
57831,860.644,10000000
57832,861.299,10000000
57833,859.454,10000000
57834,861.878,10000000
57835,863.000,10000000
57836,861.748,10000000
57837,861.854,10000000
57838,862.060,10000000
57839,860.758,10000000
57840,860.731,10000000
57841,858.653,10000000
57842,847.344,10000000
57843,855.803,10000000
57844,860.272,10000000
57845,858.780,10000000
57846,861.975,10000000
57847,862.898,10000000
57848,855.667,10000000
57849,858.762,10000000
57850,860.798,10000000
57851,862.580,10000000
57852,862.163,10000000
57853,861.437,10000000
57854,860.361,10000000
57855,862.169,10000000
57856,863.328,10000000
57857,862.166,10000000
57858,862.546,10000000
57859,862.859,10000000
57860,860.843,10000000
57861,861.893,10000000
57862,861.609,10000000
57863,856.394,10000000
57864,859.323,10000000
57865,859.515,10000000
57866,860.143,10000000
57867,863.000,10000000
57868,851.730,10000000
57869,853.532,10000000
57870,857.292,10000000
57871,861.588,10000000
57872,863.237,10000000
57873,864.422,10000000
57874,859.515,10000000
57875,862.413,10000000
57876,862.407,10000000
57877,863.519,10000000
57878,862.120,10000000
57879,861.711,10000000
57880,861.086,10000000
57881,860.165,10000000
57882,860.189,10000000
57883,856.100,10000000
57884,859.666,10000000
57885,857.220,10000000
57886,860.191,10000000
57887,861.106,10000000
57888,860.566,10000000
57889,860.130,10000000
57890,859.783,10000000
57891,861.191,10000000
57892,859.927,10000000
57893,861.660,10000000
57894,860.460,10000000
57895,861.933,10000000
57896,855.301,10000000
57897,854.222,10000000
57898,857.580,10000000
57899,858.249,10000000
57900,858.729,10000000
57901,862.128,10000000
57902,860.566,10000000
57903,859.550,10000000
57904,861.960,10000000
57905,859.023,10000000
57906,860.875,10000000
57907,860.795,10000000
57908,860.920,10000000
57909,862.771,10000000
57910,860.970,10000000
57911,858.012,10000000
57912,855.567,10000000
57913,859.100,10000000
57914,857.912,10000000
57915,858.748,10000000
57916,858.913,10000000
57917,860.865,10000000
57918,856.868,10000000
57919,858.765,10000000
57920,857.224,10000000
57921,859.173,10000000
57922,855.427,10000000
57923,857.023,10000000
57924,856.000,10000000
57925,850.401,10000000
57926,858.532,10000000
57927,861.242,10000000
57928,858.737,10000000
57929,859.883,10000000
57930,861.461,10000000
57931,859.868,10000000
57932,856.160,10000000
57933,851.060,10000000
57934,856.981,10000000
57935,856.446,10000000
57936,858.205,10000000
57937,856.205,10000000
57938,855.855,10000000
57939,855.589,10000000
57940,857.422,10000000
57941,859.138,10000000
57942,860.140,10000000
57943,859.182,10000000
57944,858.903,10000000
57945,855.493,10000000
57946,854.434,10000000
57947,853.858,10000000
57948,858.457,10000000
57949,858.483,10000000
57950,860.456,10000000
57951,860.364,10000000
57952,859.931,10000000
57953,860.331,10000000
57954,861.378,10000000
57955,860.974,10000000
57956,857.410,10000000
57957,854.039,10000000
57958,854.470,10000000
57959,857.970,10000000
57960,860.149,10000000
57961,857.839,10000000
57962,860.977,10000000
57963,849.856,10000000
57964,850.918,10000000
57965,854.025,10000000
57966,857.227,10000000
57967,857.559,10000000
57968,860.369,10000000
57969,856.080,10000000
57970,853.816,10000000
57971,856.802,10000000
57972,857.627,10000000
57973,859.420,10000000
57974,856.815,10000000
57975,857.918,10000000
57976,855.276,10000000
57977,859.433,10000000
57978,859.838,10000000
57979,861.159,10000000
57980,859.960,10000000
57981,861.983,10000000
57982,860.181,10000000
57983,858.820,10000000
57984,858.099,10000000
57985,857.215,10000000
57986,851.388,10000000
57987,855.740,10000000
57988,857.610,10000000
57989,859.875,10000000
57990,861.224,10000000
57991,861.032,10000000
57992,860.819,10000000
57993,859.169,10000000
57994,861.219,10000000
57995,859.196,10000000
57996,857.465,10000000
57997,859.432,10000000
57998,858.562,10000000
57999,858.346,10000000
58000,858.167,10000000
58001,859.866,10000000
58002,853.144,10000000
58003,856.489,10000000
58004,857.401,10000000
58005,859.073,10000000
58006,859.771,10000000
58007,855.300,10000000
58008,850.457,10000000
58009,854.074,10000000
58010,855.677,10000000
58011,858.526,10000000
58012,856.074,10000000
58013,850.745,10000000
58014,852.584,10000000
58015,855.396,10000000
58016,852.105,10000000
58017,847.561,10000000
58018,851.729,10000000
58019,857.717,10000000
58020,857.306,10000000
58021,857.677,10000000
58022,857.440,10000000
58023,858.789,10000000
58024,856.731,10000000
58025,856.411,10000000
58026,857.604,10000000
58027,856.055,10000000
58028,856.763,10000000
58029,858.642,10000000
58030,857.834,10000000
58031,857.315,10000000
58032,858.338,10000000
58033,857.055,10000000
58034,859.960,10000000
58035,859.158,10000000
58036,859.147,10000000
58037,857.704,10000000
58038,858.536,10000000
58039,856.491,10000000
58040,858.372,10000000
58041,855.295,10000000
58042,857.004,10000000
58043,857.511,10000000
58044,859.923,10000000
58045,858.086,10000000
58046,858.492,10000000
58047,857.281,10000000
58048,854.176,10000000
58049,855.382,10000000
58050,857.100,10000000
58051,859.043,10000000
58052,855.307,10000000
58053,856.647,10000000
58054,858.324,10000000
58055,859.578,10000000
58056,859.503,10000000
58057,856.571,10000000
58058,857.250,10000000
58059,855.767,10000000
58060,859.220,10000000
58061,858.082,10000000
58062,895.012,10000000
58063,915.857,10000000
58064,923.254,10000000
58065,927.334,10000000
58066,911.423,10000000
58067,907.734,10000000
58068,919.579,10000000
58069,923.756,10000000
58070,926.190,10000000
58071,925.732,10000000
58072,924.586,10000000
58073,924.372,10000000
58074,905.295,10000000
58075,890.953,10000000
58076,883.245,10000000
58077,880.744,10000000
58078,881.119,10000000
58079,883.171,10000000
58080,883.774,10000000
58081,882.533,10000000
58082,877.548,10000000
58083,874.378,10000000
58084,878.638,10000000
58085,883.354,10000000
58086,881.890,10000000
58087,878.507,10000000
58088,880.004,10000000
58089,881.178,10000000
58090,881.671,10000000
58091,882.824,10000000
58092,883.204,10000000
58093,877.935,10000000
58094,881.663,10000000
58095,879.683,10000000
58096,878.296,10000000
58097,881.242,10000000
58098,884.026,10000000
58099,882.612,10000000
58100,878.896,10000000
58101,883.964,10000000
58102,882.107,10000000
58103,880.054,10000000
58104,878.187,10000000
58105,879.068,10000000
58106,882.487,10000000
58107,884.251,10000000
58108,882.124,10000000
58109,884.182,10000000
58110,882.622,10000000
58111,884.594,10000000
58112,883.239,10000000
58113,879.359,10000000
58114,882.262,10000000
58115,881.929,10000000
58116,881.386,10000000
58117,879.913,10000000
58118,879.443,10000000
58119,880.241,10000000
58120,877.627,10000000
58121,879.315,10000000
58122,881.481,10000000
58123,882.573,10000000
58124,880.582,10000000
58125,880.943,10000000
58126,882.211,10000000
58127,884.838,10000000
58128,883.043,10000000
58129,882.736,10000000
58130,883.238,10000000
58131,877.602,10000000
58132,879.593,10000000
58133,883.157,10000000
58134,882.875,10000000
58135,882.703,10000000
58136,882.268,10000000
58137,883.344,10000000
58138,883.905,10000000
58139,881.763,10000000
58140,881.883,10000000
58141,881.543,10000000
58142,882.192,10000000
58143,879.008,10000000
58144,877.447,10000000
58145,879.569,10000000
58146,879.806,10000000
58147,882.281,10000000
58148,880.036,10000000
58149,874.980,10000000
58150,879.203,10000000
58151,880.360,10000000
58152,881.318,10000000
58153,881.275,10000000
58154,880.715,10000000
58155,881.730,10000000
58156,882.345,10000000
58157,880.977,10000000
58158,880.524,10000000
58159,880.028,10000000
58160,874.343,10000000
58161,874.777,10000000
58162,879.718,10000000
58163,880.413,10000000
58164,881.915,10000000
58165,877.759,10000000
58166,876.491,10000000
58167,878.767,10000000
58168,875.414,10000000
58169,876.771,10000000
58170,874.583,10000000
58171,877.354,10000000
58172,876.160,10000000
58173,879.287,10000000
58174,878.168,10000000
58175,872.461,10000000
58176,877.451,10000000
58177,876.244,10000000
58178,875.965,10000000
58179,877.504,10000000
58180,875.572,10000000
58181,874.451,10000000
58182,877.687,10000000
58183,877.526,10000000
58184,876.486,10000000
58185,880.901,10000000
58186,878.094,10000000
58187,878.700,10000000
58188,880.006,10000000
58189,879.297,10000000
58190,879.247,10000000
58191,879.783,10000000
58192,879.953,10000000
58193,880.404,10000000
58194,878.086,10000000
58195,878.977,10000000
58196,874.862,10000000
58197,880.213,10000000
58198,881.507,10000000
58199,881.214,10000000
58200,880.625,10000000
58201,879.920,10000000
58202,880.217,10000000
58203,879.669,10000000
58204,880.262,10000000
58205,876.535,10000000
58206,875.934,10000000
58207,876.515,10000000
58208,873.766,10000000
58209,876.431,10000000
58210,877.345,10000000
58211,878.378,10000000
58212,880.203,10000000
58213,874.394,10000000
58214,877.109,10000000
58215,875.645,10000000
58216,873.716,10000000
58217,864.465,10000000
58218,872.360,10000000
58219,872.615,10000000
58220,873.728,10000000
58221,874.935,10000000
58222,877.287,10000000
58223,878.074,10000000
58224,877.674,10000000
58225,879.466,10000000
58226,878.961,10000000
58227,873.173,10000000
58228,871.833,10000000
58229,873.889,10000000
58230,864.658,10000000
58231,869.904,10000000
58232,868.518,10000000
58233,873.741,10000000
58234,877.341,10000000
58235,878.144,10000000
58236,874.005,10000000
58237,874.249,10000000
58238,876.820,10000000
58239,876.740,10000000
58240,877.106,10000000
58241,875.741,10000000
58242,876.029,10000000
58243,874.905,10000000
58244,874.519,10000000
58245,875.934,10000000
58246,877.570,10000000
58247,873.144,10000000
58248,875.766,10000000
58249,875.416,10000000
58250,876.498,10000000
58251,872.292,10000000
58252,873.615,10000000
58253,876.630,10000000
58254,874.537,10000000
58255,878.530,10000000
58256,876.099,10000000
58257,873.299,10000000
58258,876.710,10000000
58259,876.528,10000000
58260,878.453,10000000
58261,878.596,10000000
58262,875.569,10000000
58263,873.372,10000000
58264,870.795,10000000
58265,867.415,10000000
58266,867.286,10000000
58267,870.907,10000000
58268,870.277,10000000
58269,872.948,10000000
58270,868.809,10000000
58271,868.140,10000000
58272,873.191,10000000
58273,875.750,10000000
58274,875.669,10000000
58275,875.813,10000000
58276,876.519,10000000
58277,875.583,10000000
58278,875.341,10000000
58279,875.915,10000000
58280,877.077,10000000
58281,871.746,10000000
58282,875.164,10000000
58283,873.023,10000000
58284,872.947,10000000
58285,873.360,10000000
58286,875.994,10000000
58287,874.894,10000000
58288,877.622,10000000
58289,873.403,10000000
58290,874.350,10000000
58291,874.414,10000000
58292,869.548,10000000
58293,867.942,10000000
58294,871.957,10000000
58295,872.342,10000000
58296,869.476,10000000
58297,871.924,10000000
58298,874.917,10000000
58299,874.770,10000000
58300,874.647,10000000
58301,873.717,10000000
58302,872.930,10000000
58303,874.927,10000000
58304,873.144,10000000
58305,873.108,10000000
58306,874.378,10000000
58307,877.048,10000000
58308,875.059,10000000
58309,875.104,10000000
58310,874.214,10000000
58311,871.565,10000000
58312,871.348,10000000
58313,871.692,10000000
58314,870.890,10000000
58315,871.173,10000000
58316,870.420,10000000
58317,869.032,10000000
58318,870.157,10000000
58319,872.563,10000000
58320,875.848,10000000
58321,875.724,10000000
58322,875.222,10000000
58323,873.940,10000000
58324,872.959,10000000
58325,872.909,10000000
58326,872.120,10000000
58327,869.505,10000000
58328,874.629,10000000
58329,873.152,10000000
58330,868.840,10000000
58331,868.646,10000000
58332,871.072,10000000
58333,873.429,10000000
58334,868.764,10000000
58335,871.723,10000000
58336,874.360,10000000
58337,875.978,10000000
58338,873.866,10000000
58339,872.837,10000000
58340,871.627,10000000
58341,873.677,10000000
58342,875.041,10000000
58343,873.410,10000000
58344,876.658,10000000
58345,871.934,10000000
58346,874.167,10000000
58347,871.198,10000000
58348,874.316,10000000
58349,874.348,10000000
58350,874.192,10000000
58351,870.811,10000000
58352,873.511,10000000
58353,871.464,10000000
58354,875.018,10000000
58355,871.482,10000000
58356,873.632,10000000
58357,866.742,10000000
58358,867.343,10000000
58359,867.386,10000000
58360,870.658,10000000
58361,871.684,10000000
58362,874.054,10000000
58363,874.214,10000000
58364,868.600,10000000
58365,868.431,10000000
58366,873.481,10000000
58367,872.278,10000000
58368,865.291,10000000
58369,871.248,10000000
58370,867.710,10000000
58371,871.650,10000000
58372,870.891,10000000
58373,874.326,10000000
58374,874.557,10000000
58375,872.283,10000000
58376,872.024,10000000
58377,873.668,10000000
58378,871.186,10000000
58379,873.231,10000000
58380,869.763,10000000
58381,871.835,10000000
58382,871.498,10000000
58383,873.621,10000000
58384,874.840,10000000
58385,874.988,10000000
58386,874.710,10000000
58387,873.866,10000000
58388,869.416,10000000
58389,869.371,10000000
58390,870.540,10000000
58391,872.440,10000000
58392,871.999,10000000
58393,866.296,10000000
58394,871.284,10000000
58395,872.222,10000000
58396,872.674,10000000
58397,871.906,10000000
58398,867.216,10000000
58399,871.248,10000000
58400,871.594,10000000
58401,870.553,10000000
58402,867.148,10000000
58403,869.983,10000000
58404,872.630,10000000
58405,871.602,10000000
58406,874.429,10000000
58407,872.427,10000000
58408,874.524,10000000
58409,872.753,10000000
58410,869.791,10000000
58411,871.267,10000000
58412,873.032,10000000
58413,870.201,10000000
58414,863.774,10000000
58415,867.599,10000000
58416,870.871,10000000
58417,872.359,10000000
58418,874.943,10000000
58419,872.518,10000000
58420,874.109,10000000
58421,871.938,10000000
58422,872.181,10000000
58423,873.046,10000000
58424,870.547,10000000
58425,869.049,10000000
58426,868.468,10000000
58427,872.098,10000000
58428,871.491,10000000
58429,873.163,10000000
58430,870.254,10000000
58431,872.293,10000000
58432,871.219,10000000
58433,872.610,10000000
58434,872.542,10000000
58435,872.856,10000000
58436,874.697,10000000
58437,873.868,10000000
58438,874.945,10000000
58439,872.431,10000000
58440,875.321,10000000
58441,874.394,10000000
58442,871.072,10000000
58443,866.717,10000000
58444,869.448,10000000
58445,872.029,10000000
58446,870.253,10000000
58447,868.873,10000000
58448,870.929,10000000
58449,872.057,10000000
58450,872.074,10000000
58451,871.662,10000000
58452,874.310,10000000
58453,873.775,10000000
58454,872.488,10000000
58455,864.222,10000000
58456,864.217,10000000
58457,859.034,10000000
58458,866.864,10000000
58459,869.889,10000000
58460,870.224,10000000
58461,872.036,10000000
58462,872.880,10000000
58463,874.229,10000000
58464,864.704,10000000
58465,862.115,10000000
58466,858.315,10000000
58467,863.727,10000000
58468,866.626,10000000
58469,869.092,10000000
58470,872.557,10000000
58471,868.804,10000000
58472,870.599,10000000
58473,870.074,10000000
58474,871.004,10000000
58475,871.405,10000000
58476,870.165,10000000
58477,871.920,10000000
58478,867.172,10000000
58479,868.158,10000000
58480,869.941,10000000
58481,872.453,10000000
58482,871.310,10000000
58483,867.306,10000000
58484,869.029,10000000
58485,866.215,10000000
58486,865.616,10000000
58487,868.674,10000000
58488,869.999,10000000
58489,869.472,10000000
58490,871.822,10000000
58491,871.523,10000000
58492,867.328,10000000
58493,870.830,10000000
58494,872.792,10000000
58495,874.629,10000000
58496,873.153,10000000
58497,869.376,10000000
58498,868.720,10000000
58499,864.915,10000000
58500,864.086,10000000
58501,867.453,10000000
58502,865.123,10000000
58503,869.596,10000000
58504,870.344,10000000
58505,869.726,10000000
58506,867.752,10000000
58507,869.587,10000000
58508,867.865,10000000
58509,868.983,10000000
58510,872.117,10000000
58511,871.844,10000000
58512,871.479,10000000
58513,867.600,10000000
58514,867.301,10000000
58515,870.038,10000000
58516,871.543,10000000
58517,870.774,10000000
58518,870.996,10000000
58519,869.263,10000000
58520,871.653,10000000
58521,871.256,10000000
58522,868.438,10000000
58523,871.566,10000000
58524,867.139,10000000
58525,868.646,10000000
58526,870.509,10000000
58527,861.427,10000000
58528,866.841,10000000
58529,869.280,10000000
58530,871.247,10000000
58531,869.208,10000000
58532,870.489,10000000
58533,871.443,10000000
58534,870.722,10000000
58535,871.706,10000000
58536,872.534,10000000
58537,871.659,10000000
58538,869.231,10000000
58539,869.705,10000000
58540,866.563,10000000
58541,870.821,10000000
58542,869.999,10000000
58543,869.868,10000000
58544,870.616,10000000
58545,872.201,10000000
58546,869.574,10000000
58547,869.994,10000000
58548,867.783,10000000
58549,867.567,10000000
58550,869.360,10000000
58551,871.836,10000000
58552,869.006,10000000
58553,871.452,10000000
58554,865.813,10000000
58555,867.359,10000000
58556,869.721,10000000
58557,862.771,10000000
58558,867.039,10000000
58559,867.065,10000000
58560,862.825,10000000
58561,868.494,10000000
58562,867.038,10000000
58563,865.384,10000000
58564,867.931,10000000
58565,868.931,10000000
58566,868.083,10000000
58567,869.097,10000000
58568,868.303,10000000
58569,868.658,10000000
58570,867.906,10000000
58571,868.891,10000000
58572,869.829,10000000
58573,867.869,10000000
58574,868.367,10000000
58575,866.624,10000000
58576,857.312,10000000
58577,864.204,10000000
58578,867.030,10000000
58579,866.556,10000000
58580,864.651,10000000
58581,867.511,10000000
58582,860.963,10000000
58583,866.294,10000000
58584,865.817,10000000
58585,869.549,10000000
58586,871.191,10000000
58587,869.879,10000000
58588,868.556,10000000
58589,866.751,10000000
58590,864.851,10000000
58591,866.052,10000000
58592,861.612,10000000
58593,865.402,10000000
58594,863.316,10000000
58595,864.054,10000000
58596,864.367,10000000
58597,866.723,10000000
58598,866.453,10000000
58599,868.185,10000000
58600,865.135,10000000
58601,866.510,10000000
58602,863.935,10000000
58603,867.933,10000000
58604,866.288,10000000
58605,863.863,10000000
58606,866.334,10000000
58607,866.583,10000000
58608,866.791,10000000
58609,865.145,10000000
58610,865.308,10000000
58611,860.864,10000000
58612,863.147,10000000
58613,864.638,10000000
58614,866.269,10000000
58615,863.698,10000000
58616,860.169,10000000
58617,861.869,10000000
58618,866.401,10000000
58619,866.182,10000000
58620,865.900,10000000
58621,866.533,10000000
58622,868.699,10000000
58623,866.468,10000000
58624,864.117,10000000
58625,865.975,10000000
58626,865.682,10000000
58627,867.135,10000000
58628,867.113,10000000
58629,866.915,10000000
58630,863.213,10000000
58631,866.817,10000000
58632,865.339,10000000
58633,864.923,10000000
58634,866.334,10000000
58635,865.859,10000000
58636,867.775,10000000
58637,863.177,10000000
58638,863.298,10000000
58639,866.563,10000000
58640,866.242,10000000
58641,865.546,10000000
58642,863.781,10000000
58643,864.329,10000000
58644,866.134,10000000
58645,864.475,10000000
58646,865.015,10000000
58647,865.369,10000000
58648,866.610,10000000
58649,866.224,10000000
58650,867.563,10000000
58651,867.281,10000000
58652,865.579,10000000
58653,867.231,10000000
58654,866.316,10000000
58655,865.522,10000000
58656,867.606,10000000
58657,870.121,10000000
58658,867.882,10000000
58659,864.126,10000000
58660,865.805,10000000
58661,867.609,10000000
58662,868.271,10000000
58663,867.073,10000000
58664,867.373,10000000
58665,865.558,10000000
58666,866.059,10000000
58667,865.613,10000000
58668,862.376,10000000
58669,863.607,10000000
58670,860.218,10000000
58671,862.330,10000000
58672,865.997,10000000
58673,866.384,10000000
58674,867.784,10000000
58675,866.137,10000000
58676,863.790,10000000
58677,862.698,10000000
58678,861.080,10000000
58679,860.334,10000000
58680,863.160,10000000
58681,864.456,10000000
58682,863.946,10000000
58683,863.345,10000000
58684,864.696,10000000
58685,865.003,10000000
58686,866.191,10000000
58687,867.186,10000000
58688,863.446,10000000
58689,858.451,10000000
58690,863.338,10000000
58691,858.211,10000000
58692,861.216,10000000
58693,860.485,10000000
58694,858.891,10000000
58695,864.945,10000000
58696,864.709,10000000
58697,864.872,10000000
58698,866.301,10000000
58699,864.865,10000000
58700,863.273,10000000
58701,859.806,10000000
58702,862.854,10000000
58703,864.594,10000000
58704,866.420,10000000
58705,866.363,10000000
58706,865.059,10000000
58707,866.681,10000000
58708,864.047,10000000
58709,861.715,10000000
58710,862.282,10000000
58711,867.255,10000000
58712,860.756,10000000
58713,862.717,10000000
58714,861.855,10000000
58715,864.091,10000000
58716,865.762,10000000
58717,865.892,10000000
58718,863.941,10000000
58719,864.783,10000000
58720,865.390,10000000
58721,864.055,10000000
58722,862.078,10000000
58723,861.644,10000000
58724,863.159,10000000
58725,862.336,10000000
58726,863.232,10000000
58727,864.126,10000000
58728,864.250,10000000
58729,865.074,10000000
58730,861.749,10000000
58731,859.840,10000000
58732,864.251,10000000
58733,863.271,10000000
58734,862.635,10000000
58735,862.117,10000000
58736,860.060,10000000
58737,861.909,10000000
58738,860.080,10000000
58739,860.138,10000000
58740,862.371,10000000
58741,865.502,10000000
58742,862.123,10000000
58743,861.515,10000000
58744,855.402,10000000
58745,859.964,10000000
58746,862.305,10000000
58747,860.512,10000000
58748,861.847,10000000
58749,862.097,10000000
58750,863.534,10000000
58751,860.318,10000000
58752,862.812,10000000
58753,863.004,10000000
58754,864.587,10000000
58755,863.420,10000000
58756,860.805,10000000
58757,862.870,10000000
58758,863.558,10000000
58759,862.184,10000000
58760,861.712,10000000
58761,864.172,10000000
58762,862.251,10000000
58763,861.722,10000000
58764,861.187,10000000
58765,862.566,10000000
58766,865.129,10000000
58767,857.567,10000000
58768,857.793,10000000
58769,862.350,10000000
58770,863.797,10000000
58771,864.719,10000000
58772,858.058,10000000
58773,853.421,10000000
58774,851.920,10000000
58775,855.421,10000000
58776,860.137,10000000
58777,862.031,10000000
58778,860.156,10000000
58779,860.292,10000000
58780,860.412,10000000
58781,862.302,10000000
58782,862.062,10000000
58783,862.217,10000000
58784,859.753,10000000
58785,859.184,10000000
58786,864.295,10000000
58787,863.839,10000000
58788,861.953,10000000
58789,860.967,10000000
58790,861.205,10000000
58791,860.815,10000000
58792,860.764,10000000
58793,861.565,10000000
58794,857.700,10000000
58795,860.425,10000000
58796,863.341,10000000
58797,860.372,10000000
58798,862.079,10000000
58799,861.718,10000000
58800,859.592,10000000
58801,860.521,10000000
58802,856.422,10000000
58803,861.981,10000000
58804,863.400,10000000
58805,861.937,10000000
58806,858.351,10000000
58807,862.586,10000000
58808,861.917,10000000
58809,855.714,10000000
58810,856.382,10000000
58811,858.753,10000000
58812,855.798,10000000
58813,856.073,10000000
58814,856.586,10000000
58815,859.411,10000000
58816,863.503,10000000
58817,861.706,10000000
58818,861.514,10000000
58819,861.425,10000000
58820,859.880,10000000
58821,861.049,10000000
58822,855.874,10000000
58823,859.380,10000000
58824,862.247,10000000
58825,861.786,10000000
58826,861.596,10000000
58827,861.307,10000000
58828,860.262,10000000
58829,859.708,10000000
58830,860.862,10000000
58831,861.103,10000000
58832,862.989,10000000
58833,858.570,10000000
58834,860.108,10000000
58835,859.313,10000000
58836,861.431,10000000
58837,860.926,10000000
58838,863.311,10000000
58839,862.023,10000000
58840,864.172,10000000
58841,862.459,10000000
58842,860.234,10000000
58843,861.421,10000000
58844,862.028,10000000
58845,862.677,10000000
58846,855.892,10000000
58847,858.613,10000000
58848,861.303,10000000
58849,862.263,10000000
58850,862.399,10000000
58851,861.427,10000000
58852,862.920,10000000
58853,862.335,10000000
58854,858.999,10000000
58855,861.251,10000000
58856,858.896,10000000
58857,861.738,10000000
58858,862.552,10000000
58859,862.202,10000000
58860,857.113,10000000
58861,861.156,10000000
58862,862.208,10000000
58863,864.072,10000000
58864,861.389,10000000
58865,862.787,10000000
58866,861.065,10000000
58867,860.487,10000000
58868,860.040,10000000
58869,862.221,10000000
58870,862.303,10000000
58871,862.237,10000000
58872,861.137,10000000
58873,864.269,10000000
58874,862.884,10000000
58875,863.487,10000000
58876,862.246,10000000
58877,858.501,10000000
58878,861.161,10000000
58879,860.932,10000000
58880,855.934,10000000
58881,854.651,10000000
58882,856.832,10000000
58883,861.022,10000000
58884,861.809,10000000
58885,859.973,10000000
58886,860.507,10000000
58887,860.796,10000000
58888,862.488,10000000
58889,861.143,10000000
58890,863.047,10000000
58891,858.539,10000000
58892,857.951,10000000
58893,855.550,10000000
58894,860.432,10000000
58895,861.793,10000000
58896,861.204,10000000
58897,860.674,10000000
58898,862.569,10000000
58899,863.889,10000000
58900,862.633,10000000
58901,862.026,10000000
58902,859.979,10000000
58903,862.670,10000000
58904,862.590,10000000
58905,858.620,10000000
58906,860.849,10000000
58907,862.563,10000000
58908,858.003,10000000
58909,859.383,10000000
58910,856.557,10000000
58911,855.895,10000000
58912,860.665,10000000
58913,857.882,10000000
58914,858.643,10000000
58915,860.657,10000000
58916,860.617,10000000
58917,859.196,10000000
58918,862.154,10000000
58919,862.357,10000000
58920,863.861,10000000
58921,860.325,10000000
58922,860.998,10000000
58923,860.924,10000000
58924,862.525,10000000
58925,859.914,10000000
58926,855.740,10000000
58927,860.965,10000000
58928,858.989,10000000
58929,859.364,10000000
58930,859.313,10000000
58931,859.046,10000000
58932,859.294,10000000
58933,860.599,10000000
58934,860.782,10000000
58935,861.933,10000000
58936,864.186,10000000
58937,860.174,10000000
58938,854.798,10000000
58939,860.489,10000000
58940,859.926,10000000
58941,860.582,10000000
58942,859.255,10000000
58943,861.887,10000000
58944,862.833,10000000
58945,860.499,10000000
58946,858.557,10000000
58947,861.487,10000000
58948,862.275,10000000
58949,862.791,10000000
58950,860.179,10000000
58951,859.270,10000000
58952,860.227,10000000
58953,860.354,10000000
58954,859.858,10000000
58955,860.227,10000000
58956,862.781,10000000
58957,863.548,10000000
58958,860.894,10000000
58959,859.017,10000000
58960,860.978,10000000
58961,861.939,10000000
58962,860.765,10000000
58963,856.541,10000000
58964,860.157,10000000
58965,861.848,10000000
58966,860.998,10000000
58967,859.610,10000000
58968,861.068,10000000
58969,858.835,10000000
58970,855.628,10000000
58971,855.818,10000000
58972,857.634,10000000
58973,859.050,10000000
58974,861.591,10000000
58975,859.922,10000000
58976,857.992,10000000
58977,859.589,10000000
58978,858.138,10000000
58979,859.227,10000000
58980,853.826,10000000
58981,850.556,10000000
58982,852.523,10000000
58983,855.334,10000000
58984,858.581,10000000
58985,859.879,10000000
58986,856.100,10000000
58987,857.852,10000000
58988,861.317,10000000
58989,855.371,10000000
58990,855.723,10000000
58991,854.356,10000000
58992,857.901,10000000
58993,857.773,10000000
58994,860.508,10000000
58995,860.449,10000000
58996,857.084,10000000
58997,859.234,10000000
58998,858.546,10000000
58999,860.140,10000000
59000,858.338,10000000
59001,857.513,10000000
59002,861.035,10000000
59003,861.338,10000000
59004,857.728,10000000
59005,856.639,10000000
59006,851.471,10000000
59007,856.683,10000000
59008,860.886,10000000
59009,858.575,10000000
59010,859.891,10000000
59011,860.115,10000000
59012,860.098,10000000
59013,859.001,10000000
59014,854.887,10000000
59015,852.118,10000000
59016,856.295,10000000
59017,860.324,10000000
59018,860.776,10000000
59019,855.675,10000000
59020,858.616,10000000
59021,855.613,10000000
59022,854.993,10000000
59023,858.601,10000000
59024,854.310,10000000
59025,857.656,10000000
59026,856.845,10000000
59027,857.180,10000000
59028,857.490,10000000
59029,860.160,10000000
59030,856.284,10000000
59031,849.818,10000000
59032,856.663,10000000
59033,857.254,10000000
59034,851.411,10000000
59035,854.636,10000000
59036,858.508,10000000
59037,856.994,10000000
59038,860.580,10000000
59039,860.702,10000000
59040,861.571,10000000
59041,861.683,10000000
59042,862.097,10000000
59043,860.246,10000000
59044,860.987,10000000
59045,858.917,10000000
59046,858.974,10000000
59047,858.652,10000000
59048,856.408,10000000
59049,859.973,10000000
59050,860.045,10000000
59051,860.947,10000000
59052,901.273,10000000
59053,918.284,10000000
59054,925.043,10000000
59055,924.133,10000000
59056,908.667,10000000
59057,911.406,10000000
59058,922.412,10000000
59059,926.286,10000000
59060,926.891,10000000
59061,927.405,10000000
59062,927.425,10000000
59063,927.199,10000000
59064,903.596,10000000
59065,890.831,10000000
59066,888.451,10000000
59067,884.382,10000000
59068,884.117,10000000
59069,880.763,10000000
59070,884.197,10000000
59071,876.144,10000000
59072,879.746,10000000
59073,877.869,10000000
59074,878.623,10000000
59075,883.519,10000000
59076,875.609,10000000
59077,879.887,10000000
59078,875.187,10000000
59079,878.869,10000000
59080,887.934,10000000
59081,884.097,10000000
59082,882.778,10000000
59083,878.573,10000000
59084,881.565,10000000
59085,883.898,10000000
59086,885.819,10000000
59087,882.778,10000000
59088,884.772,10000000
59089,884.537,10000000
59090,882.867,10000000
59091,879.129,10000000
59092,885.088,10000000
59093,877.021,10000000
59094,880.671,10000000
59095,882.012,10000000
59096,883.374,10000000
59097,884.955,10000000
59098,884.803,10000000
59099,884.196,10000000
59100,883.951,10000000
59101,880.815,10000000
59102,880.377,10000000
59103,882.254,10000000
59104,883.452,10000000
59105,881.880,10000000
59106,878.640,10000000
59107,877.186,10000000
59108,881.791,10000000
59109,883.937,10000000
59110,884.669,10000000
59111,882.299,10000000
59112,881.143,10000000
59113,880.643,10000000
59114,882.329,10000000
59115,882.288,10000000
59116,881.987,10000000
59117,878.538,10000000
59118,877.823,10000000
59119,878.818,10000000
59120,879.317,10000000
59121,880.465,10000000
59122,882.977,10000000
59123,878.447,10000000
59124,879.678,10000000
59125,880.847,10000000
59126,882.814,10000000
59127,882.190,10000000
59128,880.141,10000000
59129,880.844,10000000
59130,881.414,10000000
59131,880.052,10000000
59132,880.943,10000000
59133,880.890,10000000
59134,884.013,10000000
59135,879.507,10000000
59136,881.361,10000000
59137,880.238,10000000
59138,870.899,10000000
59139,877.464,10000000
59140,882.354,10000000
59141,881.339,10000000
59142,883.102,10000000
59143,881.032,10000000
59144,877.030,10000000
59145,878.624,10000000
59146,870.630,10000000
59147,875.431,10000000
59148,878.308,10000000
59149,879.664,10000000
59150,880.336,10000000
59151,881.596,10000000
59152,877.126,10000000
59153,875.747,10000000
59154,877.378,10000000
59155,880.995,10000000
59156,882.846,10000000
59157,882.797,10000000
59158,880.972,10000000
59159,881.474,10000000
59160,882.945,10000000
59161,881.261,10000000
59162,875.377,10000000
59163,876.206,10000000
59164,878.503,10000000
59165,880.617,10000000
59166,878.956,10000000
59167,874.234,10000000
59168,874.570,10000000
59169,879.811,10000000
59170,881.004,10000000
59171,881.371,10000000
59172,881.274,10000000
59173,882.523,10000000
59174,877.514,10000000
59175,877.394,10000000
59176,879.074,10000000
59177,880.730,10000000
59178,880.165,10000000
59179,881.363,10000000
59180,881.268,10000000
59181,879.880,10000000
59182,878.025,10000000
59183,866.827,10000000
59184,875.872,10000000
59185,878.980,10000000
59186,878.386,10000000
59187,878.485,10000000
59188,881.378,10000000
59189,878.790,10000000
59190,880.121,10000000
59191,880.521,10000000
59192,880.274,10000000
59193,875.111,10000000
59194,880.135,10000000
59195,879.494,10000000
59196,878.936,10000000
59197,878.671,10000000
59198,879.548,10000000
59199,880.533,10000000
59200,879.914,10000000
59201,879.230,10000000
59202,878.793,10000000
59203,877.505,10000000
59204,876.839,10000000
59205,878.996,10000000
59206,879.222,10000000
59207,872.028,10000000
59208,871.136,10000000
59209,873.341,10000000
59210,875.503,10000000
59211,874.208,10000000
59212,875.127,10000000
59213,876.561,10000000
59214,878.202,10000000
59215,879.090,10000000
59216,878.723,10000000
59217,879.159,10000000
59218,879.601,10000000
59219,878.345,10000000
59220,877.248,10000000
59221,876.485,10000000
59222,878.483,10000000
59223,880.426,10000000
59224,879.804,10000000
59225,878.136,10000000
59226,879.940,10000000
59227,877.106,10000000
59228,874.663,10000000
59229,875.333,10000000
59230,872.118,10000000
59231,877.815,10000000
59232,877.378,10000000
59233,878.792,10000000
59234,877.362,10000000
59235,876.297,10000000
59236,877.934,10000000
59237,868.597,10000000
59238,869.417,10000000
59239,875.503,10000000
59240,878.164,10000000
59241,879.558,10000000
59242,878.993,10000000
59243,877.538,10000000
59244,878.339,10000000
59245,875.524,10000000
59246,870.647,10000000
59247,864.450,10000000
59248,873.666,10000000
59249,872.195,10000000
59250,872.165,10000000
59251,869.073,10000000
59252,869.884,10000000
59253,876.507,10000000
59254,876.829,10000000
59255,877.947,10000000
59256,878.047,10000000
59257,880.602,10000000
59258,877.928,10000000
59259,876.225,10000000
59260,878.073,10000000
59261,878.700,10000000
59262,878.628,10000000
59263,876.503,10000000
59264,877.775,10000000
59265,875.094,10000000
59266,873.399,10000000
59267,874.761,10000000
59268,877.262,10000000
59269,879.367,10000000
59270,878.687,10000000
59271,876.168,10000000
59272,877.540,10000000
59273,873.744,10000000
59274,875.958,10000000
59275,875.565,10000000
59276,877.347,10000000
59277,877.694,10000000
59278,877.346,10000000
59279,877.680,10000000
59280,876.121,10000000
59281,874.453,10000000
59282,874.910,10000000
59283,873.771,10000000
59284,875.321,10000000
59285,873.793,10000000
59286,874.784,10000000
59287,871.583,10000000
59288,872.459,10000000
59289,877.179,10000000
59290,875.892,10000000
59291,877.239,10000000
59292,875.789,10000000
59293,877.059,10000000
59294,875.183,10000000
59295,873.274,10000000
59296,870.939,10000000
59297,875.093,10000000
59298,874.931,10000000
59299,876.330,10000000
59300,873.224,10000000
59301,873.141,10000000
59302,865.468,10000000
59303,872.706,10000000
59304,875.079,10000000
59305,869.938,10000000
59306,873.606,10000000
59307,876.621,10000000
59308,877.027,10000000
59309,874.791,10000000
59310,873.622,10000000
59311,873.918,10000000
59312,874.912,10000000
59313,875.464,10000000
59314,875.611,10000000
59315,877.300,10000000
59316,874.864,10000000
59317,873.637,10000000
59318,865.308,10000000
59319,871.559,10000000
59320,874.097,10000000
59321,871.557,10000000
59322,874.131,10000000
59323,876.679,10000000
59324,872.170,10000000
59325,874.842,10000000
59326,874.720,10000000
59327,877.010,10000000
59328,877.343,10000000
59329,873.653,10000000
59330,873.734,10000000
59331,870.485,10000000
59332,870.568,10000000
59333,874.562,10000000
59334,876.504,10000000
59335,871.715,10000000
59336,870.932,10000000
59337,873.398,10000000
59338,873.959,10000000
59339,874.041,10000000
59340,875.101,10000000
59341,877.552,10000000
59342,876.038,10000000
59343,869.366,10000000
59344,873.623,10000000
59345,875.417,10000000
59346,878.733,10000000
59347,874.109,10000000
59348,870.279,10000000
59349,874.668,10000000
59350,873.559,10000000
59351,872.512,10000000
59352,869.971,10000000
59353,872.050,10000000
59354,875.004,10000000
59355,873.992,10000000
59356,874.346,10000000
59357,873.916,10000000
59358,873.040,10000000
59359,871.226,10000000
59360,869.731,10000000
59361,872.069,10000000
59362,875.370,10000000
59363,874.370,10000000
59364,873.747,10000000
59365,870.417,10000000
59366,873.883,10000000
59367,875.696,10000000
59368,873.032,10000000
59369,869.760,10000000
59370,867.118,10000000
59371,869.538,10000000
59372,873.039,10000000
59373,873.120,10000000
59374,876.653,10000000
59375,874.139,10000000
59376,875.557,10000000
59377,865.720,10000000
59378,867.383,10000000
59379,864.319,10000000
59380,869.789,10000000
59381,872.837,10000000
59382,873.287,10000000
59383,871.424,10000000
59384,872.089,10000000
59385,873.662,10000000
59386,870.254,10000000
59387,866.131,10000000
59388,868.576,10000000
59389,873.313,10000000
59390,869.842,10000000
59391,869.354,10000000
59392,872.132,10000000
59393,871.370,10000000
59394,873.947,10000000
59395,873.981,10000000
59396,873.875,10000000
59397,874.055,10000000
59398,870.596,10000000
59399,868.405,10000000
59400,863.213,10000000
59401,869.406,10000000
59402,869.024,10000000
59403,871.603,10000000
59404,870.537,10000000
59405,872.377,10000000
59406,875.518,10000000
59407,873.707,10000000
59408,868.443,10000000
59409,867.705,10000000
59410,871.774,10000000
59411,872.067,10000000
59412,869.657,10000000
59413,868.711,10000000
59414,870.449,10000000
59415,872.849,10000000
59416,872.721,10000000
59417,873.112,10000000
59418,875.298,10000000
59419,870.797,10000000
59420,872.975,10000000
59421,873.909,10000000
59422,874.895,10000000
59423,874.970,10000000
59424,875.190,10000000
59425,875.418,10000000
59426,874.929,10000000
59427,877.571,10000000
59428,875.418,10000000
59429,872.392,10000000
59430,875.400,10000000
59431,869.044,10000000
59432,867.795,10000000
59433,869.743,10000000
59434,870.589,10000000
59435,871.912,10000000
59436,872.105,10000000
59437,873.253,10000000
59438,874.625,10000000
59439,873.748,10000000
59440,874.529,10000000
59441,871.655,10000000
59442,871.844,10000000
59443,874.760,10000000
59444,874.802,10000000
59445,873.081,10000000
59446,870.254,10000000
59447,871.444,10000000
59448,869.971,10000000
59449,872.998,10000000
59450,871.972,10000000
59451,874.492,10000000
59452,874.398,10000000
59453,874.015,10000000
59454,867.617,10000000
59455,865.524,10000000
59456,868.951,10000000
59457,869.987,10000000
59458,868.973,10000000
59459,872.220,10000000
59460,870.453,10000000
59461,872.440,10000000
59462,872.047,10000000
59463,869.830,10000000
59464,870.354,10000000
59465,872.489,10000000
59466,869.373,10000000
59467,865.741,10000000
59468,870.601,10000000
59469,867.531,10000000
59470,871.332,10000000
59471,871.001,10000000
59472,868.425,10000000
59473,867.817,10000000
59474,867.245,10000000
59475,864.039,10000000
59476,868.074,10000000
59477,870.912,10000000
59478,868.485,10000000
59479,868.176,10000000
59480,860.899,10000000
59481,863.684,10000000
59482,869.038,10000000
59483,871.664,10000000
59484,868.005,10000000
59485,867.215,10000000
59486,867.079,10000000
59487,869.898,10000000
59488,871.419,10000000
59489,871.570,10000000
59490,871.015,10000000
59491,872.916,10000000
59492,871.573,10000000
59493,869.127,10000000
59494,863.179,10000000
59495,866.001,10000000
59496,869.903,10000000
59497,868.480,10000000
59498,872.337,10000000
59499,867.468,10000000
59500,868.493,10000000
59501,869.288,10000000
59502,872.385,10000000
59503,870.844,10000000
59504,871.555,10000000
59505,870.125,10000000
59506,871.303,10000000
59507,872.199,10000000
59508,869.483,10000000
59509,871.208,10000000
59510,867.193,10000000
59511,865.306,10000000
59512,869.141,10000000
59513,869.134,10000000
59514,869.587,10000000
59515,868.115,10000000
59516,869.846,10000000
59517,868.742,10000000
59518,868.203,10000000
59519,871.127,10000000
59520,868.456,10000000
59521,869.809,10000000
59522,868.262,10000000
59523,870.590,10000000
59524,870.811,10000000
59525,866.095,10000000
59526,867.551,10000000
59527,868.867,10000000
59528,871.540,10000000
59529,872.093,10000000
59530,868.798,10000000
59531,865.488,10000000
59532,867.126,10000000
59533,867.348,10000000
59534,868.262,10000000
59535,868.673,10000000
59536,868.475,10000000
59537,866.827,10000000
59538,867.508,10000000
59539,868.172,10000000
59540,865.676,10000000
59541,867.964,10000000
59542,868.049,10000000
59543,865.771,10000000
59544,869.623,10000000
59545,866.849,10000000
59546,866.275,10000000
59547,868.534,10000000
59548,869.387,10000000
59549,871.418,10000000
59550,867.579,10000000
59551,868.918,10000000
59552,864.742,10000000
59553,868.637,10000000
59554,869.747,10000000
59555,868.597,10000000
59556,871.680,10000000
59557,870.909,10000000
59558,869.068,10000000
59559,870.489,10000000
59560,869.793,10000000
59561,863.240,10000000
59562,867.822,10000000
59563,869.177,10000000
59564,868.583,10000000
59565,869.760,10000000
59566,870.694,10000000
59567,869.706,10000000
59568,868.313,10000000
59569,868.459,10000000
59570,869.565,10000000
59571,859.505,10000000
59572,863.647,10000000
59573,867.347,10000000
59574,864.835,10000000
59575,868.183,10000000
59576,867.152,10000000
59577,865.541,10000000
59578,870.083,10000000
59579,861.562,10000000
59580,867.227,10000000
59581,869.811,10000000
59582,871.352,10000000
59583,871.693,10000000
59584,864.815,10000000
59585,865.505,10000000
59586,867.511,10000000
59587,867.818,10000000
59588,869.057,10000000
59589,869.661,10000000
59590,871.313,10000000
59591,869.136,10000000
59592,870.064,10000000
59593,869.049,10000000
59594,870.945,10000000
59595,867.612,10000000
59596,869.842,10000000
59597,869.546,10000000
59598,866.321,10000000
59599,864.775,10000000
59600,864.551,10000000
59601,867.401,10000000
59602,866.940,10000000
59603,866.595,10000000
59604,867.577,10000000
59605,865.402,10000000
59606,867.035,10000000
59607,868.300,10000000
59608,868.985,10000000
59609,868.817,10000000
59610,867.701,10000000
59611,868.973,10000000
59612,870.622,10000000
59613,869.517,10000000
59614,869.136,10000000
59615,868.828,10000000
59616,867.029,10000000
59617,868.395,10000000
59618,867.615,10000000
59619,869.114,10000000
59620,868.401,10000000
59621,870.386,10000000
59622,869.000,10000000
59623,866.874,10000000
59624,866.895,10000000
59625,865.955,10000000
59626,867.597,10000000
59627,867.783,10000000
59628,869.124,10000000
59629,866.794,10000000
59630,866.848,10000000
59631,866.957,10000000
59632,866.102,10000000
59633,865.772,10000000
59634,869.857,10000000
59635,870.034,10000000
59636,869.781,10000000
59637,868.391,10000000
59638,866.741,10000000
59639,864.272,10000000
59640,866.889,10000000
59641,867.040,10000000
59642,869.062,10000000
59643,866.994,10000000
59644,867.798,10000000
59645,865.603,10000000
59646,867.042,10000000
59647,866.044,10000000
59648,868.905,10000000
59649,869.616,10000000
59650,869.813,10000000
59651,869.026,10000000
59652,865.741,10000000
59653,866.223,10000000
59654,868.444,10000000
59655,867.292,10000000
59656,867.135,10000000
59657,862.634,10000000
59658,866.196,10000000
59659,868.188,10000000
59660,868.161,10000000
59661,868.785,10000000
59662,866.537,10000000
59663,865.762,10000000
59664,867.494,10000000
59665,859.004,10000000
59666,860.765,10000000
59667,865.769,10000000
59668,867.023,10000000
59669,866.663,10000000
59670,865.293,10000000
59671,861.015,10000000
59672,856.587,10000000
59673,861.200,10000000
59674,863.241,10000000
59675,868.454,10000000
59676,869.454,10000000
59677,866.047,10000000
59678,862.806,10000000
59679,864.902,10000000
59680,861.063,10000000
59681,860.422,10000000
59682,866.972,10000000
59683,868.828,10000000
59684,865.532,10000000
59685,867.643,10000000
59686,868.341,10000000
59687,868.711,10000000
59688,866.828,10000000
59689,864.764,10000000
59690,862.577,10000000
59691,866.246,10000000
59692,866.962,10000000
59693,866.985,10000000
59694,866.121,10000000
59695,868.149,10000000
59696,867.731,10000000
59697,867.854,10000000
59698,866.076,10000000
59699,867.897,10000000
59700,862.701,10000000
59701,858.371,10000000
59702,865.011,10000000
59703,864.920,10000000
59704,863.809,10000000
59705,862.254,10000000
59706,862.534,10000000
59707,858.860,10000000
59708,863.230,10000000
59709,866.342,10000000
59710,865.165,10000000
59711,865.204,10000000
59712,865.960,10000000
59713,864.177,10000000
59714,865.742,10000000
59715,865.231,10000000
59716,864.870,10000000
59717,866.510,10000000
59718,861.964,10000000
59719,858.353,10000000
59720,856.565,10000000
59721,862.612,10000000
59722,862.892,10000000
59723,864.705,10000000
59724,867.045,10000000
59725,865.664,10000000
59726,865.759,10000000
59727,864.517,10000000
59728,865.133,10000000
59729,866.457,10000000
59730,857.900,10000000
59731,860.726,10000000
59732,863.691,10000000
59733,864.872,10000000
59734,866.331,10000000
59735,859.006,10000000
59736,863.260,10000000
59737,866.204,10000000
59738,866.166,10000000
59739,865.569,10000000
59740,866.881,10000000
59741,865.398,10000000
59742,865.992,10000000
59743,866.506,10000000
59744,865.010,10000000
59745,864.693,10000000
59746,865.239,10000000
59747,866.411,10000000
59748,863.543,10000000
59749,865.098,10000000
59750,863.461,10000000
59751,866.087,10000000
59752,866.260,10000000
59753,865.299,10000000
59754,860.872,10000000
59755,864.849,10000000
59756,863.360,10000000
59757,863.683,10000000
59758,863.300,10000000
59759,864.058,10000000
59760,859.589,10000000
59761,863.363,10000000
59762,865.013,10000000
59763,866.889,10000000
59764,860.355,10000000
59765,861.921,10000000
59766,865.284,10000000
59767,865.432,10000000
59768,865.910,10000000
59769,865.361,10000000
59770,862.311,10000000
59771,865.706,10000000
59772,865.413,10000000
59773,860.339,10000000
59774,864.359,10000000
59775,867.429,10000000
59776,867.469,10000000
59777,860.094,10000000
59778,854.750,10000000
59779,861.909,10000000
59780,864.360,10000000
59781,864.575,10000000
59782,863.559,10000000
59783,865.932,10000000
59784,865.396,10000000
59785,866.062,10000000
59786,864.123,10000000
59787,862.918,10000000
59788,866.089,10000000
59789,865.580,10000000
59790,864.518,10000000
59791,866.046,10000000
59792,862.764,10000000
59793,862.237,10000000
59794,863.715,10000000
59795,865.162,10000000
59796,867.440,10000000
59797,865.411,10000000
59798,864.017,10000000
59799,861.258,10000000
59800,860.209,10000000
59801,859.106,10000000
59802,862.451,10000000
59803,863.511,10000000
59804,860.567,10000000
59805,861.583,10000000
59806,862.449,10000000
59807,861.556,10000000
59808,864.493,10000000
59809,866.075,10000000
59810,864.946,10000000
59811,861.622,10000000
59812,862.348,10000000
59813,862.674,10000000
59814,864.044,10000000
59815,863.015,10000000
59816,865.479,10000000
59817,865.477,10000000
59818,866.155,10000000
59819,864.490,10000000
59820,864.957,10000000
59821,864.521,10000000
59822,866.049,10000000
59823,864.703,10000000
59824,866.643,10000000
59825,868.008,10000000
59826,860.240,10000000
59827,860.812,10000000
59828,864.035,10000000
59829,866.490,10000000
59830,866.626,10000000
59831,864.219,10000000
59832,852.491,10000000
59833,854.169,10000000
59834,856.286,10000000
59835,862.267,10000000
59836,863.147,10000000
59837,864.872,10000000
59838,862.957,10000000
59839,863.204,10000000
59840,860.311,10000000
59841,863.740,10000000
59842,864.413,10000000
59843,864.799,10000000
59844,864.281,10000000
59845,860.134,10000000
59846,858.663,10000000
59847,855.395,10000000
59848,858.220,10000000
59849,860.491,10000000
59850,862.032,10000000
59851,863.338,10000000
59852,865.055,10000000
59853,863.739,10000000
59854,864.510,10000000
59855,862.879,10000000
59856,862.389,10000000
59857,862.057,10000000
59858,858.603,10000000
59859,860.536,10000000
59860,860.442,10000000
59861,862.214,10000000
59862,861.502,10000000
59863,858.360,10000000
59864,855.225,10000000
59865,857.590,10000000
59866,858.822,10000000
59867,861.614,10000000
59868,862.863,10000000
59869,863.611,10000000
59870,862.635,10000000
59871,864.797,10000000
59872,857.515,10000000
59873,862.944,10000000
59874,860.292,10000000
59875,854.356,10000000
59876,860.569,10000000
59877,863.760,10000000
59878,863.025,10000000
59879,860.785,10000000
59880,861.242,10000000
59881,861.101,10000000
59882,860.463,10000000
59883,862.377,10000000
59884,850.338,10000000
59885,856.224,10000000
59886,859.544,10000000
59887,860.582,10000000
59888,862.448,10000000
59889,863.637,10000000
59890,862.366,10000000
59891,861.998,10000000
59892,861.144,10000000
59893,861.251,10000000
59894,862.378,10000000
59895,862.459,10000000
59896,848.868,10000000
59897,854.772,10000000
59898,860.537,10000000
59899,862.343,10000000
59900,861.653,10000000
59901,863.133,10000000
59902,860.845,10000000
59903,856.739,10000000
59904,859.629,10000000
59905,862.439,10000000
59906,861.770,10000000
59907,862.960,10000000
59908,863.368,10000000
59909,863.390,10000000
59910,862.851,10000000
59911,861.472,10000000
59912,859.532,10000000
59913,859.975,10000000
59914,860.368,10000000
59915,861.092,10000000
59916,860.973,10000000
59917,860.663,10000000
59918,858.793,10000000
59919,859.378,10000000
59920,858.960,10000000
59921,861.596,10000000
59922,861.475,10000000
59923,862.332,10000000
59924,855.132,10000000
59925,857.436,10000000
59926,857.461,10000000
59927,858.307,10000000
59928,855.930,10000000
59929,859.668,10000000
59930,861.521,10000000
59931,861.427,10000000
59932,861.330,10000000
59933,860.642,10000000
59934,855.509,10000000
59935,859.072,10000000
59936,855.992,10000000
59937,856.671,10000000
59938,855.477,10000000
59939,856.404,10000000
59940,854.892,10000000
59941,858.500,10000000
59942,861.057,10000000
59943,862.316,10000000
59944,858.992,10000000
59945,859.246,10000000
59946,861.344,10000000
59947,861.139,10000000
59948,860.542,10000000
59949,862.608,10000000
59950,860.588,10000000
59951,860.453,10000000
59952,860.213,10000000
59953,862.523,10000000
59954,863.263,10000000
59955,860.597,10000000
59956,863.280,10000000
59957,857.728,10000000
59958,861.062,10000000
59959,861.255,10000000
59960,861.265,10000000
59961,862.799,10000000
59962,863.103,10000000
59963,862.602,10000000
59964,860.790,10000000
59965,860.622,10000000
59966,857.313,10000000
59967,860.808,10000000
59968,856.441,10000000
59969,854.818,10000000
59970,855.809,10000000
59971,858.098,10000000
59972,859.273,10000000
59973,859.501,10000000
59974,853.576,10000000
59975,859.677,10000000
59976,858.919,10000000
59977,859.997,10000000
59978,859.760,10000000
59979,862.274,10000000
59980,861.259,10000000
59981,860.080,10000000
59982,861.164,10000000
59983,860.928,10000000
