Timestamp(ms),Current(uA),D0-D7
0,3591.766,10000000
1,1897.172,10000000
2,1269.791,10000000
3,1037.797,10000000
4,951.120,10000000
5,919.930,10000000
6,908.400,10000000
7,903.560,10000000
8,902.734,10000000
9,901.992,10000000
10,901.162,10000000
11,900.973,10000000
12,900.495,10000000
13,899.911,10000000
14,899.425,10000000
15,900.248,10000000
16,901.443,10000000
17,901.844,10000000
18,901.436,10000000
19,900.732,10000000
20,900.521,10000000
21,900.154,10000000
22,900.050,10000000
23,900.228,10000000
24,901.530,10000000
25,901.861,10000000
26,902.793,10000000
27,899.402,10000000
28,899.799,10000000
29,901.009,10000000
30,901.730,10000000
31,900.959,10000000
32,899.591,10000000
33,900.147,10000000
34,901.192,10000000
35,902.874,10000000
36,900.890,10000000
37,900.982,10000000
38,900.730,10000000
39,900.550,10000000
40,902.332,10000000
41,901.000,10000000
42,899.798,10000000
43,900.353,10000000
44,900.903,10000000
45,901.268,10000000
46,901.241,10000000
47,901.246,10000000
48,900.984,10000000
49,901.199,10000000
50,901.837,10000000
51,901.222,10000000
52,901.681,10000000
53,902.175,10000000
54,902.129,10000000
55,901.996,10000000
56,901.422,10000000
57,899.955,10000000
58,900.501,10000000
59,899.838,10000000
60,900.675,10000000
61,899.727,10000000
62,899.935,10000000
63,899.357,10000000
64,899.578,10000000
65,899.760,10000000
66,899.895,10000000
67,899.600,10000000
68,899.520,10000000
69,899.859,10000000
70,900.410,10000000
71,899.753,10000000
72,899.345,10000000
73,899.513,10000000
74,899.597,10000000
75,900.055,10000000
76,899.589,10000000
77,898.384,10000000
78,898.766,10000000
79,898.106,10000000
80,897.985,10000000
81,899.172,10000000
82,899.511,10000000
83,899.774,10000000
84,898.875,10000000
85,900.430,10000000
86,900.557,10000000
87,898.854,10000000
88,899.073,10000000
89,900.064,10000000
90,900.625,10000000
91,899.968,10000000
92,899.399,10000000
93,898.792,10000000
94,898.542,10000000
95,898.074,10000000
96,899.599,10000000
97,901.578,10000000
98,900.613,10000000
99,900.159,10000000
100,899.509,10000000
101,900.536,10000000
102,899.822,10000000
103,900.167,10000000
104,899.354,10000000
105,899.909,10000000
106,899.665,10000000
107,900.247,10000000
108,899.389,10000000
109,899.910,10000000
110,899.772,10000000
111,899.342,10000000
112,899.265,10000000
113,899.776,10000000
114,898.728,10000000
115,898.336,10000000
116,899.689,10000000
117,899.928,10000000
118,899.433,10000000
119,899.212,10000000
120,899.445,10000000
121,899.176,10000000
122,900.212,10000000
123,899.257,10000000
124,898.992,10000000
125,899.566,10000000
126,900.284,10000000
127,898.945,10000000
128,898.608,10000000
129,899.449,10000000
130,898.819,10000000
131,898.397,10000000
132,899.926,10000000
133,898.599,10000000
134,897.874,10000000
135,897.791,10000000
136,899.631,10000000
137,899.393,10000000
138,898.596,10000000
139,898.644,10000000
140,898.892,10000000
141,898.410,10000000
142,897.529,10000000
143,898.981,10000000
144,898.247,10000000
145,897.974,10000000
146,897.527,10000000
147,896.964,10000000
148,898.875,10000000
149,898.735,10000000
150,899.416,10000000
151,899.875,10000000
152,898.627,10000000
153,899.694,10000000
154,898.933,10000000
155,898.708,10000000
156,898.157,10000000
157,898.132,10000000
158,898.313,10000000
159,898.442,10000000
160,898.474,10000000
161,898.554,10000000
162,898.729,10000000
163,900.890,10000000
164,898.796,10000000
165,898.607,10000000
166,898.107,10000000
167,898.563,10000000
168,899.017,10000000
169,898.738,10000000
170,898.251,10000000
171,897.881,10000000
172,898.226,10000000
173,898.074,10000000
174,898.212,10000000
175,897.091,10000000
176,897.125,10000000
177,897.220,10000000
178,898.317,10000000
179,897.611,10000000
180,895.625,10000000
181,895.801,10000000
182,897.276,10000000
183,897.970,10000000
184,899.062,10000000
185,898.871,10000000
186,897.307,10000000
187,898.380,10000000
188,899.436,10000000
189,898.352,10000000
190,898.950,10000000
191,898.312,10000000
192,897.730,10000000
193,897.772,10000000
194,897.425,10000000
195,897.200,10000000
196,897.649,10000000
197,897.827,10000000
198,897.460,10000000
199,898.088,10000000
200,897.778,10000000
201,898.054,10000000
202,897.510,10000000
203,897.062,10000000
204,896.815,10000000
205,896.875,10000000
206,895.754,10000000
207,897.445,10000000
208,897.636,10000000
209,897.813,10000000
210,897.901,10000000
211,898.351,10000000
212,898.105,10000000
213,898.875,10000000
214,898.027,10000000
215,897.945,10000000
216,898.462,10000000
217,899.846,10000000
218,899.370,10000000
219,899.723,10000000
220,898.632,10000000
221,899.366,10000000
222,899.468,10000000
223,899.957,10000000
224,899.714,10000000
225,898.968,10000000
226,898.072,10000000
227,898.201,10000000
228,897.432,10000000
229,897.781,10000000
230,897.908,10000000
231,898.543,10000000
232,897.665,10000000
233,899.772,10000000
234,899.741,10000000
235,899.598,10000000
236,899.116,10000000
237,899.547,10000000
238,897.638,10000000
239,898.121,10000000
240,897.447,10000000
241,897.960,10000000
242,897.369,10000000
243,896.627,10000000
244,897.353,10000000
245,897.580,10000000
246,896.973,10000000
247,896.208,10000000
248,897.525,10000000
249,898.340,10000000
250,899.539,10000000
251,898.898,10000000
252,898.271,10000000
253,898.702,10000000
254,898.642,10000000
255,899.186,10000000
256,899.034,10000000
257,898.867,10000000
258,898.517,10000000
259,898.891,10000000
260,899.516,10000000
261,898.076,10000000
262,897.645,10000000
263,897.347,10000000
264,897.765,10000000
265,898.794,10000000
266,898.649,10000000
267,899.014,10000000
268,897.938,10000000
269,898.626,10000000
270,899.101,10000000
271,898.806,10000000
272,898.616,10000000
273,899.175,10000000
274,898.001,10000000
275,897.422,10000000
276,896.617,10000000
277,895.788,10000000
278,896.343,10000000
279,897.343,10000000
280,896.615,10000000
281,897.490,10000000
282,898.523,10000000
283,898.965,10000000
284,898.275,10000000
285,897.915,10000000
286,898.795,10000000
287,898.937,10000000
288,898.878,10000000
289,898.616,10000000
290,897.608,10000000
291,894.570,10000000
292,900.282,10000000
293,903.821,10000000
294,904.017,10000000
295,902.390,10000000
296,886.796,10000000
297,890.448,10000000
298,899.983,10000000
299,904.361,10000000
300,904.934,10000000
301,906.059,10000000
302,906.613,10000000
303,904.743,10000000
304,910.692,10000000
305,912.999,10000000
306,914.665,10000000
307,913.964,10000000
308,914.362,10000000
309,914.599,10000000
310,913.502,10000000
311,914.172,10000000
312,915.524,10000000
313,914.326,10000000
314,912.479,10000000
315,914.375,10000000
316,914.111,10000000
317,914.988,10000000
318,913.325,10000000
319,915.270,10000000
320,914.253,10000000
321,915.065,10000000
322,915.217,10000000
323,914.297,10000000
324,913.267,10000000
325,913.646,10000000
326,913.237,10000000
327,914.270,10000000
328,915.584,10000000
329,913.755,10000000
330,914.709,10000000
331,915.234,10000000
332,914.022,10000000
333,912.680,10000000
334,912.361,10000000
335,913.744,10000000
336,912.944,10000000
337,912.423,10000000
338,912.887,10000000
339,912.238,10000000
340,913.923,10000000
341,914.084,10000000
342,913.360,10000000
343,913.186,10000000
344,912.362,10000000
345,912.076,10000000
346,912.510,10000000
347,913.244,10000000
348,913.185,10000000
349,912.830,10000000
350,912.774,10000000
351,913.039,10000000
352,913.736,10000000
353,913.709,10000000
354,912.565,10000000
355,912.000,10000000
356,912.697,10000000
357,913.537,10000000
358,913.852,10000000
359,913.017,10000000
360,911.873,10000000
361,911.316,10000000
362,910.658,10000000
363,911.577,10000000
364,911.964,10000000
365,911.901,10000000
366,912.655,10000000
367,911.681,10000000
368,913.736,10000000
369,912.639,10000000
370,913.580,10000000
371,912.282,10000000
372,912.916,10000000
373,912.535,10000000
374,912.629,10000000
375,911.591,10000000
376,912.568,10000000
377,913.755,10000000
378,912.811,10000000
379,911.213,10000000
380,910.989,10000000
381,910.774,10000000
382,910.498,10000000
383,912.293,10000000
384,911.566,10000000
385,912.072,10000000
386,911.691,10000000
387,912.272,10000000
388,913.484,10000000
389,912.160,10000000
390,912.589,10000000
391,911.078,10000000
392,912.119,10000000
393,911.585,10000000
394,911.169,10000000
395,910.562,10000000
396,911.434,10000000
397,911.426,10000000
398,911.316,10000000
399,912.145,10000000
400,912.466,10000000
401,911.485,10000000
402,911.500,10000000
403,911.896,10000000
404,912.147,10000000
405,910.842,10000000
406,909.908,10000000
407,910.392,10000000
408,910.910,10000000
409,910.851,10000000
410,911.096,10000000
411,911.331,10000000
412,911.609,10000000
413,911.406,10000000
414,911.223,10000000
415,910.611,10000000
416,910.414,10000000
417,911.093,10000000
418,912.864,10000000
419,912.932,10000000
420,911.777,10000000
421,911.778,10000000
422,911.046,10000000
423,910.587,10000000
424,909.890,10000000
425,909.545,10000000
426,908.498,10000000
427,908.455,10000000
428,909.722,10000000
429,910.207,10000000
430,910.568,10000000
431,910.104,10000000
432,908.915,10000000
433,909.495,10000000
434,909.488,10000000
435,910.443,10000000
436,910.902,10000000
437,910.409,10000000
438,911.285,10000000
439,911.313,10000000
440,909.808,10000000
441,909.566,10000000
442,910.160,10000000
443,909.959,10000000
444,909.557,10000000
445,909.737,10000000
446,909.055,10000000
447,908.631,10000000
448,908.053,10000000
449,909.799,10000000
450,910.422,10000000
451,911.173,10000000
452,911.704,10000000
453,911.392,10000000
454,910.152,10000000
455,910.287,10000000
456,909.385,10000000
457,909.274,10000000
458,909.737,10000000
459,909.210,10000000
460,909.644,10000000
461,909.591,10000000
462,909.582,10000000
463,909.900,10000000
464,910.545,10000000
465,909.852,10000000
466,910.158,10000000
467,909.150,10000000
468,909.838,10000000
469,910.546,10000000
470,910.699,10000000
471,910.512,10000000
472,911.278,10000000
473,910.691,10000000
474,911.108,10000000
475,911.295,10000000
476,911.036,10000000
477,909.674,10000000
478,910.479,10000000
479,909.065,10000000
480,910.596,10000000
481,910.396,10000000
482,910.024,10000000
483,909.244,10000000
484,909.351,10000000
485,909.674,10000000
486,909.651,10000000
487,909.493,10000000
488,909.413,10000000
489,909.175,10000000
490,909.900,10000000
491,909.279,10000000
492,908.367,10000000
493,908.412,10000000
494,909.116,10000000
495,909.410,10000000
496,908.931,10000000
497,909.266,10000000
498,908.806,10000000
499,908.564,10000000
500,909.979,10000000
501,910.700,10000000
502,908.672,10000000
503,909.332,10000000
504,909.624,10000000
505,909.421,10000000
506,910.448,10000000
507,910.414,10000000
508,909.691,10000000
509,908.659,10000000
510,908.002,10000000
511,908.982,10000000
512,908.910,10000000
513,909.022,10000000
514,908.948,10000000
515,909.529,10000000
516,908.460,10000000
517,909.922,10000000
518,910.518,10000000
519,909.998,10000000
520,910.626,10000000
521,910.599,10000000
522,910.546,10000000
523,909.784,10000000
524,909.696,10000000
525,908.916,10000000
526,909.402,10000000
527,909.165,10000000
528,907.661,10000000
529,908.810,10000000
530,909.298,10000000
531,907.766,10000000
532,908.796,10000000
533,908.410,10000000
534,907.746,10000000
535,907.884,10000000
536,907.904,10000000
537,908.004,10000000
538,907.424,10000000
539,908.490,10000000
540,906.851,10000000
541,908.216,10000000
542,907.420,10000000
543,907.824,10000000
544,907.529,10000000
545,908.228,10000000
546,908.357,10000000
547,909.056,10000000
548,908.893,10000000
549,907.747,10000000
550,909.858,10000000
551,908.562,10000000
552,908.329,10000000
553,907.865,10000000
554,907.669,10000000
555,907.705,10000000
556,908.446,10000000
557,908.844,10000000
558,907.446,10000000
559,907.506,10000000
560,907.448,10000000
561,908.147,10000000
562,907.664,10000000
563,907.206,10000000
564,908.207,10000000
565,906.314,10000000
566,906.915,10000000
567,907.832,10000000
568,908.523,10000000
569,907.389,10000000
570,907.520,10000000
571,907.164,10000000
572,908.637,10000000
573,908.439,10000000
574,907.259,10000000
575,907.418,10000000
576,907.570,10000000
577,908.981,10000000
578,908.511,10000000
579,907.589,10000000
580,907.007,10000000
581,906.721,10000000
582,908.256,10000000
583,909.152,10000000
584,907.477,10000000
585,906.762,10000000
586,907.748,10000000
587,907.610,10000000
588,907.199,10000000
589,907.025,10000000
590,907.239,10000000
591,906.823,10000000
592,906.372,10000000
593,906.577,10000000
594,905.449,10000000
595,906.037,10000000
596,904.939,10000000
597,904.520,10000000
598,905.632,10000000
599,907.184,10000000
600,907.603,10000000
601,907.646,10000000
602,906.730,10000000
603,907.693,10000000
604,906.575,10000000
605,906.235,10000000
606,906.470,10000000
607,905.494,10000000
608,905.408,10000000
609,906.181,10000000
610,906.380,10000000
611,905.789,10000000
612,905.915,10000000
613,906.166,10000000
614,906.645,10000000
615,906.094,10000000
616,906.146,10000000
617,906.615,10000000
618,906.568,10000000
619,906.459,10000000
620,905.890,10000000
621,906.644,10000000
622,907.330,10000000
623,907.970,10000000
624,906.121,10000000
625,905.815,10000000
626,905.134,10000000
627,905.993,10000000
628,906.415,10000000
629,906.249,10000000
630,905.520,10000000
631,905.394,10000000
632,907.251,10000000
633,907.765,10000000
634,907.782,10000000
635,906.493,10000000
636,905.582,10000000
637,905.893,10000000
638,905.776,10000000
639,906.823,10000000
640,906.518,10000000
641,905.656,10000000
642,906.178,10000000
643,905.130,10000000
644,905.520,10000000
645,904.870,10000000
646,904.049,10000000
647,904.500,10000000
648,905.067,10000000
649,905.870,10000000
650,905.675,10000000
651,904.839,10000000
652,904.216,10000000
653,903.774,10000000
654,904.389,10000000
655,905.035,10000000
656,904.023,10000000
657,904.357,10000000
658,905.884,10000000
659,905.384,10000000
660,905.400,10000000
661,904.265,10000000
662,905.249,10000000
663,905.787,10000000
664,905.136,10000000
665,905.892,10000000
666,904.310,10000000
667,904.151,10000000
668,905.720,10000000
669,906.237,10000000
670,906.859,10000000
671,905.930,10000000
672,905.794,10000000
673,905.666,10000000
674,905.074,10000000
675,905.260,10000000
676,904.323,10000000
677,904.013,10000000
678,903.781,10000000
679,904.340,10000000
680,904.246,10000000
681,903.609,10000000
682,903.622,10000000
683,903.597,10000000
684,904.661,10000000
685,905.080,10000000
686,905.185,10000000
687,905.071,10000000
688,903.584,10000000
689,904.802,10000000
690,904.339,10000000
691,904.354,10000000
692,902.511,10000000
693,902.181,10000000
694,903.256,10000000
695,904.368,10000000
696,903.329,10000000
697,902.826,10000000
698,904.548,10000000
699,904.893,10000000
700,904.492,10000000
701,905.182,10000000
702,904.664,10000000
703,904.362,10000000
704,904.340,10000000
705,904.506,10000000
706,904.010,10000000
707,903.587,10000000
708,901.867,10000000
709,902.144,10000000
710,903.108,10000000
711,902.435,10000000
712,902.042,10000000
713,901.736,10000000
714,902.122,10000000
715,900.502,10000000
716,901.818,10000000
717,901.843,10000000
718,901.938,10000000
719,901.923,10000000
720,903.297,10000000
721,904.331,10000000
722,904.062,10000000
723,904.186,10000000
724,902.503,10000000
725,902.715,10000000
726,902.846,10000000
727,902.974,10000000
728,902.201,10000000
729,902.949,10000000
730,903.089,10000000
731,901.332,10000000
732,902.018,10000000
733,902.430,10000000
734,902.093,10000000
735,901.633,10000000
736,901.782,10000000
737,902.094,10000000
738,900.861,10000000
739,900.955,10000000
740,900.450,10000000
741,901.698,10000000
742,902.023,10000000
743,901.060,10000000
744,900.424,10000000
745,901.215,10000000
746,901.991,10000000
747,902.252,10000000
748,902.204,10000000
749,902.554,10000000
750,902.012,10000000
751,903.511,10000000
752,901.585,10000000
753,900.686,10000000
754,901.963,10000000
755,901.782,10000000
756,902.021,10000000
757,902.301,10000000
758,901.404,10000000
759,900.990,10000000
760,901.054,10000000
761,900.740,10000000
762,902.513,10000000
763,901.787,10000000
764,901.350,10000000
765,902.843,10000000
766,903.459,10000000
767,903.521,10000000
768,902.073,10000000
769,901.873,10000000
770,901.251,10000000
771,901.805,10000000
772,901.770,10000000
773,901.460,10000000
774,900.990,10000000
775,901.542,10000000
776,901.576,10000000
777,900.832,10000000
778,901.581,10000000
779,900.589,10000000
780,901.329,10000000
781,901.859,10000000
782,900.931,10000000
783,901.779,10000000
784,901.033,10000000
785,901.240,10000000
786,901.197,10000000
787,902.515,10000000
788,902.272,10000000
789,902.052,10000000
790,901.515,10000000
791,900.492,10000000
792,901.552,10000000
793,902.088,10000000
794,901.788,10000000
795,901.039,10000000
796,901.713,10000000
797,902.064,10000000
798,903.497,10000000
799,902.229,10000000
800,901.944,10000000
801,901.776,10000000
802,901.642,10000000
803,900.421,10000000
804,899.868,10000000
805,901.375,10000000
806,901.358,10000000
807,902.286,10000000
808,901.275,10000000
809,900.971,10000000
810,901.267,10000000
811,901.187,10000000
812,900.534,10000000
813,900.945,10000000
814,901.461,10000000
815,901.324,10000000
816,900.570,10000000
817,901.608,10000000
818,901.518,10000000
819,902.134,10000000
820,903.347,10000000
821,901.243,10000000
822,901.380,10000000
823,900.832,10000000
824,899.942,10000000
825,900.881,10000000
826,899.435,10000000
827,900.127,10000000
828,900.289,10000000
829,900.233,10000000
830,900.178,10000000
831,899.739,10000000
832,899.826,10000000
833,901.181,10000000
834,899.739,10000000
835,898.999,10000000
836,899.937,10000000
837,900.625,10000000
838,900.417,10000000
839,900.118,10000000
840,900.264,10000000
841,900.136,10000000
842,899.323,10000000
843,899.121,10000000
844,898.627,10000000
845,899.244,10000000
846,900.680,10000000
847,899.250,10000000
848,899.154,10000000
849,900.714,10000000
850,900.435,10000000
851,899.763,10000000
852,899.572,10000000
853,901.389,10000000
854,900.258,10000000
855,899.688,10000000
856,898.867,10000000
857,897.680,10000000
858,898.759,10000000
859,898.494,10000000
860,898.007,10000000
861,897.639,10000000
862,898.382,10000000
863,898.709,10000000
864,899.127,10000000
865,899.221,10000000
866,900.345,10000000
867,900.648,10000000
868,900.526,10000000
869,901.516,10000000
870,900.828,10000000
871,900.065,10000000
872,899.821,10000000
873,899.526,10000000
874,898.765,10000000
875,898.910,10000000
876,897.726,10000000
877,898.003,10000000
878,897.871,10000000
879,898.678,10000000
880,899.030,10000000
881,898.866,10000000
882,899.959,10000000
883,899.806,10000000
884,900.784,10000000
885,900.040,10000000
886,899.690,10000000
887,898.586,10000000
888,898.448,10000000
889,898.086,10000000
890,897.982,10000000
891,897.699,10000000
892,897.603,10000000
893,895.994,10000000
894,898.246,10000000
895,898.056,10000000
896,898.338,10000000
897,897.680,10000000
898,897.305,10000000
899,896.858,10000000
900,897.888,10000000
901,897.897,10000000
902,897.936,10000000
903,898.340,10000000
904,897.733,10000000
905,898.114,10000000
906,899.756,10000000
907,897.294,10000000
908,896.917,10000000
909,897.517,10000000
910,898.305,10000000
911,898.612,10000000
912,897.601,10000000
913,898.597,10000000
914,898.135,10000000
915,898.141,10000000
916,897.723,10000000
917,898.193,10000000
918,898.058,10000000
919,897.841,10000000
920,899.222,10000000
921,898.884,10000000
922,898.736,10000000
923,899.462,10000000
924,898.500,10000000
925,898.980,10000000
926,899.532,10000000
927,898.568,10000000
928,898.495,10000000
929,898.405,10000000
930,898.394,10000000
931,898.517,10000000
932,899.676,10000000
933,899.262,10000000
934,898.021,10000000
935,898.940,10000000
936,898.451,10000000
937,899.087,10000000
938,898.443,10000000
939,897.580,10000000
940,897.916,10000000
941,897.981,10000000
942,896.874,10000000
943,895.450,10000000
944,895.303,10000000
945,896.733,10000000
946,896.709,10000000
947,895.999,10000000
948,895.482,10000000
949,894.869,10000000
950,895.984,10000000
951,896.024,10000000
952,897.224,10000000
953,897.364,10000000
954,896.745,10000000
955,893.760,10000000
956,893.057,10000000
957,893.907,10000000
958,893.275,10000000
959,892.542,10000000
960,892.236,10000000
961,892.366,10000000
962,892.213,10000000
963,891.089,10000000
964,891.718,10000000
965,893.940,10000000
966,893.099,10000000
967,893.964,10000000
968,894.036,10000000
969,893.269,10000000
970,892.378,10000000
971,894.167,10000000
972,893.441,10000000
973,893.265,10000000
974,893.567,10000000
975,893.701,10000000
976,893.724,10000000
977,893.709,10000000
978,893.388,10000000
979,892.994,10000000
980,893.837,10000000
981,893.467,10000000
982,893.558,10000000
983,893.032,10000000
984,893.703,10000000
985,893.632,10000000
986,895.003,10000000
987,894.374,10000000
988,893.720,10000000
989,894.133,10000000
990,893.780,10000000
991,893.870,10000000
992,895.013,10000000
993,894.041,10000000
994,892.958,10000000
995,892.216,10000000
996,890.742,10000000
997,893.603,10000000
998,893.447,10000000
999,893.803,10000000
1000,894.210,10000000
1001,894.703,10000000
1002,896.058,10000000
1003,896.506,10000000
1004,895.880,10000000
1005,896.080,10000000
1006,897.298,10000000
1007,896.669,10000000
1008,896.614,10000000
1009,897.580,10000000
1010,896.651,10000000
1011,896.827,10000000
1012,897.583,10000000
1013,898.105,10000000
1014,896.986,10000000
1015,897.177,10000000
1016,897.739,10000000
1017,897.355,10000000
1018,896.861,10000000
1019,895.420,10000000
1020,895.612,10000000
1021,895.757,10000000
1022,896.303,10000000
1023,895.912,10000000
1024,896.205,10000000
1025,896.318,10000000
1026,895.415,10000000
1027,895.439,10000000
1028,894.959,10000000
1029,894.553,10000000
1030,895.172,10000000
1031,894.178,10000000
1032,894.895,10000000
1033,895.096,10000000
1034,894.288,10000000
1035,894.663,10000000
1036,895.583,10000000
1037,895.933,10000000
1038,895.176,10000000
1039,896.002,10000000
1040,895.842,10000000
1041,894.397,10000000
1042,894.775,10000000
1043,895.715,10000000
1044,894.433,10000000
1045,894.887,10000000
1046,894.191,10000000
1047,894.569,10000000
1048,895.218,10000000
1049,895.526,10000000
1050,894.836,10000000
1051,894.152,10000000
1052,894.721,10000000
1053,895.652,10000000
1054,895.940,10000000
1055,897.744,10000000
1056,896.423,10000000
1057,895.934,10000000
1058,895.231,10000000
1059,895.516,10000000
1060,893.787,10000000
1061,892.912,10000000
1062,893.113,10000000
1063,893.468,10000000
1064,893.890,10000000
1065,893.970,10000000
1066,894.513,10000000
1067,895.066,10000000
1068,894.719,10000000
1069,897.035,10000000
1070,896.559,10000000
1071,894.828,10000000
1072,893.989,10000000
1073,894.963,10000000
1074,894.101,10000000
1075,894.122,10000000
1076,893.413,10000000
1077,893.729,10000000
1078,894.110,10000000
1079,894.428,10000000
1080,895.110,10000000
1081,893.682,10000000
1082,893.305,10000000
1083,894.984,10000000
1084,895.037,10000000
1085,894.598,10000000
1086,894.568,10000000
1087,895.397,10000000
1088,896.171,10000000
1089,895.689,10000000
1090,895.198,10000000
1091,895.068,10000000
1092,895.553,10000000
1093,896.201,10000000
1094,896.985,10000000
1095,896.614,10000000
1096,896.999,10000000
1097,895.641,10000000
1098,896.812,10000000
1099,894.832,10000000
1100,895.490,10000000
1101,895.105,10000000
1102,895.425,10000000
1103,896.426,10000000
1104,895.531,10000000
1105,895.928,10000000
1106,895.806,10000000
1107,895.982,10000000
1108,895.319,10000000
1109,894.507,10000000
1110,894.805,10000000
1111,894.987,10000000
1112,894.554,10000000
1113,893.963,10000000
1114,893.498,10000000
1115,894.835,10000000
1116,893.919,10000000
1117,893.381,10000000
1118,894.544,10000000
1119,894.311,10000000
1120,894.192,10000000
1121,895.547,10000000
1122,896.466,10000000
1123,895.324,10000000
1124,893.669,10000000
1125,894.469,10000000
1126,894.294,10000000
1127,895.576,10000000
1128,893.633,10000000
1129,894.409,10000000
1130,895.729,10000000
1131,895.915,10000000
1132,895.807,10000000
1133,895.717,10000000
1134,894.430,10000000
1135,894.500,10000000
1136,895.076,10000000
1137,894.575,10000000
1138,895.958,10000000
1139,894.587,10000000
1140,895.706,10000000
1141,895.958,10000000
1142,894.110,10000000
1143,892.365,10000000
1144,892.278,10000000
1145,893.198,10000000
1146,892.847,10000000
1147,893.072,10000000
1148,893.543,10000000
1149,894.588,10000000
1150,894.974,10000000
1151,894.233,10000000
1152,895.060,10000000
1153,895.287,10000000
1154,894.395,10000000
1155,894.181,10000000
1156,894.667,10000000
1157,894.736,10000000
1158,894.604,10000000
1159,894.122,10000000
1160,894.839,10000000
1161,894.621,10000000
1162,894.353,10000000
1163,894.686,10000000
1164,894.983,10000000
1165,894.556,10000000
1166,893.919,10000000
1167,893.710,10000000
1168,894.698,10000000
1169,893.774,10000000
1170,894.191,10000000
1171,894.410,10000000
1172,893.750,10000000
1173,893.747,10000000
1174,893.488,10000000
1175,894.089,10000000
1176,893.761,10000000
1177,894.176,10000000
1178,894.670,10000000
1179,894.157,10000000
1180,893.834,10000000
1181,893.640,10000000
1182,894.370,10000000
1183,894.614,10000000
1184,895.181,10000000
1185,895.125,10000000
1186,894.949,10000000
1187,895.189,10000000
1188,893.624,10000000
1189,893.160,10000000
1190,892.136,10000000
1191,892.300,10000000
1192,893.036,10000000
1193,892.564,10000000
1194,892.964,10000000
1195,892.358,10000000
1196,893.457,10000000
1197,894.707,10000000
1198,894.492,10000000
1199,893.356,10000000
1200,893.866,10000000
1201,893.131,10000000
1202,894.386,10000000
1203,894.195,10000000
1204,894.166,10000000
1205,892.681,10000000
1206,894.608,10000000
1207,893.529,10000000
1208,893.095,10000000
1209,892.161,10000000
1210,891.756,10000000
1211,891.806,10000000
1212,891.838,10000000
1213,893.834,10000000
1214,892.633,10000000
1215,893.240,10000000
1216,892.487,10000000
1217,892.792,10000000
1218,893.017,10000000
1219,892.348,10000000
1220,891.561,10000000
1221,892.699,10000000
1222,892.345,10000000
1223,893.102,10000000
1224,893.502,10000000
1225,892.703,10000000
1226,891.911,10000000
1227,891.040,10000000
1228,891.704,10000000
1229,892.143,10000000
1230,892.292,10000000
1231,892.547,10000000
1232,893.944,10000000
1233,892.159,10000000
1234,892.880,10000000
1235,893.257,10000000
1236,893.566,10000000
1237,894.337,10000000
1238,894.156,10000000
1239,892.296,10000000
1240,891.376,10000000
1241,893.380,10000000
1242,893.326,10000000
1243,892.148,10000000
1244,891.538,10000000
1245,890.661,10000000
1246,890.533,10000000
1247,891.064,10000000
1248,891.700,10000000
1249,891.293,10000000
1250,891.499,10000000
1251,891.641,10000000
1252,891.438,10000000
1253,892.783,10000000
1254,893.185,10000000
1255,892.122,10000000
1256,892.379,10000000
1257,892.388,10000000
1258,891.920,10000000
1259,892.300,10000000
1260,890.795,10000000
1261,890.875,10000000
1262,891.802,10000000
1263,892.225,10000000
1264,892.596,10000000
1265,892.030,10000000
1266,892.760,10000000
1267,891.440,10000000
1268,892.168,10000000
1269,891.778,10000000
1270,891.343,10000000
1271,891.700,10000000
1272,892.284,10000000
1273,892.089,10000000
1274,892.825,10000000
1275,892.119,10000000
1276,891.581,10000000
1277,891.121,10000000
1278,892.050,10000000
1279,891.901,10000000
1280,890.810,10000000
1281,891.498,10000000
1282,890.251,10000000
1283,893.575,10000000
1284,898.706,10000000
1285,900.319,10000000
1286,900.741,10000000
1287,882.907,10000000
1288,884.739,10000000
1289,894.808,10000000
1290,899.211,10000000
1291,900.386,10000000
1292,899.664,10000000
1293,900.882,10000000
1294,900.037,10000000
1295,905.855,10000000
1296,906.998,10000000
1297,908.912,10000000
1298,909.992,10000000
1299,910.468,10000000
1300,911.020,10000000
1301,910.540,10000000
1302,909.416,10000000
1303,909.099,10000000
1304,909.852,10000000
1305,908.386,10000000
1306,910.183,10000000
1307,909.808,10000000
1308,908.728,10000000
1309,909.243,10000000
1310,909.857,10000000
1311,908.936,10000000
1312,910.116,10000000
1313,910.431,10000000
1314,909.663,10000000
1315,910.281,10000000
1316,909.994,10000000
1317,908.407,10000000
1318,907.880,10000000
1319,909.906,10000000
1320,909.654,10000000
1321,909.043,10000000
1322,909.217,10000000
1323,908.148,10000000
1324,908.111,10000000
1325,908.438,10000000
1326,908.345,10000000
1327,908.409,10000000
1328,907.617,10000000
1329,908.190,10000000
1330,907.798,10000000
1331,909.382,10000000
1332,909.968,10000000
1333,910.500,10000000
1334,909.216,10000000
1335,910.268,10000000
1336,909.052,10000000
1337,908.285,10000000
1338,906.625,10000000
1339,907.511,10000000
1340,908.373,10000000
1341,907.699,10000000
1342,907.442,10000000
1343,907.199,10000000
1344,905.519,10000000
1345,906.267,10000000
1346,907.207,10000000
1347,907.107,10000000
1348,907.300,10000000
1349,907.079,10000000
1350,907.102,10000000
1351,906.863,10000000
1352,907.270,10000000
1353,906.904,10000000
1354,906.823,10000000
1355,908.653,10000000
1356,907.963,10000000
1357,907.997,10000000
1358,906.260,10000000
1359,906.906,10000000
1360,907.214,10000000
1361,907.954,10000000
1362,908.129,10000000
1363,907.604,10000000
1364,906.902,10000000
1365,908.042,10000000
1366,907.804,10000000
1367,907.057,10000000
1368,907.345,10000000
1369,907.172,10000000
1370,906.503,10000000
1371,906.913,10000000
1372,906.831,10000000
1373,907.220,10000000
1374,907.195,10000000
1375,908.059,10000000
1376,907.685,10000000
1377,906.894,10000000
1378,905.570,10000000
1379,906.894,10000000
1380,906.549,10000000
1381,907.140,10000000
1382,908.275,10000000
1383,908.248,10000000
1384,907.492,10000000
1385,907.224,10000000
1386,908.096,10000000
1387,907.720,10000000
1388,907.788,10000000
1389,907.021,10000000
1390,906.861,10000000
1391,908.001,10000000
1392,907.406,10000000
1393,906.557,10000000
1394,906.061,10000000
1395,906.071,10000000
1396,906.619,10000000
1397,906.502,10000000
1398,905.844,10000000
1399,905.780,10000000
1400,905.676,10000000
1401,906.471,10000000
1402,906.780,10000000
1403,907.164,10000000
1404,906.838,10000000
1405,905.837,10000000
1406,906.953,10000000
1407,907.790,10000000
1408,906.968,10000000
1409,905.996,10000000
1410,904.095,10000000
1411,905.012,10000000
1412,905.086,10000000
1413,905.575,10000000
1414,905.068,10000000
1415,905.568,10000000
1416,905.797,10000000
1417,905.910,10000000
1418,906.427,10000000
1419,905.458,10000000
1420,904.948,10000000
1421,905.073,10000000
1422,904.107,10000000
1423,905.707,10000000
1424,904.743,10000000
1425,905.497,10000000
1426,905.965,10000000
1427,905.343,10000000
1428,905.446,10000000
1429,905.817,10000000
1430,905.788,10000000
1431,905.215,10000000
1432,905.488,10000000
1433,905.345,10000000
1434,905.385,10000000
1435,905.716,10000000
1436,905.805,10000000
1437,904.891,10000000
1438,905.259,10000000
1439,904.384,10000000
1440,904.550,10000000
1441,903.372,10000000
1442,903.568,10000000
1443,904.196,10000000
1444,903.957,10000000
1445,905.278,10000000
1446,904.499,10000000
1447,905.039,10000000
1448,904.621,10000000
1449,906.370,10000000
1450,906.305,10000000
1451,905.915,10000000
1452,906.335,10000000
1453,906.149,10000000
1454,906.046,10000000
1455,906.019,10000000
1456,905.936,10000000
1457,906.890,10000000
1458,906.989,10000000
1459,905.019,10000000
1460,905.107,10000000
1461,905.000,10000000
1462,906.099,10000000
1463,905.259,10000000
1464,906.882,10000000
1465,904.492,10000000
1466,904.764,10000000
1467,906.384,10000000
1468,906.448,10000000
1469,905.780,10000000
1470,905.790,10000000
1471,906.841,10000000
1472,906.172,10000000
1473,905.987,10000000
1474,906.710,10000000
1475,906.786,10000000
1476,904.673,10000000
1477,905.721,10000000
1478,906.207,10000000
1479,906.518,10000000
1480,903.941,10000000
1481,903.515,10000000
1482,903.451,10000000
1483,904.575,10000000
1484,906.068,10000000
1485,905.868,10000000
1486,905.162,10000000
1487,904.859,10000000
1488,904.969,10000000
1489,905.274,10000000
1490,905.773,10000000
1491,905.187,10000000
1492,903.429,10000000
1493,902.688,10000000
1494,904.705,10000000
1495,905.747,10000000
1496,905.601,10000000
1497,904.936,10000000
1498,904.277,10000000
1499,905.338,10000000
1500,905.215,10000000
1501,905.196,10000000
1502,904.415,10000000
1503,905.149,10000000
1504,904.609,10000000
1505,905.266,10000000
1506,905.547,10000000
1507,904.200,10000000
1508,904.379,10000000
1509,904.139,10000000
1510,904.453,10000000
1511,904.591,10000000
1512,903.975,10000000
1513,904.482,10000000
1514,905.034,10000000
1515,905.995,10000000
1516,905.484,10000000
1517,904.995,10000000
1518,905.750,10000000
1519,905.816,10000000
1520,904.541,10000000
1521,905.118,10000000
1522,904.484,10000000
1523,904.293,10000000
1524,904.112,10000000
1525,904.107,10000000
1526,904.353,10000000
1527,905.060,10000000
1528,904.229,10000000
1529,903.718,10000000
1530,904.029,10000000
1531,903.171,10000000
1532,903.375,10000000
1533,902.794,10000000
1534,903.370,10000000
1535,903.294,10000000
1536,903.819,10000000
1537,902.672,10000000
1538,902.140,10000000
1539,902.440,10000000
1540,902.296,10000000
1541,903.459,10000000
1542,903.472,10000000
1543,903.035,10000000
1544,903.811,10000000
1545,904.484,10000000
1546,904.187,10000000
1547,903.672,10000000
1548,903.405,10000000
1549,903.167,10000000
1550,902.889,10000000
1551,902.449,10000000
1552,902.399,10000000
1553,902.730,10000000
1554,902.993,10000000
1555,903.170,10000000
1556,903.094,10000000
1557,902.324,10000000
1558,902.491,10000000
1559,902.893,10000000
1560,902.480,10000000
1561,901.651,10000000
1562,901.556,10000000
1563,902.210,10000000
1564,902.589,10000000
1565,902.713,10000000
1566,901.373,10000000
1567,902.231,10000000
1568,902.365,10000000
1569,903.232,10000000
1570,903.367,10000000
1571,903.305,10000000
1572,903.272,10000000
1573,902.693,10000000
1574,903.032,10000000
1575,901.306,10000000
1576,901.371,10000000
1577,902.270,10000000
1578,901.867,10000000
1579,901.842,10000000
1580,901.362,10000000
1581,901.546,10000000
1582,901.966,10000000
1583,903.426,10000000
1584,903.037,10000000
1585,902.379,10000000
1586,902.168,10000000
1587,902.584,10000000
1588,901.928,10000000
1589,902.616,10000000
1590,903.133,10000000
1591,903.266,10000000
1592,902.828,10000000
1593,900.650,10000000
1594,900.723,10000000
1595,901.196,10000000
1596,902.284,10000000
1597,902.399,10000000
1598,903.292,10000000
1599,901.391,10000000
1600,902.022,10000000
1601,903.148,10000000
1602,903.421,10000000
1603,902.449,10000000
1604,903.115,10000000
1605,901.872,10000000
1606,902.255,10000000
1607,902.326,10000000
1608,901.430,10000000
1609,901.262,10000000
1610,901.945,10000000
1611,901.518,10000000
1612,900.558,10000000
1613,900.867,10000000
1614,900.462,10000000
1615,901.170,10000000
1616,902.230,10000000
1617,901.654,10000000
1618,903.189,10000000
1619,902.460,10000000
1620,901.795,10000000
1621,902.272,10000000
1622,901.817,10000000
1623,902.821,10000000
1624,900.985,10000000
1625,900.707,10000000
1626,901.403,10000000
1627,902.028,10000000
1628,901.619,10000000
1629,900.721,10000000
1630,901.883,10000000
1631,900.682,10000000
1632,901.521,10000000
1633,902.207,10000000
1634,901.798,10000000
1635,902.410,10000000
1636,902.283,10000000
1637,903.686,10000000
1638,903.326,10000000
1639,902.268,10000000
1640,902.383,10000000
1641,901.507,10000000
1642,901.762,10000000
1643,901.881,10000000
1644,901.421,10000000
1645,901.992,10000000
1646,900.643,10000000
1647,900.416,10000000
1648,901.760,10000000
1649,902.579,10000000
1650,903.201,10000000
1651,901.989,10000000
1652,902.835,10000000
1653,902.713,10000000
1654,902.354,10000000
1655,902.689,10000000
1656,902.581,10000000
1657,902.435,10000000
1658,903.009,10000000
1659,901.681,10000000
1660,901.747,10000000
1661,901.226,10000000
1662,901.447,10000000
1663,900.467,10000000
1664,900.703,10000000
1665,901.435,10000000
1666,901.557,10000000
1667,902.093,10000000
1668,903.185,10000000
1669,902.780,10000000
1670,902.268,10000000
1671,900.967,10000000
1672,901.368,10000000
1673,900.930,10000000
1674,901.452,10000000
1675,900.058,10000000
1676,899.620,10000000
1677,900.429,10000000
1678,901.128,10000000
1679,901.092,10000000
1680,901.503,10000000
1681,899.951,10000000
1682,901.375,10000000
1683,902.771,10000000
1684,902.974,10000000
1685,902.396,10000000
1686,901.893,10000000
1687,901.235,10000000
1688,901.822,10000000
1689,901.425,10000000
1690,901.005,10000000
1691,901.609,10000000
1692,900.672,10000000
1693,900.539,10000000
1694,900.806,10000000
1695,899.996,10000000
1696,900.667,10000000
1697,899.723,10000000
1698,899.486,10000000
1699,899.383,10000000
1700,900.037,10000000
1701,899.946,10000000
1702,898.482,10000000
1703,898.834,10000000
1704,901.067,10000000
1705,900.678,10000000
1706,900.586,10000000
1707,900.737,10000000
1708,900.153,10000000
1709,899.720,10000000
1710,899.836,10000000
1711,900.840,10000000
1712,900.731,10000000
1713,899.952,10000000
1714,899.599,10000000
1715,900.314,10000000
1716,899.972,10000000
1717,900.584,10000000
1718,899.976,10000000
1719,899.888,10000000
1720,899.731,10000000
1721,899.951,10000000
1722,900.547,10000000
1723,900.517,10000000
1724,899.565,10000000
1725,900.844,10000000
1726,899.467,10000000
1727,899.629,10000000
1728,899.182,10000000
1729,900.367,10000000
1730,899.950,10000000
1731,899.702,10000000
1732,900.346,10000000
1733,901.042,10000000
1734,900.521,10000000
1735,900.406,10000000
1736,899.961,10000000
1737,899.299,10000000
1738,899.992,10000000
1739,900.778,10000000
1740,900.911,10000000
1741,898.615,10000000
1742,899.297,10000000
1743,897.774,10000000
1744,897.101,10000000
1745,898.743,10000000
1746,897.147,10000000
1747,897.758,10000000
1748,896.944,10000000
1749,898.285,10000000
1750,897.744,10000000
1751,898.128,10000000
1752,898.774,10000000
1753,897.630,10000000
1754,898.726,10000000
1755,898.742,10000000
1756,898.397,10000000
1757,898.462,10000000
1758,898.405,10000000
1759,897.363,10000000
1760,898.789,10000000
1761,897.386,10000000
1762,897.556,10000000
1763,897.231,10000000
1764,898.134,10000000
1765,897.398,10000000
1766,898.032,10000000
1767,898.074,10000000
1768,898.678,10000000
1769,899.646,10000000
1770,899.620,10000000
1771,899.127,10000000
1772,899.679,10000000
1773,898.506,10000000
1774,899.079,10000000
1775,899.174,10000000
1776,898.771,10000000
1777,899.161,10000000
1778,899.853,10000000
1779,900.055,10000000
1780,899.734,10000000
1781,899.317,10000000
1782,899.806,10000000
1783,897.556,10000000
1784,897.594,10000000
1785,897.693,10000000
1786,898.917,10000000
1787,898.717,10000000
1788,899.269,10000000
1789,897.726,10000000
1790,898.655,10000000
1791,899.929,10000000
1792,899.171,10000000
1793,898.769,10000000
1794,899.085,10000000
1795,898.878,10000000
1796,899.032,10000000
1797,898.724,10000000
1798,899.917,10000000
1799,899.103,10000000
1800,899.875,10000000
1801,898.942,10000000
1802,899.578,10000000
1803,900.097,10000000
1804,898.279,10000000
1805,897.357,10000000
1806,898.669,10000000
1807,898.970,10000000
1808,898.234,10000000
1809,897.694,10000000
1810,898.240,10000000
1811,899.680,10000000
1812,899.447,10000000
1813,899.212,10000000
1814,898.241,10000000
1815,898.368,10000000
1816,898.884,10000000
1817,898.981,10000000
1818,899.360,10000000
1819,899.419,10000000
1820,899.598,10000000
1821,898.551,10000000
1822,898.648,10000000
1823,897.563,10000000
1824,898.571,10000000
1825,897.438,10000000
1826,897.813,10000000
1827,897.279,10000000
1828,898.431,10000000
1829,898.644,10000000
1830,898.134,10000000
1831,897.797,10000000
1832,898.258,10000000
1833,898.782,10000000
1834,898.073,10000000
1835,898.511,10000000
1836,899.843,10000000
1837,899.885,10000000
1838,899.422,10000000
1839,899.103,10000000
1840,898.781,10000000
1841,898.994,10000000
1842,898.208,10000000
1843,899.457,10000000
1844,898.711,10000000
1845,896.948,10000000
1846,896.698,10000000
1847,897.599,10000000
1848,897.318,10000000
1849,897.935,10000000
1850,897.540,10000000
1851,897.642,10000000
1852,898.372,10000000
1853,898.244,10000000
1854,898.006,10000000
1855,899.346,10000000
1856,899.237,10000000
1857,899.736,10000000
1858,899.416,10000000
1859,899.137,10000000
1860,898.310,10000000
1861,897.897,10000000
1862,897.645,10000000
1863,897.652,10000000
1864,897.760,10000000
1865,897.775,10000000
1866,898.548,10000000
1867,899.055,10000000
1868,899.210,10000000
1869,899.475,10000000
1870,900.192,10000000
1871,898.607,10000000
1872,899.032,10000000
1873,900.041,10000000
1874,897.535,10000000
1875,897.511,10000000
1876,896.792,10000000
1877,895.890,10000000
1878,896.678,10000000
1879,896.583,10000000
1880,896.799,10000000
1881,897.425,10000000
1882,898.356,10000000
1883,899.215,10000000
1884,897.245,10000000
1885,896.887,10000000
1886,897.167,10000000
1887,897.204,10000000
1888,897.238,10000000
1889,897.144,10000000
1890,897.940,10000000
1891,896.884,10000000
1892,897.588,10000000
1893,897.199,10000000
1894,896.116,10000000
1895,895.962,10000000
1896,896.324,10000000
1897,896.201,10000000
1898,897.408,10000000
1899,896.456,10000000
1900,896.399,10000000
1901,897.196,10000000
1902,898.106,10000000
1903,898.536,10000000
1904,898.119,10000000
1905,897.074,10000000
1906,896.926,10000000
1907,896.255,10000000
1908,895.807,10000000
1909,895.319,10000000
1910,895.482,10000000
1911,896.191,10000000
1912,894.084,10000000
1913,896.099,10000000
1914,896.898,10000000
1915,896.088,10000000
1916,895.021,10000000
1917,895.432,10000000
1918,896.598,10000000
1919,897.135,10000000
1920,897.147,10000000
1921,897.123,10000000
1922,897.487,10000000
1923,898.243,10000000
1924,897.696,10000000
1925,896.595,10000000
1926,896.084,10000000
1927,895.763,10000000
1928,896.494,10000000
1929,896.548,10000000
1930,896.267,10000000
1931,896.223,10000000
1932,896.517,10000000
1933,896.758,10000000
1934,897.634,10000000
1935,896.341,10000000
1936,895.394,10000000
1937,895.990,10000000
1938,896.580,10000000
1939,895.589,10000000
1940,895.254,10000000
1941,895.095,10000000
1942,895.238,10000000
1943,895.836,10000000
1944,895.473,10000000
1945,895.368,10000000
1946,894.510,10000000
1947,895.044,10000000
1948,894.408,10000000
1949,896.120,10000000
1950,896.266,10000000
1951,895.602,10000000
1952,894.519,10000000
1953,894.291,10000000
1954,895.097,10000000
1955,894.400,10000000
1956,894.997,10000000
1957,894.134,10000000
1958,895.384,10000000
1959,896.113,10000000
1960,896.919,10000000
1961,895.594,10000000
1962,895.327,10000000
1963,895.982,10000000
1964,896.017,10000000
1965,896.552,10000000
1966,895.375,10000000
1967,895.469,10000000
1968,896.230,10000000
1969,895.949,10000000
1970,898.582,10000000
1971,897.124,10000000
1972,896.030,10000000
1973,896.084,10000000
1974,895.427,10000000
1975,896.029,10000000
1976,895.722,10000000
1977,895.634,10000000
1978,895.674,10000000
1979,895.674,10000000
1980,895.762,10000000
1981,895.742,10000000
1982,895.048,10000000
1983,894.691,10000000
1984,895.741,10000000
1985,895.285,10000000
1986,895.056,10000000
1987,892.951,10000000
1988,893.601,10000000
1989,893.692,10000000
1990,895.203,10000000
1991,894.792,10000000
1992,894.586,10000000
1993,894.867,10000000
1994,894.094,10000000
1995,893.718,10000000
1996,894.231,10000000
1997,895.867,10000000
1998,894.449,10000000
1999,895.610,10000000
2000,894.364,10000000
2001,894.764,10000000
2002,894.388,10000000
2003,895.003,10000000
2004,894.676,10000000
2005,894.829,10000000
2006,895.028,10000000
2007,894.279,10000000
2008,893.872,10000000
2009,893.799,10000000
2010,893.995,10000000
2011,894.475,10000000
2012,893.782,10000000
2013,893.991,10000000
2014,893.993,10000000
2015,894.152,10000000
2016,894.175,10000000
2017,893.588,10000000
2018,894.034,10000000
2019,894.025,10000000
2020,894.987,10000000
2021,895.024,10000000
2022,895.052,10000000
2023,894.652,10000000
2024,894.438,10000000
2025,894.746,10000000
2026,894.475,10000000
2027,896.039,10000000
2028,895.104,10000000
2029,893.195,10000000
2030,894.111,10000000
2031,893.326,10000000
2032,894.465,10000000
2033,895.707,10000000
2034,894.287,10000000
2035,894.820,10000000
2036,895.868,10000000
2037,895.660,10000000
2038,894.645,10000000
2039,894.618,10000000
2040,894.481,10000000
2041,894.060,10000000
2042,893.044,10000000
2043,892.215,10000000
2044,892.418,10000000
2045,892.626,10000000
2046,892.617,10000000
2047,893.494,10000000
2048,893.538,10000000
2049,893.612,10000000
2050,893.060,10000000
2051,893.390,10000000
2052,894.470,10000000
2053,894.461,10000000
2054,894.500,10000000
2055,894.072,10000000
2056,893.064,10000000
2057,894.008,10000000
2058,892.687,10000000
2059,892.930,10000000
2060,893.638,10000000
2061,894.186,10000000
2062,893.621,10000000
2063,893.190,10000000
2064,893.054,10000000
2065,892.724,10000000
2066,893.072,10000000
2067,894.181,10000000
2068,894.334,10000000
2069,893.532,10000000
2070,891.884,10000000
2071,891.718,10000000
2072,893.682,10000000
2073,894.007,10000000
2074,893.205,10000000
2075,892.742,10000000
2076,892.599,10000000
2077,893.084,10000000
2078,893.030,10000000
2079,890.237,10000000
2080,891.464,10000000
2081,892.070,10000000
2082,891.936,10000000
2083,892.860,10000000
2084,893.276,10000000
2085,892.841,10000000
2086,892.506,10000000
2087,895.816,10000000
2088,895.492,10000000
2089,895.091,10000000
2090,892.909,10000000
2091,892.476,10000000
2092,892.957,10000000
2093,893.099,10000000
2094,892.536,10000000
2095,892.971,10000000
2096,894.067,10000000
2097,893.464,10000000
2098,894.342,10000000
2099,892.891,10000000
2100,890.540,10000000
2101,891.896,10000000
2102,892.031,10000000
2103,893.042,10000000
2104,894.084,10000000
2105,893.149,10000000
2106,893.735,10000000
2107,894.878,10000000
2108,893.757,10000000
2109,893.353,10000000
2110,893.048,10000000
2111,892.583,10000000
2112,891.434,10000000
2113,893.049,10000000
2114,892.281,10000000
2115,892.312,10000000
2116,893.016,10000000
2117,892.916,10000000
2118,894.080,10000000
2119,894.252,10000000
2120,893.596,10000000
2121,892.838,10000000
2122,893.058,10000000
2123,893.453,10000000
2124,893.424,10000000
2125,893.646,10000000
2126,892.306,10000000
2127,892.700,10000000
2128,892.551,10000000
2129,892.794,10000000
2130,893.000,10000000
2131,892.468,10000000
2132,892.977,10000000
2133,893.598,10000000
2134,893.591,10000000
2135,893.632,10000000
2136,893.199,10000000
2137,892.346,10000000
2138,892.722,10000000
2139,892.804,10000000
2140,891.996,10000000
2141,893.542,10000000
2142,893.650,10000000
2143,893.417,10000000
2144,894.199,10000000
2145,892.772,10000000
2146,891.850,10000000
2147,892.440,10000000
2148,891.430,10000000
2149,891.558,10000000
2150,892.501,10000000
2151,892.546,10000000
2152,892.545,10000000
2153,891.653,10000000
2154,891.408,10000000
2155,892.231,10000000
2156,891.114,10000000
2157,891.693,10000000
2158,891.986,10000000
2159,891.863,10000000
2160,892.818,10000000
2161,891.212,10000000
2162,891.528,10000000
2163,892.599,10000000
2164,893.336,10000000
2165,893.985,10000000
2166,893.730,10000000
2167,893.100,10000000
2168,892.987,10000000
2169,892.606,10000000
2170,890.866,10000000
2171,891.259,10000000
2172,891.133,10000000
2173,890.556,10000000
2174,890.001,10000000
2175,890.742,10000000
2176,890.180,10000000
2177,890.007,10000000
2178,889.882,10000000
2179,889.956,10000000
2180,889.592,10000000
2181,889.734,10000000
2182,889.819,10000000
2183,890.928,10000000
2184,891.252,10000000
2185,892.115,10000000
2186,892.110,10000000
2187,890.959,10000000
2188,890.388,10000000
2189,890.774,10000000
2190,889.349,10000000
2191,890.759,10000000
2192,890.628,10000000
2193,890.853,10000000
2194,890.059,10000000
2195,890.477,10000000
2196,890.630,10000000
2197,889.275,10000000
2198,889.925,10000000
2199,890.780,10000000
2200,890.098,10000000
2201,891.224,10000000
2202,890.699,10000000
2203,890.294,10000000
2204,890.265,10000000
2205,891.319,10000000
2206,889.599,10000000
2207,889.563,10000000
2208,889.711,10000000
2209,888.759,10000000
2210,890.674,10000000
2211,890.828,10000000
2212,889.806,10000000
2213,890.857,10000000
2214,890.297,10000000
2215,890.117,10000000
2216,890.394,10000000
2217,890.073,10000000
2218,888.959,10000000
2219,890.562,10000000
2220,891.035,10000000
2221,891.989,10000000
2222,891.256,10000000
2223,891.045,10000000
2224,890.313,10000000
2225,891.121,10000000
2226,891.430,10000000
2227,891.343,10000000
2228,890.230,10000000
2229,890.424,10000000
2230,890.033,10000000
2231,890.863,10000000
2232,892.296,10000000
2233,892.712,10000000
2234,891.568,10000000
2235,891.644,10000000
2236,893.078,10000000
2237,892.097,10000000
2238,891.863,10000000
2239,890.762,10000000
2240,890.271,10000000
2241,890.302,10000000
2242,891.660,10000000
2243,890.164,10000000
2244,889.553,10000000
2245,891.351,10000000
2246,891.354,10000000
2247,891.576,10000000
2248,891.459,10000000
2249,890.750,10000000
2250,890.589,10000000
2251,891.375,10000000
2252,892.278,10000000
2253,892.024,10000000
2254,892.217,10000000
2255,891.935,10000000
2256,892.042,10000000
2257,890.972,10000000
2258,889.792,10000000
2259,888.170,10000000
2260,887.965,10000000
2261,889.165,10000000
2262,890.502,10000000
2263,890.949,10000000
2264,890.525,10000000
2265,891.800,10000000
2266,891.775,10000000
2267,891.093,10000000
2268,891.415,10000000
2269,890.592,10000000
2270,890.496,10000000
2271,890.428,10000000
2272,892.074,10000000
2273,891.465,10000000
2274,893.925,10000000
2275,897.852,10000000
2276,900.983,10000000
2277,901.558,10000000
2278,886.595,10000000
2279,883.433,10000000
2280,894.956,10000000
2281,899.459,10000000
2282,899.873,10000000
2283,901.014,10000000
2284,902.214,10000000
2285,900.903,10000000
2286,906.027,10000000
2287,909.330,10000000
2288,910.561,10000000
2289,910.190,10000000
2290,909.667,10000000
2291,909.144,10000000
2292,910.135,10000000
2293,911.145,10000000
2294,910.863,10000000
2295,909.342,10000000
2296,909.211,10000000
2297,908.880,10000000
2298,909.030,10000000
2299,909.717,10000000
2300,909.912,10000000
2301,908.791,10000000
2302,910.400,10000000
2303,910.963,10000000
2304,911.005,10000000
2305,910.067,10000000
2306,909.542,10000000
2307,909.743,10000000
2308,909.860,10000000
2309,909.549,10000000
2310,908.927,10000000
2311,909.160,10000000
2312,907.995,10000000
2313,908.744,10000000
2314,909.225,10000000
2315,908.793,10000000
2316,909.066,10000000
2317,909.170,10000000
2318,909.461,10000000
2319,910.748,10000000
2320,910.999,10000000
2321,910.800,10000000
2322,910.836,10000000
2323,910.205,10000000
2324,910.432,10000000
2325,909.904,10000000
2326,909.248,10000000
2327,908.035,10000000
2328,908.105,10000000
2329,908.873,10000000
2330,908.769,10000000
2331,909.800,10000000
2332,910.203,10000000
2333,909.844,10000000
2334,910.567,10000000
2335,911.163,10000000
2336,911.259,10000000
2337,910.215,10000000
2338,910.154,10000000
2339,910.785,10000000
2340,910.359,10000000
2341,910.731,10000000
2342,908.981,10000000
2343,909.879,10000000
2344,909.335,10000000
2345,909.307,10000000
2346,908.962,10000000
2347,909.409,10000000
2348,910.304,10000000
2349,908.657,10000000
2350,909.460,10000000
2351,909.831,10000000
2352,910.672,10000000
2353,911.025,10000000
2354,910.750,10000000
2355,908.758,10000000
2356,908.701,10000000
2357,909.078,10000000
2358,910.393,10000000
2359,911.223,10000000
2360,910.579,10000000
2361,908.977,10000000
2362,908.508,10000000
2363,908.566,10000000
2364,909.380,10000000
2365,910.414,10000000
2366,911.408,10000000
2367,910.239,10000000
2368,909.530,10000000
2369,909.218,10000000
2370,908.404,10000000
2371,908.924,10000000
2372,908.548,10000000
2373,909.237,10000000
2374,909.514,10000000
2375,908.985,10000000
2376,909.793,10000000
2377,909.874,10000000
2378,909.089,10000000
2379,910.237,10000000
2380,909.418,10000000
2381,908.673,10000000
2382,907.960,10000000
2383,908.924,10000000
2384,909.212,10000000
2385,909.928,10000000
2386,909.435,10000000
2387,908.618,10000000
2388,908.515,10000000
2389,908.843,10000000
2390,909.502,10000000
2391,907.519,10000000
2392,908.256,10000000
2393,908.168,10000000
2394,907.090,10000000
2395,907.269,10000000
2396,907.334,10000000
2397,907.848,10000000
2398,908.154,10000000
2399,907.376,10000000
2400,908.474,10000000
2401,909.641,10000000
2402,907.704,10000000
2403,908.214,10000000
2404,908.245,10000000
2405,909.504,10000000
2406,908.868,10000000
2407,910.515,10000000
2408,909.104,10000000
2409,909.127,10000000
2410,909.086,10000000
2411,908.665,10000000
2412,908.119,10000000
2413,908.784,10000000
2414,908.340,10000000
2415,908.445,10000000
2416,908.940,10000000
2417,909.502,10000000
2418,909.001,10000000
2419,909.720,10000000
2420,908.715,10000000
2421,908.241,10000000
2422,907.485,10000000
2423,906.798,10000000
2424,905.949,10000000
2425,907.988,10000000
2426,909.485,10000000
2427,908.513,10000000
2428,907.418,10000000
2429,907.673,10000000
2430,908.588,10000000
2431,908.139,10000000
2432,908.997,10000000
2433,908.406,10000000
2434,907.026,10000000
2435,907.799,10000000
2436,908.734,10000000
2437,908.769,10000000
2438,907.252,10000000
2439,907.241,10000000
2440,906.840,10000000
2441,906.290,10000000
2442,905.372,10000000
2443,906.646,10000000
2444,906.761,10000000
2445,906.803,10000000
2446,906.925,10000000
2447,906.501,10000000
2448,906.596,10000000
2449,906.259,10000000
2450,906.529,10000000
2451,906.962,10000000
2452,907.301,10000000
2453,906.478,10000000
2454,907.070,10000000
2455,907.052,10000000
2456,906.258,10000000
2457,906.953,10000000
2458,905.849,10000000
2459,907.420,10000000
2460,906.566,10000000
2461,906.973,10000000
2462,907.638,10000000
2463,906.750,10000000
2464,906.902,10000000
2465,906.401,10000000
2466,906.091,10000000
2467,907.418,10000000
2468,907.078,10000000
2469,906.550,10000000
2470,907.108,10000000
2471,906.901,10000000
2472,909.012,10000000
2473,908.551,10000000
2474,907.726,10000000
2475,906.752,10000000
2476,906.085,10000000
2477,906.112,10000000
2478,906.928,10000000
2479,906.862,10000000
2480,906.561,10000000
2481,906.446,10000000
2482,907.502,10000000
2483,907.090,10000000
2484,906.994,10000000
2485,907.309,10000000
2486,906.277,10000000
2487,906.190,10000000
2488,907.450,10000000
2489,907.697,10000000
2490,907.464,10000000
2491,907.554,10000000
2492,906.673,10000000
2493,907.283,10000000
2494,905.755,10000000
2495,904.340,10000000
2496,904.798,10000000
2497,903.987,10000000
2498,904.873,10000000
2499,904.421,10000000
2500,905.291,10000000
2501,904.770,10000000
2502,905.314,10000000
2503,904.601,10000000
2504,903.723,10000000
2505,903.656,10000000
2506,905.442,10000000
2507,904.782,10000000
2508,904.398,10000000
2509,904.291,10000000
2510,906.400,10000000
2511,906.373,10000000
2512,906.294,10000000
2513,907.832,10000000
2514,906.058,10000000
2515,905.923,10000000
2516,905.661,10000000
2517,907.570,10000000
2518,908.148,10000000
2519,908.112,10000000
2520,907.834,10000000
2521,907.466,10000000
2522,907.535,10000000
2523,907.068,10000000
2524,906.096,10000000
2525,905.669,10000000
2526,904.344,10000000
2527,904.755,10000000
2528,906.133,10000000
2529,907.719,10000000
2530,908.281,10000000
2531,907.465,10000000
2532,907.655,10000000
2533,907.933,10000000
2534,908.058,10000000
2535,908.120,10000000
2536,908.717,10000000
2537,907.523,10000000
2538,907.233,10000000
2539,907.195,10000000
2540,906.129,10000000
2541,905.659,10000000
2542,904.861,10000000
2543,906.154,10000000
2544,906.498,10000000
2545,905.777,10000000
2546,905.120,10000000
2547,904.540,10000000
2548,906.631,10000000
2549,906.898,10000000
2550,905.658,10000000
2551,904.851,10000000
2552,904.749,10000000
2553,905.244,10000000
2554,906.232,10000000
2555,905.274,10000000
2556,905.066,10000000
2557,905.538,10000000
2558,906.613,10000000
2559,907.046,10000000
2560,906.161,10000000
2561,906.009,10000000
2562,906.347,10000000
2563,905.674,10000000
2564,906.242,10000000
2565,905.912,10000000
2566,905.877,10000000
2567,904.866,10000000
2568,905.118,10000000
2569,906.050,10000000
2570,906.747,10000000
2571,904.812,10000000
2572,905.278,10000000
2573,905.667,10000000
2574,905.192,10000000
2575,905.689,10000000
2576,904.011,10000000
2577,904.718,10000000
2578,905.357,10000000
2579,906.135,10000000
2580,905.897,10000000
2581,904.443,10000000
2582,905.047,10000000
2583,905.438,10000000
2584,906.512,10000000
2585,906.408,10000000
2586,905.638,10000000
2587,906.897,10000000
2588,906.245,10000000
2589,905.503,10000000
2590,905.293,10000000
2591,905.076,10000000
2592,904.331,10000000
2593,902.978,10000000
2594,903.464,10000000
2595,903.500,10000000
2596,905.334,10000000
2597,905.036,10000000
2598,904.135,10000000
2599,904.894,10000000
2600,905.969,10000000
2601,904.139,10000000
2602,904.449,10000000
2603,904.264,10000000
2604,903.885,10000000
2605,903.439,10000000
2606,904.478,10000000
2607,903.782,10000000
2608,903.848,10000000
2609,903.275,10000000
2610,902.750,10000000
2611,903.262,10000000
2612,902.455,10000000
2613,903.140,10000000
2614,904.445,10000000
2615,904.508,10000000
2616,904.602,10000000
2617,904.005,10000000
2618,903.619,10000000
2619,905.141,10000000
2620,904.256,10000000
2621,905.237,10000000
2622,903.587,10000000
2623,904.214,10000000
2624,904.224,10000000
2625,903.638,10000000
2626,902.980,10000000
2627,902.635,10000000
2628,902.431,10000000
2629,902.816,10000000
2630,903.664,10000000
2631,904.837,10000000
2632,903.618,10000000
2633,903.390,10000000
2634,903.640,10000000
2635,904.929,10000000
2636,906.642,10000000
2637,906.260,10000000
2638,905.619,10000000
2639,903.946,10000000
2640,905.905,10000000
2641,905.145,10000000
2642,903.601,10000000
2643,903.689,10000000
2644,902.741,10000000
2645,902.553,10000000
2646,903.123,10000000
2647,905.052,10000000
2648,904.678,10000000
2649,904.932,10000000
2650,904.854,10000000
2651,904.234,10000000
2652,904.000,10000000
2653,904.756,10000000
2654,903.438,10000000
2655,905.501,10000000
2656,905.175,10000000
2657,902.975,10000000
2658,901.640,10000000
2659,901.627,10000000
2660,902.153,10000000
2661,904.313,10000000
2662,903.936,10000000
2663,903.203,10000000
2664,904.153,10000000
2665,902.071,10000000
2666,903.393,10000000
2667,903.597,10000000
2668,903.164,10000000
2669,903.254,10000000
2670,903.303,10000000
2671,904.338,10000000
2672,904.571,10000000
2673,903.993,10000000
2674,903.907,10000000
2675,903.980,10000000
2676,904.370,10000000
2677,904.404,10000000
2678,903.418,10000000
2679,904.316,10000000
2680,903.073,10000000
2681,902.887,10000000
2682,903.358,10000000
2683,902.663,10000000
2684,902.556,10000000
2685,902.948,10000000
2686,901.978,10000000
2687,903.339,10000000
2688,903.458,10000000
2689,903.213,10000000
2690,902.870,10000000
2691,902.336,10000000
2692,901.640,10000000
2693,901.817,10000000
2694,902.113,10000000
2695,902.254,10000000
2696,902.489,10000000
2697,902.678,10000000
2698,904.190,10000000
2699,903.151,10000000
2700,902.294,10000000
2701,903.590,10000000
2702,904.040,10000000
2703,905.116,10000000
2704,903.947,10000000
2705,903.267,10000000
2706,903.807,10000000
2707,903.347,10000000
2708,902.513,10000000
2709,901.611,10000000
2710,902.469,10000000
2711,902.858,10000000
2712,903.311,10000000
2713,902.122,10000000
2714,901.470,10000000
2715,901.813,10000000
2716,902.470,10000000
2717,901.703,10000000
2718,902.277,10000000
2719,902.567,10000000
2720,902.317,10000000
2721,902.905,10000000
2722,902.788,10000000
2723,902.844,10000000
2724,900.962,10000000
2725,900.732,10000000
2726,900.894,10000000
2727,901.668,10000000
2728,900.574,10000000
2729,900.793,10000000
2730,901.314,10000000
2731,900.967,10000000
2732,901.344,10000000
2733,901.136,10000000
2734,901.455,10000000
2735,901.012,10000000
2736,900.791,10000000
2737,901.287,10000000
2738,900.350,10000000
2739,901.362,10000000
2740,901.419,10000000
2741,900.313,10000000
2742,899.780,10000000
2743,900.034,10000000
2744,901.309,10000000
2745,900.959,10000000
2746,900.934,10000000
2747,901.373,10000000
2748,901.904,10000000
2749,901.993,10000000
2750,901.849,10000000
2751,901.655,10000000
2752,901.119,10000000
2753,901.026,10000000
2754,900.184,10000000
2755,899.912,10000000
2756,899.172,10000000
2757,898.788,10000000
2758,900.647,10000000
2759,900.271,10000000
2760,900.426,10000000
2761,899.529,10000000
2762,900.825,10000000
2763,900.898,10000000
2764,901.060,10000000
2765,901.929,10000000
2766,900.940,10000000
2767,901.150,10000000
2768,902.945,10000000
2769,902.244,10000000
2770,901.382,10000000
2771,901.363,10000000
2772,901.350,10000000
2773,901.386,10000000
2774,901.540,10000000
2775,901.183,10000000
2776,899.793,10000000
2777,899.424,10000000
2778,898.914,10000000
2779,900.923,10000000
2780,899.298,10000000
2781,898.716,10000000
2782,899.825,10000000
2783,899.193,10000000
2784,900.448,10000000
2785,901.186,10000000
2786,899.466,10000000
2787,899.417,10000000
2788,900.314,10000000
2789,900.581,10000000
2790,900.487,10000000
2791,899.528,10000000
2792,898.738,10000000
2793,899.629,10000000
2794,900.297,10000000
2795,900.401,10000000
2796,901.082,10000000
2797,901.596,10000000
2798,900.940,10000000
2799,901.317,10000000
2800,900.578,10000000
2801,899.528,10000000
2802,900.046,10000000
2803,899.738,10000000
2804,900.853,10000000
2805,901.648,10000000
2806,900.693,10000000
2807,899.721,10000000
2808,899.952,10000000
2809,900.408,10000000
2810,900.565,10000000
2811,900.150,10000000
2812,899.124,10000000
2813,899.729,10000000
2814,899.767,10000000
2815,900.105,10000000
2816,899.839,10000000
2817,900.461,10000000
2818,900.058,10000000
2819,900.918,10000000
2820,900.572,10000000
2821,900.097,10000000
2822,900.465,10000000
2823,900.118,10000000
2824,899.814,10000000
2825,899.966,10000000
2826,900.960,10000000
2827,900.090,10000000
2828,900.052,10000000
2829,900.436,10000000
2830,900.252,10000000
2831,901.086,10000000
2832,900.604,10000000
2833,900.688,10000000
2834,900.748,10000000
2835,900.264,10000000
2836,899.453,10000000
2837,900.756,10000000
2838,900.907,10000000
2839,901.016,10000000
2840,901.257,10000000
2841,901.280,10000000
2842,900.296,10000000
2843,899.648,10000000
2844,899.139,10000000
2845,900.558,10000000
2846,900.237,10000000
2847,899.593,10000000
2848,899.971,10000000
2849,899.408,10000000
2850,899.053,10000000
2851,898.776,10000000
2852,898.223,10000000
2853,898.760,10000000
2854,898.319,10000000
2855,897.989,10000000
2856,897.972,10000000
2857,897.570,10000000
2858,897.220,10000000
2859,897.039,10000000
2860,897.295,10000000
2861,898.476,10000000
2862,897.981,10000000
2863,896.797,10000000
2864,898.940,10000000
2865,897.997,10000000
2866,899.411,10000000
2867,898.643,10000000
2868,899.281,10000000
2869,898.471,10000000
2870,898.374,10000000
2871,899.628,10000000
2872,900.411,10000000
2873,898.462,10000000
2874,897.800,10000000
2875,898.102,10000000
2876,897.094,10000000
2877,898.440,10000000
2878,899.214,10000000
2879,898.741,10000000
2880,899.363,10000000
2881,899.466,10000000
2882,898.277,10000000
2883,897.790,10000000
2884,897.830,10000000
2885,897.444,10000000
2886,897.574,10000000
2887,897.554,10000000
2888,898.569,10000000
2889,898.324,10000000
2890,898.058,10000000
2891,899.295,10000000
2892,899.042,10000000
2893,898.890,10000000
2894,897.231,10000000
2895,897.226,10000000
2896,897.391,10000000
2897,897.068,10000000
2898,897.538,10000000
2899,896.980,10000000
2900,897.902,10000000
2901,897.509,10000000
2902,897.785,10000000
2903,898.692,10000000
2904,897.968,10000000
2905,897.353,10000000
2906,897.162,10000000
2907,897.873,10000000
2908,897.644,10000000
2909,896.702,10000000
2910,898.119,10000000
2911,897.420,10000000
2912,896.827,10000000
2913,897.128,10000000
2914,898.368,10000000
2915,897.919,10000000
2916,897.431,10000000
2917,899.120,10000000
2918,898.634,10000000
2919,897.936,10000000
2920,898.456,10000000
2921,899.053,10000000
2922,899.553,10000000
2923,897.962,10000000
2924,897.996,10000000
2925,898.558,10000000
2926,897.944,10000000
2927,897.556,10000000
2928,897.810,10000000
2929,898.599,10000000
2930,897.765,10000000
2931,899.806,10000000
2932,899.087,10000000
2933,899.959,10000000
2934,898.161,10000000
2935,897.478,10000000
2936,897.512,10000000
2937,898.616,10000000
2938,898.152,10000000
2939,898.190,10000000
2940,898.445,10000000
2941,897.555,10000000
2942,897.821,10000000
2943,897.796,10000000
2944,897.705,10000000
2945,897.289,10000000
2946,897.963,10000000
2947,897.734,10000000
2948,897.438,10000000
2949,896.990,10000000
2950,898.369,10000000
2951,897.819,10000000
2952,898.219,10000000
2953,898.161,10000000
2954,897.921,10000000
2955,897.608,10000000
2956,898.678,10000000
2957,898.217,10000000
2958,897.823,10000000
2959,898.640,10000000
2960,897.771,10000000
2961,898.443,10000000
2962,897.375,10000000
2963,898.203,10000000
2964,897.308,10000000
2965,897.083,10000000
2966,895.669,10000000
2967,896.366,10000000
2968,897.053,10000000
2969,897.153,10000000
2970,897.290,10000000
2971,895.412,10000000
2972,896.329,10000000
2973,897.721,10000000
2974,897.616,10000000
2975,897.621,10000000
2976,897.481,10000000
2977,896.662,10000000
2978,897.683,10000000
2979,898.203,10000000
2980,897.461,10000000
2981,897.519,10000000
2982,898.116,10000000
2983,899.192,10000000
2984,899.445,10000000
2985,897.755,10000000
2986,897.399,10000000
2987,898.186,10000000
2988,899.598,10000000
2989,900.275,10000000
2990,898.857,10000000
2991,899.182,10000000
2992,897.867,10000000
2993,899.049,10000000
2994,897.950,10000000
2995,897.539,10000000
2996,898.327,10000000
2997,899.266,10000000
2998,898.975,10000000
2999,899.373,10000000
3000,899.410,10000000
3001,898.853,10000000
3002,899.195,10000000
3003,898.010,10000000
3004,898.227,10000000
3005,898.803,10000000
3006,898.028,10000000
3007,897.762,10000000
3008,896.800,10000000
3009,897.241,10000000
3010,897.166,10000000
3011,896.470,10000000
3012,895.247,10000000
3013,897.029,10000000
3014,897.594,10000000
3015,897.130,10000000
3016,897.985,10000000
3017,896.529,10000000
3018,895.363,10000000
3019,896.879,10000000
3020,897.438,10000000
3021,897.501,10000000
3022,897.571,10000000
3023,897.196,10000000
3024,896.936,10000000
3025,897.138,10000000
3026,895.927,10000000
3027,895.292,10000000
3028,895.129,10000000
3029,895.272,10000000
3030,896.632,10000000
3031,898.018,10000000
3032,896.869,10000000
3033,897.633,10000000
3034,897.629,10000000
3035,897.572,10000000
3036,897.487,10000000
3037,899.130,10000000
3038,898.735,10000000
3039,898.498,10000000
3040,897.984,10000000
3041,897.690,10000000
3042,896.986,10000000
3043,896.452,10000000
3044,895.463,10000000
3045,896.534,10000000
3046,896.529,10000000
3047,893.867,10000000
3048,895.110,10000000
3049,896.899,10000000
3050,898.903,10000000
3051,898.840,10000000
3052,899.117,10000000
3053,898.938,10000000
3054,896.181,10000000
3055,896.136,10000000
3056,895.920,10000000
3057,895.869,10000000
3058,896.636,10000000
3059,896.135,10000000
3060,896.557,10000000
3061,896.774,10000000
3062,895.934,10000000
3063,896.351,10000000
3064,897.065,10000000
3065,896.400,10000000
3066,897.010,10000000
3067,897.573,10000000
3068,897.345,10000000
3069,896.719,10000000
3070,897.447,10000000
3071,897.498,10000000
3072,897.056,10000000
3073,896.204,10000000
3074,895.455,10000000
3075,896.018,10000000
3076,896.329,10000000
3077,897.576,10000000
3078,896.890,10000000
3079,895.764,10000000
3080,895.543,10000000
3081,896.441,10000000
3082,896.290,10000000
3083,894.766,10000000
3084,893.990,10000000
3085,895.638,10000000
3086,896.288,10000000
3087,895.752,10000000
3088,895.599,10000000
3089,895.622,10000000
3090,896.574,10000000
3091,896.747,10000000
3092,896.491,10000000
3093,895.705,10000000
3094,894.813,10000000
3095,894.762,10000000
3096,894.312,10000000
3097,894.556,10000000
3098,896.196,10000000
3099,895.148,10000000
3100,895.973,10000000
3101,895.179,10000000
3102,895.539,10000000
3103,895.136,10000000
3104,895.558,10000000
3105,896.037,10000000
3106,895.875,10000000
3107,896.549,10000000
3108,897.202,10000000
3109,897.131,10000000
3110,896.952,10000000
3111,895.964,10000000
3112,895.383,10000000
3113,895.272,10000000
3114,895.885,10000000
3115,895.237,10000000
3116,895.904,10000000
3117,896.381,10000000
3118,895.353,10000000
3119,895.379,10000000
3120,895.903,10000000
3121,896.248,10000000
3122,895.883,10000000
3123,895.901,10000000
3124,895.499,10000000
3125,895.778,10000000
3126,895.028,10000000
3127,895.360,10000000
3128,895.287,10000000
3129,894.779,10000000
3130,894.385,10000000
3131,895.209,10000000
3132,895.444,10000000
3133,894.609,10000000
3134,894.027,10000000
3135,893.642,10000000
3136,894.703,10000000
3137,895.485,10000000
3138,894.027,10000000
3139,894.409,10000000
3140,894.052,10000000
3141,894.845,10000000
3142,895.096,10000000
3143,894.545,10000000
3144,894.210,10000000
3145,895.409,10000000
3146,896.994,10000000
3147,896.926,10000000
3148,896.302,10000000
3149,894.696,10000000
3150,894.986,10000000
3151,894.908,10000000
3152,895.860,10000000
3153,895.662,10000000
3154,894.691,10000000
3155,896.007,10000000
3156,894.981,10000000
3157,895.973,10000000
3158,895.073,10000000
3159,892.820,10000000
3160,894.298,10000000
3161,894.004,10000000
3162,893.748,10000000
3163,893.313,10000000
3164,893.834,10000000
3165,893.162,10000000
3166,893.285,10000000
3167,893.845,10000000
3168,894.743,10000000
3169,893.895,10000000
3170,894.038,10000000
3171,894.053,10000000
3172,895.071,10000000
3173,894.210,10000000
3174,895.344,10000000
3175,893.226,10000000
3176,892.800,10000000
3177,892.429,10000000
3178,892.164,10000000
3179,892.164,10000000
3180,893.668,10000000
3181,893.624,10000000
3182,893.932,10000000
3183,893.755,10000000
3184,894.256,10000000
3185,894.533,10000000
3186,894.794,10000000
3187,894.036,10000000
3188,893.683,10000000
3189,892.585,10000000
3190,892.173,10000000
3191,892.087,10000000
3192,892.465,10000000
3193,892.787,10000000
3194,892.820,10000000
3195,892.343,10000000
3196,892.936,10000000
3197,893.298,10000000
3198,892.948,10000000
3199,894.590,10000000
3200,894.162,10000000
3201,895.450,10000000
3202,894.124,10000000
3203,893.626,10000000
3204,894.210,10000000
3205,893.830,10000000
3206,893.195,10000000
3207,894.131,10000000
3208,893.042,10000000
3209,892.929,10000000
3210,893.033,10000000
3211,894.111,10000000
3212,893.670,10000000
3213,894.034,10000000
3214,894.168,10000000
3215,894.268,10000000
3216,894.037,10000000
3217,895.703,10000000
3218,895.868,10000000
3219,896.972,10000000
3220,895.861,10000000
3221,894.693,10000000
3222,894.432,10000000
3223,894.603,10000000
3224,896.877,10000000
3225,896.323,10000000
3226,895.906,10000000
3227,895.324,10000000
3228,895.557,10000000
3229,894.829,10000000
3230,894.739,10000000
3231,894.186,10000000
3232,893.248,10000000
3233,894.214,10000000
3234,895.016,10000000
3235,895.132,10000000
3236,894.187,10000000
3237,894.275,10000000
3238,893.160,10000000
3239,893.878,10000000
3240,894.580,10000000
3241,894.180,10000000
3242,896.309,10000000
3243,894.819,10000000
3244,894.195,10000000
3245,893.861,10000000
3246,894.322,10000000
3247,893.767,10000000
3248,893.879,10000000
3249,894.633,10000000
3250,896.553,10000000
3251,896.624,10000000
3252,895.033,10000000
3253,894.973,10000000
3254,894.211,10000000
3255,894.126,10000000
3256,894.330,10000000
3257,894.306,10000000
3258,895.086,10000000
3259,893.935,10000000
3260,894.881,10000000
3261,894.229,10000000
3262,892.298,10000000
3263,892.403,10000000
3264,892.920,10000000
3265,896.306,10000000
3266,901.655,10000000
3267,904.798,10000000
3268,905.977,10000000
3269,893.709,10000000
3270,884.731,10000000
3271,897.629,10000000
3272,902.662,10000000
3273,903.905,10000000
3274,904.359,10000000
3275,904.454,10000000
3276,906.520,10000000
3277,910.079,10000000
3278,912.088,10000000
3279,913.620,10000000
3280,914.666,10000000
3281,913.665,10000000
3282,914.856,10000000
3283,915.387,10000000
3284,915.547,10000000
3285,915.095,10000000
3286,915.184,10000000
3287,914.593,10000000
3288,915.034,10000000
3289,913.977,10000000
3290,914.503,10000000
3291,914.288,10000000
3292,914.141,10000000
3293,913.435,10000000
3294,913.008,10000000
3295,913.885,10000000
3296,914.122,10000000
3297,914.678,10000000
3298,914.963,10000000
3299,915.034,10000000
3300,916.345,10000000
3301,916.505,10000000
3302,915.180,10000000
3303,915.576,10000000
3304,914.435,10000000
3305,914.662,10000000
3306,914.587,10000000
3307,914.732,10000000
3308,913.717,10000000
3309,913.967,10000000
3310,914.047,10000000
3311,915.149,10000000
3312,915.304,10000000
3313,914.965,10000000
3314,914.310,10000000
3315,914.309,10000000
3316,916.551,10000000
3317,914.777,10000000
3318,914.542,10000000
3319,914.129,10000000
3320,913.996,10000000
3321,914.512,10000000
3322,914.907,10000000
3323,914.378,10000000
3324,913.600,10000000
3325,912.454,10000000
3326,913.103,10000000
3327,912.752,10000000
3328,911.180,10000000
3329,911.378,10000000
3330,911.302,10000000
3331,913.867,10000000
3332,914.644,10000000
3333,914.443,10000000
3334,914.821,10000000
3335,915.069,10000000
3336,915.262,10000000
3337,914.487,10000000
3338,914.534,10000000
3339,912.932,10000000
3340,912.956,10000000
3341,913.371,10000000
3342,914.401,10000000
3343,913.392,10000000
3344,913.193,10000000
3345,912.768,10000000
3346,913.756,10000000
3347,913.215,10000000
3348,913.748,10000000
3349,913.340,10000000
3350,912.451,10000000
3351,913.248,10000000
3352,913.427,10000000
3353,914.563,10000000
3354,913.424,10000000
3355,913.724,10000000
3356,913.553,10000000
3357,912.639,10000000
3358,912.412,10000000
3359,913.945,10000000
3360,913.765,10000000
3361,912.506,10000000
3362,912.915,10000000
3363,912.031,10000000
3364,910.939,10000000
3365,911.545,10000000
3366,912.621,10000000
3367,913.391,10000000
3368,915.403,10000000
3369,914.295,10000000
3370,912.358,10000000
3371,911.916,10000000
3372,912.076,10000000
3373,912.612,10000000
3374,911.719,10000000
3375,910.609,10000000
3376,911.069,10000000
3377,913.012,10000000
3378,913.250,10000000
3379,913.266,10000000
3380,912.922,10000000
3381,911.901,10000000
3382,912.367,10000000
3383,912.698,10000000
3384,912.608,10000000
3385,913.400,10000000
3386,912.424,10000000
3387,914.156,10000000
3388,913.520,10000000
3389,912.707,10000000
3390,912.180,10000000
3391,913.155,10000000
3392,912.533,10000000
3393,912.339,10000000
3394,911.445,10000000
3395,911.400,10000000
3396,910.411,10000000
3397,910.609,10000000
3398,912.319,10000000
3399,912.429,10000000
3400,912.711,10000000
3401,912.720,10000000
3402,913.272,10000000
3403,912.984,10000000
3404,913.838,10000000
3405,912.682,10000000
3406,911.920,10000000
3407,911.726,10000000
3408,911.666,10000000
3409,911.804,10000000
3410,912.934,10000000
3411,912.597,10000000
3412,913.133,10000000
3413,912.788,10000000
3414,912.748,10000000
3415,913.390,10000000
3416,913.226,10000000
3417,912.797,10000000
3418,913.342,10000000
3419,912.892,10000000
3420,912.426,10000000
3421,912.833,10000000
3422,912.616,10000000
3423,912.113,10000000
3424,911.871,10000000
3425,911.906,10000000
3426,912.392,10000000
3427,911.357,10000000
3428,909.830,10000000
3429,910.541,10000000
3430,911.333,10000000
3431,909.866,10000000
3432,910.558,10000000
3433,910.561,10000000
3434,911.650,10000000
3435,911.996,10000000
3436,912.080,10000000
3437,911.197,10000000
3438,911.549,10000000
3439,910.778,10000000
3440,911.171,10000000
3441,911.636,10000000
3442,910.462,10000000
3443,909.402,10000000
3444,909.674,10000000
3445,910.462,10000000
3446,910.672,10000000
3447,911.150,10000000
3448,911.277,10000000
3449,910.225,10000000
3450,910.483,10000000
3451,910.413,10000000
3452,910.289,10000000
3453,911.252,10000000
3454,910.781,10000000
3455,910.901,10000000
3456,909.865,10000000
3457,910.289,10000000
3458,910.035,10000000
3459,908.856,10000000
3460,909.474,10000000
3461,910.027,10000000
3462,908.816,10000000
3463,908.567,10000000
3464,910.390,10000000
3465,910.606,10000000
3466,910.691,10000000
3467,910.949,10000000
3468,911.994,10000000
3469,911.782,10000000
3470,911.244,10000000
3471,911.010,10000000
3472,909.951,10000000
3473,910.712,10000000
3474,909.642,10000000
3475,909.398,10000000
3476,908.467,10000000
3477,908.610,10000000
3478,907.488,10000000
3479,908.844,10000000
3480,909.167,10000000
3481,910.530,10000000
3482,909.132,10000000
3483,909.930,10000000
3484,908.107,10000000
3485,908.739,10000000
3486,909.620,10000000
3487,910.776,10000000
3488,909.490,10000000
3489,909.226,10000000
3490,909.928,10000000
3491,909.217,10000000
3492,908.872,10000000
3493,909.733,10000000
3494,908.965,10000000
3495,908.638,10000000
3496,910.189,10000000
3497,909.414,10000000
3498,908.974,10000000
3499,908.019,10000000
3500,909.215,10000000
3501,910.332,10000000
3502,909.394,10000000
3503,908.913,10000000
3504,909.222,10000000
3505,909.873,10000000
3506,909.377,10000000
3507,910.993,10000000
3508,911.280,10000000
3509,909.313,10000000
3510,909.926,10000000
3511,910.966,10000000
3512,911.268,10000000
3513,910.078,10000000
3514,910.227,10000000
3515,910.638,10000000
3516,911.259,10000000
3517,911.119,10000000
3518,910.429,10000000
3519,911.239,10000000
3520,910.467,10000000
3521,910.069,10000000
3522,910.592,10000000
3523,909.486,10000000
3524,909.866,10000000
3525,909.056,10000000
3526,909.160,10000000
3527,908.053,10000000
3528,907.894,10000000
3529,907.315,10000000
3530,908.516,10000000
3531,909.257,10000000
3532,910.136,10000000
3533,909.241,10000000
3534,908.163,10000000
3535,908.082,10000000
3536,908.195,10000000
3537,908.428,10000000
3538,908.604,10000000
3539,907.767,10000000
3540,908.371,10000000
3541,908.596,10000000
3542,908.161,10000000
3543,908.149,10000000
3544,909.221,10000000
3545,908.973,10000000
3546,908.405,10000000
3547,908.081,10000000
3548,909.182,10000000
3549,908.614,10000000
3550,908.891,10000000
3551,909.260,10000000
3552,910.821,10000000
3553,911.233,10000000
3554,908.990,10000000
3555,909.165,10000000
3556,908.498,10000000
3557,908.723,10000000
3558,908.978,10000000
3559,910.045,10000000
3560,908.202,10000000
3561,907.812,10000000
3562,907.744,10000000
3563,907.715,10000000
3564,907.005,10000000
3565,908.496,10000000
3566,907.954,10000000
3567,907.476,10000000
3568,908.273,10000000
3569,907.605,10000000
3570,907.257,10000000
3571,908.268,10000000
3572,909.065,10000000
3573,908.604,10000000
3574,907.629,10000000
3575,906.428,10000000
3576,907.456,10000000
3577,907.622,10000000
3578,908.882,10000000
3579,907.471,10000000
3580,908.294,10000000
3581,909.890,10000000
3582,909.479,10000000
3583,910.256,10000000
3584,909.086,10000000
3585,908.641,10000000
3586,908.428,10000000
3587,908.631,10000000
3588,909.176,10000000
3589,908.332,10000000
3590,907.332,10000000
3591,909.141,10000000
3592,907.650,10000000
3593,908.605,10000000
3594,908.064,10000000
3595,906.645,10000000
3596,907.876,10000000
3597,908.376,10000000
3598,908.695,10000000
3599,908.529,10000000
3600,908.417,10000000
3601,909.162,10000000
3602,908.749,10000000
3603,908.306,10000000
3604,907.478,10000000
3605,906.971,10000000
3606,905.900,10000000
3607,906.130,10000000
3608,906.986,10000000
3609,906.824,10000000
3610,907.117,10000000
3611,907.310,10000000
3612,906.766,10000000
3613,906.707,10000000
3614,905.828,10000000
3615,906.012,10000000
3616,907.324,10000000
3617,907.363,10000000
3618,906.030,10000000
3619,906.597,10000000
3620,906.434,10000000
3621,907.046,10000000
3622,905.929,10000000
3623,907.392,10000000
3624,907.425,10000000
3625,907.344,10000000
3626,907.010,10000000
3627,906.360,10000000
3628,905.446,10000000
3629,906.349,10000000
3630,906.779,10000000
3631,907.657,10000000
3632,905.756,10000000
3633,907.371,10000000
3634,908.369,10000000
3635,906.850,10000000
3636,907.627,10000000
3637,907.425,10000000
3638,908.183,10000000
3639,908.927,10000000
3640,907.870,10000000
3641,907.065,10000000
3642,905.492,10000000
3643,905.683,10000000
3644,907.340,10000000
3645,908.861,10000000
3646,907.615,10000000
3647,906.308,10000000
3648,905.906,10000000
3649,907.676,10000000
3650,908.253,10000000
3651,907.638,10000000
3652,906.793,10000000
3653,906.966,10000000
3654,907.390,10000000
3655,907.037,10000000
3656,905.440,10000000
3657,906.391,10000000
3658,906.106,10000000
3659,905.514,10000000
3660,904.620,10000000
3661,905.949,10000000
3662,904.634,10000000
3663,904.875,10000000
3664,905.292,10000000
3665,905.934,10000000
3666,906.742,10000000
3667,905.267,10000000
3668,905.365,10000000
3669,905.756,10000000
3670,906.787,10000000
3671,906.260,10000000
3672,906.404,10000000
3673,906.761,10000000
3674,906.050,10000000
3675,906.598,10000000
3676,905.718,10000000
3677,905.015,10000000
3678,904.388,10000000
3679,905.953,10000000
3680,905.768,10000000
3681,905.779,10000000
3682,904.991,10000000
3683,905.800,10000000
3684,905.623,10000000
3685,905.421,10000000
3686,905.197,10000000
3687,904.164,10000000
3688,904.828,10000000
3689,904.986,10000000
3690,905.519,10000000
3691,906.389,10000000
3692,903.937,10000000
3693,903.920,10000000
3694,904.202,10000000
3695,904.279,10000000
3696,904.893,10000000
3697,903.649,10000000
3698,903.951,10000000
3699,905.070,10000000
3700,905.377,10000000
3701,905.316,10000000
3702,905.496,10000000
3703,905.053,10000000
3704,905.132,10000000
3705,905.355,10000000
3706,904.904,10000000
3707,904.996,10000000
3708,904.075,10000000
3709,904.562,10000000
3710,903.993,10000000
3711,904.004,10000000
3712,904.497,10000000
3713,904.167,10000000
3714,904.346,10000000
3715,904.458,10000000
3716,905.931,10000000
3717,905.230,10000000
3718,903.569,10000000
3719,904.440,10000000
3720,905.433,10000000
3721,905.190,10000000
3722,905.054,10000000
3723,904.832,10000000
3724,904.653,10000000
3725,904.402,10000000
3726,905.010,10000000
3727,904.082,10000000
3728,903.576,10000000
3729,902.550,10000000
3730,904.056,10000000
3731,905.894,10000000
3732,905.401,10000000
3733,904.636,10000000
3734,905.290,10000000
3735,904.473,10000000
3736,904.202,10000000
3737,903.474,10000000
3738,903.551,10000000
3739,903.287,10000000
3740,903.297,10000000
3741,904.070,10000000
3742,903.457,10000000
3743,903.365,10000000
3744,903.098,10000000
3745,902.735,10000000
3746,903.509,10000000
3747,904.261,10000000
3748,903.824,10000000
3749,905.725,10000000
3750,905.098,10000000
3751,905.231,10000000
3752,905.345,10000000
3753,904.444,10000000
3754,905.663,10000000
3755,905.801,10000000
3756,907.263,10000000
3757,905.638,10000000
3758,904.541,10000000
3759,904.729,10000000
3760,905.279,10000000
3761,905.680,10000000
3762,905.529,10000000
3763,904.832,10000000
3764,905.668,10000000
3765,905.238,10000000
3766,905.501,10000000
3767,905.162,10000000
3768,905.552,10000000
3769,905.577,10000000
3770,903.842,10000000
3771,903.648,10000000
3772,905.460,10000000
3773,905.797,10000000
3774,904.310,10000000
3775,904.436,10000000
3776,903.876,10000000
3777,904.061,10000000
3778,904.852,10000000
3779,904.723,10000000
3780,903.659,10000000
3781,904.730,10000000
3782,904.916,10000000
3783,905.468,10000000
3784,904.054,10000000
3785,904.247,10000000
3786,904.584,10000000
3787,905.274,10000000
3788,905.445,10000000
3789,904.362,10000000
3790,904.473,10000000
3791,903.645,10000000
3792,904.111,10000000
3793,904.185,10000000
3794,903.575,10000000
3795,903.081,10000000
3796,904.171,10000000
3797,904.866,10000000
3798,904.674,10000000
3799,905.020,10000000
3800,904.083,10000000
3801,904.600,10000000
3802,905.875,10000000
3803,906.918,10000000
3804,905.641,10000000
3805,905.892,10000000
3806,905.266,10000000
3807,903.622,10000000
3808,903.749,10000000
3809,903.442,10000000
3810,903.227,10000000
3811,902.882,10000000
3812,902.994,10000000
3813,904.339,10000000
3814,903.505,10000000
3815,903.624,10000000
3816,903.987,10000000
3817,903.932,10000000
3818,904.315,10000000
3819,905.546,10000000
3820,905.513,10000000
3821,905.430,10000000
3822,904.305,10000000
3823,903.277,10000000
3824,905.428,10000000
3825,904.202,10000000
3826,903.348,10000000
3827,901.835,10000000
3828,903.034,10000000
3829,903.735,10000000
3830,902.685,10000000
3831,903.012,10000000
3832,903.720,10000000
3833,903.729,10000000
3834,904.135,10000000
3835,904.012,10000000
3836,904.578,10000000
3837,904.811,10000000
3838,904.212,10000000
3839,903.631,10000000
3840,903.938,10000000
3841,903.745,10000000
3842,902.764,10000000
3843,902.650,10000000
3844,902.993,10000000
3845,903.669,10000000
3846,902.833,10000000
3847,902.813,10000000
3848,904.675,10000000
3849,903.918,10000000
3850,904.171,10000000
3851,902.706,10000000
3852,902.076,10000000
3853,902.995,10000000
3854,904.206,10000000
3855,904.167,10000000
3856,902.616,10000000
3857,902.477,10000000
3858,902.596,10000000
3859,903.299,10000000
3860,903.258,10000000
3861,903.269,10000000
3862,902.667,10000000
3863,901.760,10000000
3864,903.993,10000000
3865,903.603,10000000
3866,902.882,10000000
3867,904.314,10000000
3868,904.533,10000000
3869,903.772,10000000
3870,903.646,10000000
3871,902.236,10000000
3872,902.364,10000000
3873,902.678,10000000
3874,903.117,10000000
3875,902.046,10000000
3876,901.501,10000000
3877,902.527,10000000
3878,902.453,10000000
3879,902.329,10000000
3880,901.511,10000000
3881,901.617,10000000
3882,901.064,10000000
3883,901.453,10000000
3884,901.888,10000000
3885,903.375,10000000
3886,903.285,10000000
3887,902.054,10000000
3888,902.329,10000000
3889,901.486,10000000
3890,902.786,10000000
3891,901.657,10000000
3892,901.758,10000000
3893,901.746,10000000
3894,900.842,10000000
3895,900.229,10000000
3896,902.007,10000000
3897,903.222,10000000
3898,902.026,10000000
3899,902.304,10000000
3900,902.100,10000000
3901,902.671,10000000
3902,901.969,10000000
3903,902.668,10000000
3904,903.998,10000000
3905,904.723,10000000
3906,903.684,10000000
3907,902.400,10000000
3908,902.068,10000000
3909,902.820,10000000
3910,902.547,10000000
3911,902.662,10000000
3912,900.940,10000000
3913,901.999,10000000
3914,902.781,10000000
3915,903.277,10000000
3916,902.750,10000000
3917,901.453,10000000
3918,902.123,10000000
3919,901.895,10000000
3920,904.578,10000000
3921,904.281,10000000
3922,903.378,10000000
3923,902.558,10000000
3924,900.948,10000000
3925,901.195,10000000
3926,901.786,10000000
3927,901.272,10000000
3928,900.671,10000000
3929,900.944,10000000
3930,901.024,10000000
3931,901.480,10000000
3932,902.448,10000000
3933,901.891,10000000
3934,902.263,10000000
3935,902.440,10000000
3936,902.796,10000000
3937,903.102,10000000
3938,901.531,10000000
3939,901.773,10000000
3940,902.019,10000000
3941,902.104,10000000
3942,902.574,10000000
3943,902.237,10000000
3944,902.728,10000000
3945,902.746,10000000
3946,901.411,10000000
3947,902.628,10000000
3948,901.608,10000000
3949,901.605,10000000
3950,901.192,10000000
3951,901.008,10000000
3952,900.881,10000000
3953,900.424,10000000
3954,899.270,10000000
3955,900.194,10000000
3956,901.163,10000000
3957,899.940,10000000
3958,900.387,10000000
3959,898.619,10000000
3960,900.223,10000000
3961,899.864,10000000
3962,900.705,10000000
3963,900.258,10000000
3964,900.960,10000000
3965,900.298,10000000
3966,900.940,10000000
3967,901.007,10000000
3968,900.602,10000000
3969,899.795,10000000
3970,900.065,10000000
3971,901.804,10000000
3972,902.200,10000000
3973,901.868,10000000
3974,900.935,10000000
3975,900.434,10000000
3976,900.946,10000000
3977,901.814,10000000
3978,902.083,10000000
3979,901.526,10000000
3980,901.658,10000000
3981,902.062,10000000
3982,901.530,10000000
3983,903.085,10000000
3984,902.509,10000000
3985,902.307,10000000
3986,901.375,10000000
3987,902.435,10000000
3988,902.958,10000000
3989,902.171,10000000
3990,901.667,10000000
3991,901.184,10000000
3992,901.188,10000000
3993,899.818,10000000
3994,898.731,10000000
3995,900.073,10000000
3996,899.304,10000000
3997,900.759,10000000
3998,901.138,10000000
3999,901.448,10000000
4000,902.145,10000000
4001,901.750,10000000
4002,901.873,10000000
4003,901.890,10000000
4004,901.375,10000000
4005,901.254,10000000
4006,900.782,10000000
4007,901.265,10000000
4008,899.604,10000000
4009,899.895,10000000
4010,899.476,10000000
4011,899.291,10000000
4012,898.960,10000000
4013,900.165,10000000
4014,899.794,10000000
4015,899.183,10000000
4016,899.821,10000000
4017,900.386,10000000
4018,899.909,10000000
4019,899.897,10000000
4020,899.473,10000000
4021,899.516,10000000
4022,900.795,10000000
4023,900.096,10000000
4024,899.292,10000000
4025,899.158,10000000
4026,899.212,10000000
4027,898.937,10000000
4028,899.182,10000000
4029,900.983,10000000
4030,900.371,10000000
4031,900.856,10000000
4032,900.756,10000000
4033,900.620,10000000
4034,899.673,10000000
4035,898.938,10000000
4036,900.207,10000000
4037,899.311,10000000
4038,899.781,10000000
4039,900.459,10000000
4040,900.796,10000000
4041,899.140,10000000
4042,899.701,10000000
4043,899.771,10000000
4044,899.460,10000000
4045,900.729,10000000
4046,899.534,10000000
4047,899.634,10000000
4048,900.923,10000000
4049,900.674,10000000
4050,900.062,10000000
4051,900.627,10000000
4052,900.708,10000000
4053,902.632,10000000
4054,902.358,10000000
4055,902.246,10000000
4056,902.245,10000000
4057,901.557,10000000
4058,901.034,10000000
4059,900.104,10000000
4060,900.055,10000000
4061,900.122,10000000
4062,900.973,10000000
4063,900.454,10000000
4064,899.925,10000000
4065,901.564,10000000
4066,901.297,10000000
4067,900.942,10000000
4068,900.484,10000000
4069,900.612,10000000
4070,900.769,10000000
4071,901.010,10000000
4072,900.462,10000000
4073,900.633,10000000
4074,900.682,10000000
4075,899.749,10000000
4076,899.401,10000000
4077,898.364,10000000
4078,900.035,10000000
4079,899.593,10000000
4080,898.868,10000000
4081,898.629,10000000
4082,898.953,10000000
4083,899.058,10000000
4084,898.544,10000000
4085,900.129,10000000
4086,899.774,10000000
4087,897.936,10000000
4088,898.714,10000000
4089,899.670,10000000
4090,899.136,10000000
4091,900.019,10000000
4092,897.534,10000000
4093,897.835,10000000
4094,899.461,10000000
4095,900.136,10000000
4096,898.781,10000000
4097,897.539,10000000
4098,899.380,10000000
4099,898.676,10000000
4100,898.169,10000000
4101,898.409,10000000
4102,897.975,10000000
4103,898.593,10000000
4104,899.348,10000000
4105,900.406,10000000
4106,900.053,10000000
4107,898.010,10000000
4108,897.434,10000000
4109,897.596,10000000
4110,898.470,10000000
4111,897.368,10000000
4112,897.563,10000000
4113,897.307,10000000
4114,898.999,10000000
4115,898.966,10000000
4116,899.148,10000000
4117,898.100,10000000
4118,898.009,10000000
4119,899.864,10000000
4120,898.661,10000000
4121,899.113,10000000
4122,899.357,10000000
4123,898.217,10000000
4124,898.792,10000000
4125,899.341,10000000
4126,899.339,10000000
4127,897.754,10000000
4128,897.778,10000000
4129,898.217,10000000
4130,898.400,10000000
4131,898.614,10000000
4132,898.341,10000000
4133,898.027,10000000
4134,898.915,10000000
4135,899.434,10000000
4136,899.539,10000000
4137,897.663,10000000
4138,897.835,10000000
4139,897.655,10000000
4140,898.472,10000000
4141,898.683,10000000
4142,899.008,10000000
4143,897.544,10000000
4144,897.867,10000000
4145,897.475,10000000
4146,898.006,10000000
4147,897.920,10000000
4148,896.931,10000000
4149,896.223,10000000
4150,897.320,10000000
4151,897.335,10000000
4152,897.921,10000000
4153,897.744,10000000
4154,897.567,10000000
4155,898.090,10000000
4156,898.493,10000000
4157,897.889,10000000
4158,896.385,10000000
4159,896.444,10000000
4160,896.545,10000000
4161,896.293,10000000
4162,897.062,10000000
4163,897.356,10000000
4164,897.977,10000000
4165,899.052,10000000
4166,899.456,10000000
4167,898.499,10000000
4168,898.555,10000000
4169,898.962,10000000
4170,898.583,10000000
4171,897.745,10000000
4172,898.296,10000000
4173,899.000,10000000
4174,897.282,10000000
4175,896.724,10000000
4176,897.028,10000000
4177,896.422,10000000
4178,895.994,10000000
4179,895.775,10000000
4180,896.919,10000000
4181,897.352,10000000
4182,899.274,10000000
4183,898.339,10000000
4184,897.103,10000000
4185,897.964,10000000
4186,898.093,10000000
4187,897.357,10000000
4188,897.407,10000000
4189,897.591,10000000
4190,895.934,10000000
4191,896.365,10000000
4192,896.388,10000000
4193,896.259,10000000
4194,895.926,10000000
4195,896.141,10000000
4196,896.618,10000000
4197,897.215,10000000
4198,897.497,10000000
4199,897.075,10000000
4200,897.189,10000000
4201,898.246,10000000
4202,897.003,10000000
4203,897.117,10000000
4204,896.941,10000000
4205,896.273,10000000
4206,897.233,10000000
4207,896.185,10000000
4208,895.467,10000000
4209,894.675,10000000
4210,895.284,10000000
4211,895.024,10000000
4212,896.783,10000000
4213,896.976,10000000
4214,896.196,10000000
4215,895.481,10000000
4216,895.632,10000000
4217,896.456,10000000
4218,896.496,10000000
4219,897.187,10000000
4220,897.659,10000000
4221,896.505,10000000
4222,896.190,10000000
4223,897.095,10000000
4224,896.875,10000000
4225,896.642,10000000
4226,895.798,10000000
4227,895.787,10000000
4228,895.610,10000000
4229,894.725,10000000
4230,895.529,10000000
4231,896.298,10000000
4232,896.436,10000000
4233,896.451,10000000
4234,895.896,10000000
4235,896.529,10000000
4236,895.459,10000000
4237,895.368,10000000
4238,895.726,10000000
4239,895.452,10000000
4240,895.319,10000000
4241,895.003,10000000
4242,894.498,10000000
4243,895.192,10000000
4244,895.611,10000000
4245,894.361,10000000
4246,894.799,10000000
4247,896.373,10000000
4248,895.851,10000000
4249,894.916,10000000
4250,895.427,10000000
4251,896.012,10000000
4252,896.487,10000000
4253,896.947,10000000
4254,897.941,10000000
4255,896.203,10000000
4256,894.354,10000000
4257,901.189,10000000
4258,904.678,10000000
4259,906.224,10000000
4260,896.896,10000000
4261,886.796,10000000
4262,897.135,10000000
4263,903.755,10000000
4264,907.733,10000000
4265,906.861,10000000
4266,908.023,10000000
4267,908.220,10000000
4268,911.095,10000000
4269,914.779,10000000
4270,916.213,10000000
4271,915.178,10000000
4272,914.349,10000000
4273,915.334,10000000
4274,915.201,10000000
4275,915.168,10000000
4276,914.205,10000000
4277,913.954,10000000
4278,914.303,10000000
4279,915.242,10000000
4280,915.917,10000000
4281,915.501,10000000
4282,915.381,10000000
4283,915.148,10000000
4284,915.412,10000000
4285,916.361,10000000
4286,915.201,10000000
4287,914.429,10000000
4288,914.135,10000000
4289,914.484,10000000
4290,914.366,10000000
4291,915.776,10000000
4292,913.495,10000000
4293,913.402,10000000
4294,914.806,10000000
4295,915.167,10000000
4296,914.812,10000000
4297,914.985,10000000
4298,914.881,10000000
4299,916.373,10000000
4300,915.834,10000000
4301,915.191,10000000
4302,916.080,10000000
4303,916.196,10000000
4304,915.958,10000000
4305,916.815,10000000
4306,916.089,10000000
4307,915.603,10000000
4308,915.257,10000000
4309,915.326,10000000
4310,916.325,10000000
4311,914.619,10000000
4312,912.856,10000000
4313,914.013,10000000
4314,914.093,10000000
4315,915.567,10000000
4316,914.858,10000000
4317,915.210,10000000
4318,914.514,10000000
4319,915.862,10000000
4320,916.565,10000000
4321,915.394,10000000
4322,913.560,10000000
4323,912.857,10000000
4324,913.236,10000000
4325,913.733,10000000
4326,913.574,10000000
4327,913.197,10000000
4328,911.529,10000000
4329,911.851,10000000
4330,911.860,10000000
4331,912.718,10000000
4332,912.250,10000000
4333,912.706,10000000
4334,912.166,10000000
4335,913.243,10000000
4336,914.099,10000000
4337,913.956,10000000
4338,912.132,10000000
4339,912.262,10000000
4340,912.611,10000000
4341,912.196,10000000
4342,911.758,10000000
4343,911.933,10000000
4344,911.814,10000000
4345,911.995,10000000
4346,912.284,10000000
4347,914.125,10000000
4348,913.017,10000000
4349,914.057,10000000
4350,913.926,10000000
4351,914.093,10000000
4352,914.209,10000000
4353,912.423,10000000
4354,911.904,10000000
4355,911.449,10000000
4356,913.100,10000000
4357,913.305,10000000
4358,911.557,10000000
4359,911.337,10000000
4360,912.352,10000000
4361,913.260,10000000
4362,914.383,10000000
4363,913.877,10000000
4364,913.165,10000000
4365,913.548,10000000
4366,914.085,10000000
4367,913.566,10000000
4368,913.251,10000000
4369,912.697,10000000
4370,912.564,10000000
4371,913.943,10000000
4372,912.856,10000000
4373,912.811,10000000
4374,912.681,10000000
4375,913.518,10000000
4376,913.061,10000000
4377,913.497,10000000
4378,913.031,10000000
4379,913.849,10000000
4380,914.010,10000000
4381,914.527,10000000
4382,914.520,10000000
4383,914.029,10000000
4384,913.629,10000000
4385,913.697,10000000
4386,914.344,10000000
4387,913.932,10000000
4388,911.940,10000000
4389,911.788,10000000
4390,912.619,10000000
4391,911.531,10000000
4392,911.771,10000000
4393,911.452,10000000
4394,911.768,10000000
4395,910.804,10000000
4396,911.309,10000000
4397,911.872,10000000
4398,911.487,10000000
4399,910.913,10000000
4400,911.902,10000000
4401,912.122,10000000
4402,910.775,10000000
4403,911.619,10000000
4404,910.321,10000000
4405,911.437,10000000
4406,912.519,10000000
4407,911.314,10000000
4408,910.853,10000000
4409,910.280,10000000
4410,910.838,10000000
4411,910.204,10000000
4412,911.397,10000000
4413,911.663,10000000
4414,910.424,10000000
4415,910.824,10000000
4416,910.709,10000000
4417,911.195,10000000
4418,911.138,10000000
4419,911.028,10000000
4420,911.125,10000000
4421,911.067,10000000
4422,910.242,10000000
4423,910.535,10000000
4424,910.717,10000000
4425,910.553,10000000
4426,911.754,10000000
4427,910.997,10000000
4428,912.225,10000000
4429,911.036,10000000
4430,910.268,10000000
4431,909.536,10000000
4432,910.090,10000000
4433,910.441,10000000
4434,910.335,10000000
4435,910.246,10000000
4436,911.031,10000000
4437,911.576,10000000
4438,911.402,10000000
4439,912.171,10000000
4440,911.124,10000000
4441,910.995,10000000
4442,911.002,10000000
4443,911.387,10000000
4444,911.230,10000000
4445,910.618,10000000
4446,910.899,10000000
4447,911.518,10000000
4448,912.242,10000000
4449,911.508,10000000
4450,910.551,10000000
4451,911.430,10000000
4452,911.063,10000000
4453,912.117,10000000
4454,911.227,10000000
4455,911.125,10000000
4456,911.845,10000000
4457,911.001,10000000
4458,911.320,10000000
4459,911.348,10000000
4460,910.671,10000000
4461,909.113,10000000
4462,909.132,10000000
4463,908.576,10000000
4464,910.825,10000000
4465,910.289,10000000
4466,910.726,10000000
4467,910.554,10000000
4468,911.570,10000000
4469,911.505,10000000
4470,912.447,10000000
4471,911.277,10000000
4472,910.121,10000000
4473,910.082,10000000
4474,909.292,10000000
4475,909.255,10000000
4476,908.005,10000000
4477,909.783,10000000
4478,909.219,10000000
4479,908.686,10000000
4480,909.011,10000000
4481,909.297,10000000
4482,907.529,10000000
4483,908.442,10000000
4484,909.130,10000000
4485,909.993,10000000
4486,909.725,10000000
4487,909.290,10000000
4488,909.584,10000000
4489,907.567,10000000
4490,908.188,10000000
4491,908.458,10000000
4492,908.976,10000000
4493,908.187,10000000
4494,908.452,10000000
4495,907.941,10000000
4496,907.605,10000000
4497,908.650,10000000
4498,906.883,10000000
4499,907.276,10000000
4500,908.084,10000000
4501,907.670,10000000
4502,907.975,10000000
4503,907.871,10000000
4504,909.420,10000000
4505,908.878,10000000
4506,907.357,10000000
4507,908.381,10000000
4508,907.439,10000000
4509,907.219,10000000
4510,907.639,10000000
4511,907.725,10000000
4512,908.042,10000000
4513,908.050,10000000
4514,907.895,10000000
4515,907.899,10000000
4516,908.578,10000000
4517,909.480,10000000
4518,908.973,10000000
4519,908.086,10000000
4520,908.141,10000000
4521,908.659,10000000
4522,907.722,10000000
4523,909.050,10000000
4524,908.736,10000000
4525,909.690,10000000
4526,909.486,10000000
4527,908.819,10000000
4528,908.767,10000000
4529,909.140,10000000
4530,908.585,10000000
4531,908.086,10000000
4532,909.038,10000000
4533,907.409,10000000
4534,908.260,10000000
4535,909.219,10000000
4536,908.954,10000000
4537,908.889,10000000
4538,907.822,10000000
4539,906.763,10000000
4540,908.166,10000000
4541,908.803,10000000
4542,906.293,10000000
4543,906.939,10000000
4544,907.153,10000000
4545,907.026,10000000
4546,907.754,10000000
4547,907.220,10000000
4548,906.775,10000000
4549,905.895,10000000
4550,906.855,10000000
4551,907.247,10000000
4552,906.056,10000000
4553,907.879,10000000
4554,907.413,10000000
4555,907.242,10000000
4556,908.356,10000000
4557,907.357,10000000
4558,905.469,10000000
4559,905.655,10000000
4560,906.351,10000000
4561,906.076,10000000
4562,905.360,10000000
4563,906.018,10000000
4564,906.688,10000000
4565,907.082,10000000
4566,908.429,10000000
4567,907.416,10000000
4568,907.525,10000000
4569,907.428,10000000
4570,906.747,10000000
4571,908.580,10000000
4572,908.274,10000000
4573,907.042,10000000
4574,907.184,10000000
4575,906.158,10000000
4576,907.307,10000000
4577,907.426,10000000
4578,907.602,10000000
4579,907.676,10000000
4580,907.722,10000000
4581,908.537,10000000
4582,907.333,10000000
4583,908.789,10000000
4584,906.887,10000000
4585,906.773,10000000
4586,906.973,10000000
4587,907.974,10000000
4588,907.868,10000000
4589,907.930,10000000
4590,907.365,10000000
4591,905.988,10000000
4592,906.123,10000000
4593,905.882,10000000
4594,904.683,10000000
4595,904.899,10000000
4596,905.339,10000000
4597,905.903,10000000
4598,907.118,10000000
4599,906.912,10000000
4600,906.376,10000000
4601,907.903,10000000
4602,907.044,10000000
4603,906.864,10000000
4604,905.986,10000000
4605,905.983,10000000
4606,906.917,10000000
4607,907.027,10000000
4608,906.227,10000000
4609,905.557,10000000
4610,904.901,10000000
4611,905.447,10000000
4612,906.493,10000000
4613,906.849,10000000
4614,906.468,10000000
4615,906.955,10000000
4616,907.795,10000000
4617,907.446,10000000
4618,908.161,10000000
4619,908.865,10000000
4620,908.131,10000000
4621,907.706,10000000
4622,906.563,10000000
4623,906.976,10000000
4624,905.778,10000000
4625,905.308,10000000
4626,905.636,10000000
4627,906.477,10000000
4628,905.618,10000000
4629,904.968,10000000
4630,906.138,10000000
4631,905.430,10000000
4632,905.427,10000000
4633,906.373,10000000
4634,906.212,10000000
4635,904.838,10000000
4636,906.293,10000000
4637,907.067,10000000
4638,907.456,10000000
4639,906.449,10000000
4640,907.423,10000000
4641,905.681,10000000
4642,906.799,10000000
4643,906.687,10000000
4644,906.872,10000000
4645,906.343,10000000
4646,906.531,10000000
4647,907.343,10000000
4648,905.489,10000000
4649,907.008,10000000
4650,906.767,10000000
4651,906.690,10000000
4652,905.924,10000000
4653,906.384,10000000
4654,905.819,10000000
4655,906.100,10000000
4656,907.323,10000000
4657,907.309,10000000
4658,906.814,10000000
4659,904.708,10000000
4660,904.796,10000000
4661,905.078,10000000
4662,904.410,10000000
4663,905.057,10000000
4664,905.805,10000000
4665,905.033,10000000
4666,905.817,10000000
4667,906.309,10000000
4668,906.685,10000000
4669,906.534,10000000
4670,906.306,10000000
4671,905.827,10000000
4672,905.214,10000000
4673,904.487,10000000
4674,905.333,10000000
4675,905.617,10000000
4676,906.226,10000000
4677,905.769,10000000
4678,904.882,10000000
4679,905.724,10000000
4680,905.831,10000000
4681,906.726,10000000
4682,905.219,10000000
4683,906.446,10000000
4684,907.867,10000000
4685,907.813,10000000
4686,906.565,10000000
4687,905.490,10000000
4688,905.592,10000000
4689,905.785,10000000
4690,905.060,10000000
4691,905.801,10000000
4692,904.110,10000000
4693,904.538,10000000
4694,903.278,10000000
4695,903.951,10000000
4696,904.704,10000000
4697,905.029,10000000
4698,906.141,10000000
4699,905.915,10000000
4700,905.571,10000000
4701,904.761,10000000
4702,904.683,10000000
4703,905.155,10000000
4704,904.966,10000000
4705,905.065,10000000
4706,904.722,10000000
4707,903.762,10000000
4708,902.156,10000000
4709,903.776,10000000
4710,903.993,10000000
4711,904.753,10000000
4712,905.128,10000000
4713,904.341,10000000
4714,904.313,10000000
4715,904.175,10000000
4716,905.190,10000000
4717,904.813,10000000
4718,904.087,10000000
4719,905.471,10000000
4720,904.780,10000000
4721,905.799,10000000
4722,904.506,10000000
4723,902.811,10000000
4724,902.810,10000000
4725,902.950,10000000
4726,903.552,10000000
4727,902.518,10000000
4728,903.150,10000000
4729,904.512,10000000
4730,904.260,10000000
4731,903.955,10000000
4732,903.423,10000000
4733,903.971,10000000
4734,905.152,10000000
4735,904.079,10000000
4736,905.491,10000000
4737,905.140,10000000
4738,905.076,10000000
4739,904.476,10000000
4740,903.464,10000000
4741,903.844,10000000
4742,904.121,10000000
4743,903.920,10000000
4744,903.956,10000000
4745,903.926,10000000
4746,903.997,10000000
4747,904.308,10000000
4748,905.302,10000000
4749,904.238,10000000
4750,904.175,10000000
4751,904.389,10000000
4752,902.416,10000000
4753,902.358,10000000
4754,902.268,10000000
4755,901.622,10000000
4756,903.071,10000000
4757,902.710,10000000
4758,900.844,10000000
4759,902.965,10000000
4760,902.205,10000000
4761,903.627,10000000
4762,903.570,10000000
4763,901.792,10000000
4764,901.736,10000000
4765,902.743,10000000
4766,902.371,10000000
4767,904.323,10000000
4768,905.313,10000000
4769,904.213,10000000
4770,903.381,10000000
4771,904.300,10000000
4772,905.316,10000000
4773,903.858,10000000
4774,905.545,10000000
4775,904.738,10000000
4776,904.952,10000000
4777,904.940,10000000
4778,904.063,10000000
4779,904.502,10000000
4780,904.286,10000000
4781,903.666,10000000
4782,903.152,10000000
4783,904.255,10000000
4784,904.540,10000000
4785,904.880,10000000
4786,905.149,10000000
4787,905.090,10000000
4788,904.175,10000000
4789,903.604,10000000
4790,904.463,10000000
4791,904.882,10000000
4792,904.020,10000000
4793,902.362,10000000
4794,902.677,10000000
4795,903.075,10000000
4796,903.305,10000000
4797,903.506,10000000
4798,903.683,10000000
4799,903.148,10000000
4800,902.467,10000000
4801,902.860,10000000
4802,903.479,10000000
4803,903.860,10000000
4804,903.070,10000000
4805,903.520,10000000
4806,902.889,10000000
4807,904.490,10000000
4808,903.704,10000000
4809,902.830,10000000
4810,902.529,10000000
4811,902.384,10000000
4812,902.785,10000000
4813,902.183,10000000
4814,902.896,10000000
4815,904.335,10000000
4816,903.648,10000000
4817,904.167,10000000
4818,905.347,10000000
4819,905.296,10000000
4820,905.407,10000000
4821,904.779,10000000
4822,903.492,10000000
4823,904.842,10000000
4824,903.774,10000000
4825,904.413,10000000
4826,903.618,10000000
4827,903.031,10000000
4828,903.523,10000000
4829,903.472,10000000
4830,902.736,10000000
4831,902.577,10000000
4832,903.970,10000000
4833,904.189,10000000
4834,904.449,10000000
4835,903.486,10000000
4836,904.029,10000000
4837,904.751,10000000
4838,904.181,10000000
4839,903.573,10000000
4840,903.252,10000000
4841,902.978,10000000
4842,902.496,10000000
4843,903.215,10000000
4844,903.194,10000000
4845,902.829,10000000
4846,901.702,10000000
4847,903.071,10000000
4848,902.789,10000000
4849,902.056,10000000
4850,901.615,10000000
4851,902.303,10000000
4852,902.615,10000000
4853,902.718,10000000
4854,903.396,10000000
4855,902.427,10000000
4856,902.438,10000000
4857,903.442,10000000
4858,902.958,10000000
4859,902.218,10000000
4860,900.674,10000000
4861,900.176,10000000
4862,900.228,10000000
4863,901.391,10000000
4864,902.199,10000000
4865,901.468,10000000
4866,903.549,10000000
4867,903.909,10000000
4868,903.559,10000000
4869,903.760,10000000
4870,904.791,10000000
4871,904.320,10000000
4872,904.227,10000000
4873,904.858,10000000
4874,903.426,10000000
4875,903.055,10000000
4876,902.317,10000000
4877,902.976,10000000
4878,902.614,10000000
4879,902.182,10000000
4880,902.489,10000000
4881,903.276,10000000
4882,903.734,10000000
4883,904.283,10000000
4884,904.925,10000000
4885,904.819,10000000
4886,902.364,10000000
4887,903.970,10000000
4888,904.463,10000000
4889,903.614,10000000
4890,903.929,10000000
4891,902.101,10000000
4892,902.729,10000000
4893,902.341,10000000
4894,902.171,10000000
4895,901.241,10000000
4896,901.218,10000000
4897,902.171,10000000
4898,902.660,10000000
4899,901.486,10000000
4900,902.008,10000000
4901,902.905,10000000
4902,902.604,10000000
4903,902.858,10000000
4904,903.236,10000000
4905,902.712,10000000
4906,902.640,10000000
4907,902.806,10000000
4908,901.000,10000000
4909,901.643,10000000
4910,901.630,10000000
4911,900.861,10000000
4912,900.784,10000000
4913,901.472,10000000
4914,902.416,10000000
4915,901.054,10000000
4916,901.022,10000000
4917,900.511,10000000
4918,901.137,10000000
4919,902.130,10000000
4920,902.240,10000000
4921,900.921,10000000
4922,902.268,10000000
4923,902.646,10000000
4924,901.104,10000000
4925,900.602,10000000
4926,900.136,10000000
4927,899.595,10000000
4928,900.274,10000000
4929,900.723,10000000
4930,900.656,10000000
4931,900.863,10000000
4932,899.679,10000000
4933,900.888,10000000
4934,901.161,10000000
4935,901.539,10000000
4936,901.413,10000000
4937,901.845,10000000
4938,900.720,10000000
4939,901.997,10000000
4940,901.540,10000000
4941,900.575,10000000
4942,900.095,10000000
4943,899.947,10000000
4944,899.158,10000000
4945,900.188,10000000
4946,900.342,10000000
4947,900.595,10000000
4948,901.004,10000000
4949,900.433,10000000
4950,901.062,10000000
4951,901.352,10000000
4952,899.996,10000000
4953,897.961,10000000
4954,899.800,10000000
4955,899.953,10000000
4956,899.784,10000000
4957,898.789,10000000
4958,898.125,10000000
4959,899.191,10000000
4960,899.613,10000000
4961,899.345,10000000
4962,898.949,10000000
4963,899.447,10000000
4964,899.347,10000000
4965,898.938,10000000
4966,899.165,10000000
4967,900.439,10000000
4968,901.155,10000000
4969,899.814,10000000
4970,900.199,10000000
4971,901.656,10000000
4972,900.420,10000000
4973,900.341,10000000
4974,899.017,10000000
4975,898.690,10000000
4976,899.261,10000000
4977,899.208,10000000
4978,898.489,10000000
4979,899.643,10000000
4980,899.400,10000000
4981,898.804,10000000
4982,898.233,10000000
4983,900.402,10000000
4984,899.431,10000000
4985,899.569,10000000
4986,899.229,10000000
4987,898.853,10000000
4988,899.127,10000000
4989,899.236,10000000
4990,899.882,10000000
4991,898.440,10000000
4992,899.059,10000000
4993,900.604,10000000
4994,900.151,10000000
4995,899.420,10000000
4996,900.106,10000000
4997,899.240,10000000
4998,898.136,10000000
4999,898.822,10000000
5000,900.700,10000000
5001,900.100,10000000
5002,899.830,10000000
5003,898.163,10000000
5004,898.317,10000000
5005,897.793,10000000
5006,898.276,10000000
5007,898.665,10000000
5008,897.126,10000000
5009,897.469,10000000
5010,897.884,10000000
5011,897.472,10000000
5012,899.248,10000000
5013,897.263,10000000
5014,898.350,10000000
5015,899.671,10000000
5016,900.872,10000000
5017,900.658,10000000
5018,900.386,10000000
5019,900.012,10000000
5020,899.841,10000000
5021,899.249,10000000
5022,899.362,10000000
5023,899.617,10000000
5024,898.180,10000000
5025,898.363,10000000
5026,899.911,10000000
5027,899.408,10000000
5028,898.344,10000000
5029,898.033,10000000
5030,897.872,10000000
5031,898.438,10000000
5032,898.783,10000000
5033,898.542,10000000
5034,898.845,10000000
5035,898.663,10000000
5036,899.844,10000000
5037,900.722,10000000
5038,901.225,10000000
5039,900.077,10000000
5040,899.203,10000000
5041,898.144,10000000
5042,898.698,10000000
5043,899.530,10000000
5044,897.907,10000000
5045,897.800,10000000
5046,897.465,10000000
5047,897.795,10000000
5048,898.045,10000000
5049,899.148,10000000
5050,899.786,10000000
5051,899.521,10000000
5052,899.340,10000000
5053,899.071,10000000
5054,898.273,10000000
5055,898.931,10000000
5056,897.825,10000000
5057,897.586,10000000
5058,897.202,10000000
5059,897.163,10000000
5060,897.081,10000000
5061,898.030,10000000
5062,898.864,10000000
5063,898.786,10000000
5064,899.087,10000000
5065,899.213,10000000
5066,898.596,10000000
5067,898.254,10000000
5068,898.985,10000000
5069,898.629,10000000
5070,897.660,10000000
5071,897.134,10000000
5072,897.681,10000000
5073,898.993,10000000
5074,899.217,10000000
5075,897.401,10000000
5076,898.134,10000000
5077,898.817,10000000
5078,899.203,10000000
5079,897.917,10000000
5080,897.652,10000000
5081,898.200,10000000
5082,898.359,10000000
5083,897.669,10000000
5084,897.317,10000000
5085,897.179,10000000
5086,897.113,10000000
5087,898.043,10000000
5088,897.955,10000000
5089,898.011,10000000
5090,899.147,10000000
5091,898.749,10000000
5092,898.732,10000000
5093,897.564,10000000
5094,898.587,10000000
5095,898.274,10000000
5096,898.549,10000000
5097,898.015,10000000
5098,899.549,10000000
5099,899.847,10000000
5100,898.514,10000000
5101,899.675,10000000
5102,899.787,10000000
5103,899.831,10000000
5104,899.900,10000000
5105,898.608,10000000
5106,897.819,10000000
5107,897.333,10000000
5108,897.324,10000000
5109,896.663,10000000
5110,896.751,10000000
5111,897.239,10000000
5112,897.809,10000000
5113,898.943,10000000
5114,897.763,10000000
5115,897.936,10000000
5116,898.623,10000000
5117,899.253,10000000
5118,896.784,10000000
5119,897.096,10000000
5120,898.363,10000000
5121,898.231,10000000
5122,898.599,10000000
5123,897.776,10000000
5124,896.822,10000000
5125,895.909,10000000
5126,896.565,10000000
5127,897.335,10000000
5128,898.161,10000000
5129,897.659,10000000
5130,897.840,10000000
5131,897.069,10000000
5132,897.781,10000000
5133,897.517,10000000
5134,896.273,10000000
5135,896.646,10000000
5136,897.370,10000000
5137,897.581,10000000
5138,897.951,10000000
5139,898.395,10000000
5140,898.421,10000000
5141,897.266,10000000
5142,898.233,10000000
5143,898.371,10000000
5144,897.538,10000000
5145,897.534,10000000
5146,896.810,10000000
5147,897.652,10000000
5148,896.678,10000000
5149,897.685,10000000
5150,898.846,10000000
5151,898.825,10000000
5152,899.298,10000000
5153,897.524,10000000
5154,898.915,10000000
5155,897.949,10000000
5156,898.195,10000000
5157,896.019,10000000
5158,896.975,10000000
5159,896.052,10000000
5160,897.632,10000000
5161,898.327,10000000
5162,898.545,10000000
5163,898.160,10000000
5164,898.878,10000000
5165,898.817,10000000
5166,898.975,10000000
5167,899.556,10000000
5168,898.234,10000000
5169,898.515,10000000
5170,897.961,10000000
5171,897.078,10000000
5172,896.730,10000000
5173,896.083,10000000
5174,897.079,10000000
5175,895.754,10000000
5176,896.099,10000000
5177,895.743,10000000
5178,896.373,10000000
5179,896.362,10000000
5180,896.936,10000000
5181,897.660,10000000
5182,898.054,10000000
5183,897.596,10000000
5184,897.077,10000000
5185,899.340,10000000
5186,899.315,10000000
5187,897.789,10000000
5188,895.836,10000000
5189,895.500,10000000
5190,896.431,10000000
5191,896.611,10000000
5192,896.372,10000000
5193,895.427,10000000
5194,895.164,10000000
5195,895.254,10000000
5196,895.459,10000000
5197,895.389,10000000
5198,894.758,10000000
5199,895.781,10000000
5200,896.953,10000000
5201,895.758,10000000
5202,895.770,10000000
5203,895.464,10000000
5204,897.209,10000000
5205,897.131,10000000
5206,896.506,10000000
5207,897.135,10000000
5208,896.682,10000000
5209,895.844,10000000
5210,896.609,10000000
5211,896.976,10000000
5212,897.046,10000000
5213,895.479,10000000
5214,895.607,10000000
5215,895.076,10000000
5216,896.163,10000000
5217,897.292,10000000
5218,897.265,10000000
5219,896.209,10000000
5220,895.939,10000000
5221,896.965,10000000
5222,896.508,10000000
5223,896.459,10000000
5224,895.533,10000000
5225,894.853,10000000
5226,895.860,10000000
5227,897.569,10000000
5228,896.682,10000000
5229,896.150,10000000
5230,896.913,10000000
5231,897.364,10000000
5232,897.139,10000000
5233,895.630,10000000
5234,896.824,10000000
5235,896.409,10000000
5236,895.461,10000000
5237,895.269,10000000
5238,895.313,10000000
5239,895.486,10000000
5240,894.544,10000000
5241,894.984,10000000
5242,895.267,10000000
5243,895.108,10000000
5244,896.713,10000000
5245,896.168,10000000
5246,896.406,10000000
5247,892.889,10000000
5248,905.080,10000000
5249,910.418,10000000
5250,912.111,10000000
5251,904.691,10000000
5252,892.488,10000000
5253,901.586,10000000
5254,908.452,10000000
5255,910.311,10000000
5256,911.295,10000000
5257,911.285,10000000
5258,911.473,10000000
5259,913.573,10000000
5260,916.933,10000000
5261,918.947,10000000
5262,918.805,10000000
5263,919.796,10000000
5264,918.036,10000000
5265,918.465,10000000
5266,919.429,10000000
5267,919.367,10000000
5268,920.093,10000000
5269,919.428,10000000
5270,919.429,10000000
5271,920.511,10000000
5272,920.819,10000000
5273,920.162,10000000
5274,920.104,10000000
5275,918.519,10000000
5276,918.713,10000000
5277,917.748,10000000
5278,918.671,10000000
5279,918.445,10000000
5280,917.504,10000000
5281,918.196,10000000
5282,918.041,10000000
5283,918.784,10000000
5284,917.889,10000000
5285,918.087,10000000
5286,918.587,10000000
5287,919.094,10000000
5288,919.131,10000000
5289,917.990,10000000
5290,917.874,10000000
5291,917.392,10000000
5292,918.403,10000000
5293,918.395,10000000
5294,918.488,10000000
5295,918.139,10000000
5296,917.223,10000000
5297,917.104,10000000
5298,917.971,10000000
5299,919.490,10000000
5300,919.123,10000000
5301,919.273,10000000
5302,919.508,10000000
5303,918.750,10000000
5304,918.913,10000000
5305,919.500,10000000
5306,919.851,10000000
5307,918.858,10000000
5308,918.515,10000000
5309,916.659,10000000
5310,917.784,10000000
5311,918.785,10000000
5312,918.463,10000000
5313,920.427,10000000
5314,919.995,10000000
5315,919.294,10000000
5316,919.575,10000000
5317,919.619,10000000
5318,919.498,10000000
5319,919.376,10000000
5320,918.281,10000000
5321,918.080,10000000
5322,918.616,10000000
5323,919.852,10000000
5324,919.395,10000000
5325,918.113,10000000
5326,916.900,10000000
5327,916.770,10000000
5328,917.007,10000000
5329,916.918,10000000
5330,916.304,10000000
5331,916.485,10000000
5332,917.444,10000000
5333,917.061,10000000
5334,916.745,10000000
5335,918.556,10000000
5336,917.051,10000000
5337,917.308,10000000
5338,916.733,10000000
5339,916.585,10000000
5340,916.210,10000000
5341,915.445,10000000
5342,915.686,10000000
5343,916.760,10000000
5344,917.538,10000000
5345,917.694,10000000
5346,916.819,10000000
5347,915.902,10000000
5348,916.360,10000000
5349,916.987,10000000
5350,917.751,10000000
5351,916.849,10000000
5352,917.286,10000000
5353,918.247,10000000
5354,917.100,10000000
5355,917.047,10000000
5356,916.220,10000000
5357,916.414,10000000
5358,914.831,10000000
5359,916.270,10000000
5360,916.085,10000000
5361,915.064,10000000
5362,915.327,10000000
5363,914.855,10000000
5364,916.227,10000000
5365,916.072,10000000
5366,916.031,10000000
5367,915.269,10000000
5368,916.036,10000000
5369,915.255,10000000
5370,915.440,10000000
5371,915.383,10000000
5372,916.362,10000000
5373,916.643,10000000
5374,916.391,10000000
5375,915.829,10000000
5376,914.573,10000000
5377,914.798,10000000
5378,915.237,10000000
5379,915.439,10000000
5380,915.112,10000000
5381,914.840,10000000
5382,915.247,10000000
5383,915.702,10000000
5384,915.445,10000000
5385,915.147,10000000
5386,914.091,10000000
5387,914.840,10000000
5388,914.898,10000000
5389,914.312,10000000
5390,914.978,10000000
5391,914.322,10000000
5392,915.132,10000000
5393,914.753,10000000
5394,915.627,10000000
5395,915.602,10000000
5396,916.216,10000000
5397,916.057,10000000
5398,915.326,10000000
5399,914.046,10000000
5400,913.981,10000000
5401,914.696,10000000
5402,915.399,10000000
5403,914.590,10000000
5404,914.679,10000000
5405,915.910,10000000
5406,915.697,10000000
5407,914.609,10000000
5408,913.700,10000000
5409,914.663,10000000
5410,914.883,10000000
5411,913.869,10000000
5412,914.203,10000000
5413,912.622,10000000
5414,913.258,10000000
5415,913.814,10000000
5416,915.118,10000000
5417,914.725,10000000
5418,914.408,10000000
5419,914.193,10000000
5420,914.533,10000000
5421,913.673,10000000
5422,912.606,10000000
5423,913.220,10000000
5424,914.326,10000000
5425,913.581,10000000
5426,914.855,10000000
5427,913.241,10000000
5428,913.936,10000000
5429,912.589,10000000
5430,912.497,10000000
5431,913.863,10000000
5432,914.841,10000000
5433,914.077,10000000
5434,914.012,10000000
5435,913.582,10000000
5436,915.100,10000000
5437,914.257,10000000
5438,913.845,10000000
5439,913.601,10000000
5440,913.619,10000000
5441,914.406,10000000
5442,913.171,10000000
5443,912.903,10000000
5444,912.975,10000000
5445,912.447,10000000
5446,913.470,10000000
5447,913.286,10000000
5448,913.366,10000000
5449,913.620,10000000
5450,914.674,10000000
5451,915.769,10000000
5452,915.541,10000000
5453,913.002,10000000
5454,913.547,10000000
5455,913.116,10000000
5456,913.674,10000000
5457,914.689,10000000
5458,914.504,10000000
5459,914.913,10000000
5460,913.343,10000000
5461,912.962,10000000
5462,912.999,10000000
5463,913.511,10000000
5464,913.549,10000000
5465,913.076,10000000
5466,912.837,10000000
5467,912.461,10000000
5468,912.883,10000000
5469,913.255,10000000
5470,912.516,10000000
5471,911.989,10000000
5472,912.232,10000000
5473,913.330,10000000
5474,912.593,10000000
5475,912.507,10000000
5476,912.710,10000000
5477,913.968,10000000
5478,913.508,10000000
5479,914.178,10000000
5480,913.385,10000000
5481,913.819,10000000
5482,913.977,10000000
5483,912.912,10000000
5484,911.424,10000000
5485,912.339,10000000
5486,911.991,10000000
5487,912.212,10000000
5488,912.268,10000000
5489,911.789,10000000
5490,911.406,10000000
5491,910.648,10000000
5492,911.051,10000000
5493,913.218,10000000
5494,913.020,10000000
5495,911.455,10000000
5496,911.758,10000000
5497,912.316,10000000
5498,912.488,10000000
5499,911.787,10000000
5500,912.158,10000000
5501,911.905,10000000
5502,912.823,10000000
5503,912.577,10000000
5504,913.250,10000000
5505,911.906,10000000
5506,911.439,10000000
5507,911.705,10000000
5508,911.931,10000000
5509,912.058,10000000
5510,910.917,10000000
5511,910.730,10000000
5512,910.665,10000000
5513,911.494,10000000
5514,911.682,10000000
5515,912.413,10000000
5516,911.748,10000000
5517,911.705,10000000
5518,912.085,10000000
5519,912.272,10000000
5520,911.503,10000000
5521,911.167,10000000
5522,912.468,10000000
5523,911.775,10000000
5524,912.652,10000000
5525,911.285,10000000
5526,910.291,10000000
5527,910.291,10000000
5528,911.624,10000000
5529,911.435,10000000
5530,910.873,10000000
5531,910.784,10000000
5532,911.368,10000000
5533,912.110,10000000
5534,912.459,10000000
5535,911.682,10000000
5536,912.516,10000000
5537,911.532,10000000
5538,911.920,10000000
5539,910.772,10000000
5540,910.662,10000000
5541,911.486,10000000
5542,911.774,10000000
5543,912.104,10000000
5544,912.459,10000000
5545,911.519,10000000
5546,912.004,10000000
5547,912.318,10000000
5548,913.111,10000000
5549,912.253,10000000
5550,912.427,10000000
5551,912.336,10000000
5552,911.938,10000000
5553,912.099,10000000
5554,912.033,10000000
5555,911.953,10000000
5556,910.595,10000000
5557,912.102,10000000
5558,911.651,10000000
5559,911.649,10000000
5560,910.919,10000000
5561,910.257,10000000
5562,910.685,10000000
5563,910.833,10000000
5564,910.919,10000000
5565,911.170,10000000
5566,911.412,10000000
5567,909.745,10000000
5568,909.689,10000000
5569,910.981,10000000
5570,911.465,10000000
5571,910.924,10000000
5572,908.823,10000000
5573,909.745,10000000
5574,910.830,10000000
5575,910.589,10000000
5576,910.780,10000000
5577,910.683,10000000
5578,910.063,10000000
5579,911.397,10000000
5580,911.076,10000000
5581,910.029,10000000
5582,910.113,10000000
5583,909.858,10000000
5584,909.666,10000000
5585,911.010,10000000
5586,910.504,10000000
5587,909.890,10000000
5588,908.584,10000000
5589,909.363,10000000
5590,908.951,10000000
5591,908.496,10000000
5592,909.395,10000000
5593,909.442,10000000
5594,909.210,10000000
5595,910.243,10000000
5596,910.348,10000000
5597,909.996,10000000
5598,909.057,10000000
5599,909.252,10000000
5600,910.143,10000000
5601,910.377,10000000
5602,910.387,10000000
5603,909.718,10000000
5604,910.281,10000000
5605,910.169,10000000
5606,909.766,10000000
5607,909.550,10000000
5608,909.910,10000000
5609,909.890,10000000
5610,910.538,10000000
5611,910.607,10000000
5612,910.384,10000000
5613,911.341,10000000
5614,910.517,10000000
5615,910.814,10000000
5616,910.857,10000000
5617,909.674,10000000
5618,909.867,10000000
5619,910.350,10000000
5620,910.331,10000000
5621,910.024,10000000
5622,910.101,10000000
5623,909.486,10000000
5624,909.187,10000000
5625,910.318,10000000
5626,911.168,10000000
5627,909.216,10000000
5628,907.713,10000000
5629,907.639,10000000
5630,908.263,10000000
5631,907.743,10000000
5632,908.688,10000000
5633,908.377,10000000
5634,909.386,10000000
5635,908.268,10000000
5636,907.909,10000000
5637,908.643,10000000
5638,908.646,10000000
5639,907.453,10000000
5640,906.714,10000000
5641,907.172,10000000
5642,907.958,10000000
5643,907.913,10000000
5644,907.559,10000000
5645,908.142,10000000
5646,908.268,10000000
5647,908.403,10000000
5648,908.024,10000000
5649,909.644,10000000
5650,909.457,10000000
5651,909.895,10000000
5652,909.058,10000000
5653,909.013,10000000
5654,909.560,10000000
5655,909.166,10000000
5656,909.555,10000000
5657,908.807,10000000
5658,907.339,10000000
5659,906.742,10000000
5660,907.439,10000000
5661,907.442,10000000
5662,908.844,10000000
5663,907.757,10000000
5664,908.309,10000000
5665,908.931,10000000
5666,909.038,10000000
5667,908.786,10000000
5668,908.826,10000000
5669,908.216,10000000
5670,908.412,10000000
5671,908.264,10000000
5672,908.321,10000000
5673,908.800,10000000
5674,907.366,10000000
5675,906.806,10000000
5676,906.555,10000000
5677,907.432,10000000
5678,907.972,10000000
5679,908.624,10000000
5680,908.434,10000000
5681,909.333,10000000
5682,909.525,10000000
5683,908.090,10000000
5684,907.923,10000000
5685,909.346,10000000
5686,907.548,10000000
5687,908.659,10000000
5688,907.739,10000000
5689,908.062,10000000
5690,907.549,10000000
5691,907.383,10000000
5692,907.204,10000000
5693,907.510,10000000
5694,905.621,10000000
5695,906.214,10000000
5696,905.903,10000000
5697,907.727,10000000
5698,908.688,10000000
5699,907.843,10000000
5700,907.854,10000000
5701,907.356,10000000
5702,908.046,10000000
5703,908.282,10000000
5704,908.800,10000000
5705,907.012,10000000
5706,907.345,10000000
5707,906.641,10000000
5708,907.129,10000000
5709,907.934,10000000
5710,906.912,10000000
5711,905.978,10000000
5712,906.807,10000000
5713,908.126,10000000
5714,906.497,10000000
5715,907.003,10000000
5716,906.797,10000000
5717,906.521,10000000
5718,907.727,10000000
5719,907.111,10000000
5720,906.710,10000000
5721,906.093,10000000
5722,906.087,10000000
5723,905.544,10000000
5724,906.582,10000000
5725,906.884,10000000
5726,906.129,10000000
5727,907.373,10000000
5728,907.810,10000000
5729,908.366,10000000
5730,906.514,10000000
5731,905.294,10000000
5732,907.111,10000000
5733,907.386,10000000
5734,906.922,10000000
5735,906.558,10000000
5736,907.408,10000000
5737,907.289,10000000
5738,907.629,10000000
5739,907.142,10000000
5740,905.420,10000000
5741,906.299,10000000
5742,906.628,10000000
5743,907.976,10000000
5744,907.527,10000000
5745,907.287,10000000
5746,905.035,10000000
5747,905.825,10000000
5748,906.177,10000000
5749,906.896,10000000
5750,907.260,10000000
5751,906.096,10000000
5752,906.559,10000000
5753,905.888,10000000
5754,905.191,10000000
5755,905.832,10000000
5756,906.435,10000000
5757,905.341,10000000
5758,905.091,10000000
5759,905.399,10000000
5760,905.585,10000000
5761,906.373,10000000
5762,907.140,10000000
5763,907.223,10000000
5764,905.767,10000000
5765,907.175,10000000
5766,906.806,10000000
5767,905.854,10000000
5768,905.873,10000000
5769,906.400,10000000
5770,907.551,10000000
5771,906.517,10000000
5772,907.121,10000000
5773,907.164,10000000
5774,906.600,10000000
5775,907.244,10000000
5776,906.148,10000000
5777,904.862,10000000
5778,905.148,10000000
5779,905.788,10000000
5780,906.070,10000000
5781,906.828,10000000
5782,906.324,10000000
5783,904.946,10000000
5784,904.938,10000000
5785,905.865,10000000
5786,905.859,10000000
5787,906.039,10000000
5788,905.845,10000000
5789,905.406,10000000
5790,904.836,10000000
5791,903.737,10000000
5792,903.736,10000000
5793,903.720,10000000
5794,904.858,10000000
5795,905.729,10000000
5796,904.381,10000000
5797,904.694,10000000
5798,905.322,10000000
5799,905.826,10000000
5800,905.955,10000000
5801,905.774,10000000
5802,904.731,10000000
5803,904.866,10000000
5804,905.831,10000000
5805,906.365,10000000
5806,906.268,10000000
5807,905.590,10000000
5808,904.396,10000000
5809,904.278,10000000
5810,905.417,10000000
5811,904.896,10000000
5812,903.915,10000000
5813,904.482,10000000
5814,904.813,10000000
5815,904.193,10000000
5816,906.227,10000000
5817,904.837,10000000
5818,905.047,10000000
5819,905.160,10000000
5820,906.261,10000000
5821,905.495,10000000
5822,906.251,10000000
5823,904.926,10000000
5824,905.113,10000000
5825,904.733,10000000
5826,904.563,10000000
5827,904.114,10000000
5828,904.127,10000000
5829,905.014,10000000
5830,905.479,10000000
5831,906.330,10000000
5832,905.250,10000000
5833,904.908,10000000
5834,905.431,10000000
5835,906.563,10000000
5836,907.119,10000000
5837,905.305,10000000
5838,906.237,10000000
5839,906.072,10000000
5840,905.986,10000000
5841,906.987,10000000
5842,907.065,10000000
5843,905.378,10000000
5844,905.328,10000000
5845,903.937,10000000
5846,905.454,10000000
5847,903.660,10000000
5848,904.439,10000000
5849,905.864,10000000
5850,905.914,10000000
5851,906.190,10000000
5852,906.424,10000000
5853,905.747,10000000
5854,906.678,10000000
5855,906.842,10000000
5856,906.697,10000000
5857,905.841,10000000
5858,905.891,10000000
5859,905.905,10000000
5860,905.803,10000000
5861,906.059,10000000
5862,905.304,10000000
5863,905.225,10000000
5864,905.430,10000000
5865,906.690,10000000
5866,905.705,10000000
5867,906.740,10000000
5868,905.190,10000000
5869,905.945,10000000
5870,906.116,10000000
5871,906.166,10000000
5872,905.595,10000000
5873,903.813,10000000
5874,904.417,10000000
5875,902.744,10000000
5876,903.750,10000000
5877,905.222,10000000
5878,906.070,10000000
5879,905.073,10000000
5880,903.893,10000000
5881,903.673,10000000
5882,905.032,10000000
5883,904.633,10000000
5884,903.071,10000000
5885,903.043,10000000
5886,904.409,10000000
5887,906.874,10000000
5888,905.886,10000000
5889,905.858,10000000
5890,904.640,10000000
5891,904.392,10000000
5892,904.946,10000000
5893,905.843,10000000
5894,905.570,10000000
5895,904.645,10000000
5896,905.097,10000000
5897,904.765,10000000
5898,904.786,10000000
5899,905.819,10000000
5900,904.469,10000000
5901,903.426,10000000
5902,904.236,10000000
5903,905.654,10000000
5904,905.010,10000000
5905,904.028,10000000
5906,905.320,10000000
5907,903.706,10000000
5908,904.626,10000000
5909,903.844,10000000
5910,903.471,10000000
5911,904.187,10000000
5912,903.368,10000000
5913,905.473,10000000
5914,905.350,10000000
5915,904.082,10000000
5916,904.603,10000000
5917,905.268,10000000
5918,905.830,10000000
5919,905.472,10000000
5920,903.872,10000000
5921,905.214,10000000
5922,906.587,10000000
5923,907.461,10000000
5924,905.568,10000000
5925,904.274,10000000
5926,902.770,10000000
5927,902.978,10000000
5928,903.176,10000000
5929,903.736,10000000
5930,902.101,10000000
5931,901.882,10000000
5932,903.589,10000000
5933,901.677,10000000
5934,900.795,10000000
5935,901.742,10000000
5936,902.667,10000000
5937,903.376,10000000
5938,903.301,10000000
5939,902.868,10000000
5940,902.834,10000000
5941,903.843,10000000
5942,904.321,10000000
5943,903.759,10000000
5944,904.524,10000000
5945,903.790,10000000
5946,904.208,10000000
5947,903.204,10000000
5948,904.579,10000000
5949,902.987,10000000
5950,903.255,10000000
5951,902.693,10000000
5952,902.106,10000000
5953,903.852,10000000
5954,904.119,10000000
5955,904.152,10000000
5956,903.680,10000000
5957,902.557,10000000
5958,903.263,10000000
5959,903.223,10000000
5960,903.607,10000000
5961,902.713,10000000
5962,902.748,10000000
5963,903.270,10000000
5964,904.580,10000000
5965,904.664,10000000
5966,904.858,10000000
5967,903.993,10000000
5968,903.896,10000000
5969,903.912,10000000
5970,903.019,10000000
5971,903.120,10000000
5972,902.634,10000000
5973,903.469,10000000
5974,904.390,10000000
5975,903.893,10000000
5976,904.241,10000000
5977,900.683,10000000
5978,901.014,10000000
5979,902.151,10000000
5980,902.341,10000000
5981,901.601,10000000
5982,902.867,10000000
5983,903.221,10000000
5984,901.673,10000000
5985,902.309,10000000
5986,901.003,10000000
5987,901.291,10000000
5988,901.750,10000000
5989,902.155,10000000
5990,901.423,10000000
5991,901.166,10000000
5992,900.996,10000000
5993,899.981,10000000
5994,899.692,10000000
5995,899.941,10000000
5996,900.056,10000000
5997,901.802,10000000
5998,900.489,10000000
5999,901.402,10000000
6000,900.945,10000000
6001,901.691,10000000
6002,902.422,10000000
6003,902.325,10000000
6004,901.919,10000000
6005,902.888,10000000
6006,902.109,10000000
6007,901.992,10000000
6008,902.328,10000000
6009,901.690,10000000
6010,902.592,10000000
6011,902.496,10000000
6012,901.848,10000000
6013,902.942,10000000
6014,904.096,10000000
6015,904.670,10000000
6016,903.479,10000000
6017,903.216,10000000
6018,902.916,10000000
6019,902.975,10000000
6020,902.518,10000000
6021,902.282,10000000
6022,902.288,10000000
6023,901.850,10000000
6024,901.323,10000000
6025,901.771,10000000
6026,901.848,10000000
6027,901.036,10000000
6028,900.180,10000000
6029,899.729,10000000
6030,900.887,10000000
6031,900.392,10000000
6032,900.412,10000000
6033,902.388,10000000
6034,902.530,10000000
6035,901.790,10000000
6036,901.610,10000000
6037,900.354,10000000
6038,901.621,10000000
6039,902.273,10000000
6040,901.572,10000000
6041,901.682,10000000
6042,901.230,10000000
6043,900.851,10000000
6044,900.445,10000000
6045,900.581,10000000
6046,900.710,10000000
6047,901.197,10000000
6048,900.155,10000000
6049,900.072,10000000
6050,900.523,10000000
6051,901.518,10000000
6052,900.986,10000000
6053,900.946,10000000
6054,899.957,10000000
6055,901.118,10000000
6056,899.696,10000000
6057,899.873,10000000
6058,900.404,10000000
6059,900.253,10000000
6060,899.801,10000000
6061,899.624,10000000
6062,898.952,10000000
6063,898.227,10000000
6064,897.440,10000000
6065,899.400,10000000
6066,899.989,10000000
6067,899.726,10000000
6068,899.601,10000000
6069,898.066,10000000
6070,899.049,10000000
6071,900.334,10000000
6072,900.744,10000000
6073,900.763,10000000
6074,899.597,10000000
6075,899.853,10000000
6076,900.341,10000000
6077,900.490,10000000
6078,899.383,10000000
6079,900.569,10000000
6080,901.195,10000000
6081,901.289,10000000
6082,901.526,10000000
6083,901.564,10000000
6084,901.846,10000000
6085,901.616,10000000
6086,901.385,10000000
6087,901.891,10000000
6088,902.423,10000000
6089,901.299,10000000
6090,900.261,10000000
6091,901.065,10000000
6092,901.038,10000000
6093,900.752,10000000
6094,900.677,10000000
6095,899.337,10000000
6096,899.312,10000000
6097,899.471,10000000
6098,900.053,10000000
6099,900.745,10000000
6100,900.423,10000000
6101,901.527,10000000
6102,901.646,10000000
6103,900.375,10000000
6104,900.547,10000000
6105,900.580,10000000
6106,900.858,10000000
6107,901.392,10000000
6108,900.457,10000000
6109,899.529,10000000
6110,899.931,10000000
6111,901.718,10000000
6112,902.088,10000000
6113,902.105,10000000
6114,901.270,10000000
6115,901.640,10000000
6116,901.771,10000000
6117,901.969,10000000
6118,901.524,10000000
6119,902.032,10000000
6120,901.458,10000000
6121,901.656,10000000
6122,901.622,10000000
6123,900.980,10000000
6124,900.005,10000000
6125,900.778,10000000
6126,898.876,10000000
6127,899.698,10000000
6128,900.592,10000000
6129,900.771,10000000
6130,901.056,10000000
6131,901.196,10000000
6132,900.330,10000000
6133,900.830,10000000
6134,900.658,10000000
6135,900.176,10000000
6136,899.577,10000000
6137,900.425,10000000
6138,900.745,10000000
6139,900.098,10000000
6140,898.257,10000000
6141,899.162,10000000
6142,899.946,10000000
6143,900.945,10000000
6144,900.930,10000000
6145,899.808,10000000
6146,899.002,10000000
6147,900.169,10000000
6148,898.859,10000000
6149,898.718,10000000
6150,899.580,10000000
6151,898.767,10000000
6152,899.431,10000000
6153,901.522,10000000
6154,900.023,10000000
6155,899.850,10000000
6156,899.306,10000000
6157,899.182,10000000
6158,900.306,10000000
6159,900.111,10000000
6160,897.876,10000000
6161,898.458,10000000
6162,899.139,10000000
6163,899.683,10000000
6164,900.360,10000000
6165,899.389,10000000
6166,898.542,10000000
6167,898.939,10000000
6168,900.066,10000000
6169,898.070,10000000
6170,898.763,10000000
6171,898.792,10000000
6172,899.238,10000000
6173,898.644,10000000
6174,899.464,10000000
6175,899.027,10000000
6176,898.812,10000000
6177,898.451,10000000
6178,899.152,10000000
6179,899.608,10000000
6180,897.788,10000000
6181,899.057,10000000
6182,898.520,10000000
6183,899.442,10000000
6184,898.625,10000000
6185,899.469,10000000
6186,898.911,10000000
6187,899.189,10000000
6188,899.638,10000000
6189,901.015,10000000
6190,900.015,10000000
6191,899.517,10000000
6192,898.320,10000000
6193,898.810,10000000
6194,900.017,10000000
6195,899.125,10000000
6196,898.809,10000000
6197,898.812,10000000
6198,897.894,10000000
6199,900.516,10000000
6200,900.315,10000000
6201,899.679,10000000
6202,897.602,10000000
6203,898.211,10000000
6204,899.246,10000000
6205,899.566,10000000
6206,899.970,10000000
6207,898.459,10000000
6208,897.493,10000000
6209,897.664,10000000
6210,897.737,10000000
6211,897.522,10000000
6212,896.913,10000000
6213,896.792,10000000
6214,897.649,10000000
6215,897.510,10000000
6216,897.883,10000000
6217,898.987,10000000
6218,898.664,10000000
6219,899.036,10000000
6220,898.982,10000000
6221,898.552,10000000
6222,897.009,10000000
6223,897.575,10000000
6224,897.011,10000000
6225,897.041,10000000
6226,896.821,10000000
6227,896.421,10000000
6228,896.160,10000000
6229,897.991,10000000
6230,897.839,10000000
6231,898.446,10000000
6232,898.867,10000000
6233,898.174,10000000
6234,899.255,10000000
6235,900.056,10000000
6236,900.467,10000000
6237,898.794,10000000
6238,895.534,10000000
6239,906.152,10000000
6240,910.983,10000000
6241,913.965,10000000
6242,910.710,10000000
6243,895.816,10000000
6244,899.699,10000000
6245,909.396,10000000
6246,912.602,10000000
6247,914.436,10000000
6248,913.791,10000000
6249,913.781,10000000
6250,914.659,10000000
6251,921.046,10000000
6252,921.522,10000000
6253,922.538,10000000
6254,922.578,10000000
6255,923.070,10000000
6256,922.784,10000000
6257,922.330,10000000
6258,921.288,10000000
6259,919.974,10000000
6260,921.636,10000000
6261,922.883,10000000
6262,922.564,10000000
6263,921.889,10000000
6264,923.111,10000000
6265,922.687,10000000
6266,923.997,10000000
6267,923.407,10000000
6268,923.688,10000000
6269,922.533,10000000
6270,922.779,10000000
6271,923.302,10000000
6272,922.851,10000000
6273,921.883,10000000
6274,921.133,10000000
6275,921.545,10000000
6276,921.946,10000000
6277,921.204,10000000
6278,920.878,10000000
6279,920.655,10000000
6280,920.943,10000000
6281,921.176,10000000
6282,921.031,10000000
6283,921.245,10000000
6284,920.840,10000000
6285,920.702,10000000
6286,921.220,10000000
6287,920.971,10000000
6288,920.114,10000000
6289,921.498,10000000
6290,921.383,10000000
6291,921.956,10000000
6292,921.012,10000000
6293,919.747,10000000
6294,919.668,10000000
6295,919.724,10000000
6296,921.071,10000000
6297,920.866,10000000
6298,921.238,10000000
6299,920.977,10000000
6300,921.010,10000000
6301,922.080,10000000
6302,922.744,10000000
6303,922.014,10000000
6304,921.513,10000000
6305,920.187,10000000
6306,919.963,10000000
6307,921.576,10000000
6308,920.927,10000000
6309,920.426,10000000
6310,920.289,10000000
6311,919.728,10000000
6312,921.412,10000000
6313,920.829,10000000
6314,920.529,10000000
6315,919.067,10000000
6316,920.201,10000000
6317,919.741,10000000
6318,919.135,10000000
6319,919.854,10000000
6320,920.648,10000000
6321,920.922,10000000
6322,920.297,10000000
6323,920.269,10000000
6324,919.154,10000000
6325,918.895,10000000
6326,918.129,10000000
6327,919.058,10000000
6328,920.215,10000000
6329,919.737,10000000
6330,919.837,10000000
6331,920.639,10000000
6332,922.382,10000000
6333,921.138,10000000
6334,920.659,10000000
6335,921.046,10000000
6336,919.944,10000000
6337,920.582,10000000
6338,919.719,10000000
6339,920.097,10000000
6340,920.357,10000000
6341,919.461,10000000
6342,919.285,10000000
6343,920.180,10000000
6344,920.380,10000000
6345,919.397,10000000
6346,920.174,10000000
6347,920.624,10000000
6348,919.989,10000000
6349,920.264,10000000
6350,919.846,10000000
6351,920.879,10000000
6352,920.482,10000000
6353,920.027,10000000
6354,921.022,10000000
6355,919.839,10000000
6356,918.590,10000000
6357,918.629,10000000
6358,920.078,10000000
6359,919.057,10000000
6360,918.502,10000000
6361,918.538,10000000
6362,919.773,10000000
6363,920.363,10000000
6364,919.673,10000000
6365,919.449,10000000
6366,919.310,10000000
6367,918.819,10000000
6368,919.362,10000000
6369,918.945,10000000
6370,917.888,10000000
6371,917.943,10000000
6372,918.935,10000000
6373,919.212,10000000
6374,919.597,10000000
6375,919.293,10000000
6376,917.453,10000000
6377,916.736,10000000
6378,917.959,10000000
6379,917.189,10000000
6380,917.165,10000000
6381,917.235,10000000
6382,917.650,10000000
6383,916.516,10000000
6384,918.029,10000000
6385,917.594,10000000
6386,918.123,10000000
6387,918.372,10000000
6388,918.643,10000000
6389,918.161,10000000
6390,918.013,10000000
6391,917.905,10000000
6392,917.732,10000000
6393,918.526,10000000
6394,919.222,10000000
6395,918.571,10000000
6396,918.438,10000000
6397,918.099,10000000
6398,918.521,10000000
6399,918.281,10000000
6400,917.638,10000000
6401,917.130,10000000
6402,918.653,10000000
6403,918.926,10000000
6404,918.342,10000000
6405,918.756,10000000
6406,917.168,10000000
6407,916.921,10000000
6408,915.664,10000000
6409,916.846,10000000
6410,916.504,10000000
6411,915.875,10000000
6412,915.870,10000000
6413,917.210,10000000
6414,917.541,10000000
6415,917.989,10000000
6416,917.642,10000000
6417,917.780,10000000
6418,917.820,10000000
6419,918.759,10000000
6420,917.827,10000000
6421,916.710,10000000
6422,916.295,10000000
6423,917.139,10000000
6424,917.358,10000000
6425,918.137,10000000
6426,917.840,10000000
6427,918.374,10000000
6428,916.375,10000000
6429,917.197,10000000
6430,917.605,10000000
6431,917.705,10000000
6432,915.976,10000000
6433,917.105,10000000
6434,917.315,10000000
6435,917.434,10000000
6436,916.501,10000000
6437,916.257,10000000
6438,915.661,10000000
6439,916.593,10000000
6440,916.578,10000000
6441,916.954,10000000
6442,917.839,10000000
6443,917.942,10000000
6444,917.655,10000000
6445,917.399,10000000
6446,916.746,10000000
6447,916.198,10000000
6448,916.101,10000000
6449,915.883,10000000
6450,916.754,10000000
6451,917.181,10000000
6452,916.900,10000000
6453,916.588,10000000
6454,915.480,10000000
6455,916.323,10000000
6456,918.092,10000000
6457,916.434,10000000
6458,916.774,10000000
6459,915.520,10000000
6460,916.859,10000000
6461,915.697,10000000
6462,914.755,10000000
6463,914.789,10000000
6464,914.959,10000000
6465,915.935,10000000
6466,917.479,10000000
6467,917.291,10000000
6468,916.262,10000000
6469,917.396,10000000
6470,917.220,10000000
6471,917.955,10000000
6472,916.964,10000000
6473,917.157,10000000
6474,917.036,10000000
6475,916.091,10000000
6476,915.152,10000000
6477,915.421,10000000
6478,916.449,10000000
6479,916.044,10000000
6480,916.946,10000000
6481,917.676,10000000
6482,917.053,10000000
6483,917.098,10000000
6484,917.486,10000000
6485,917.679,10000000
6486,917.910,10000000
6487,918.147,10000000
6488,917.500,10000000
6489,917.026,10000000
6490,917.198,10000000
6491,917.030,10000000
6492,917.024,10000000
6493,915.701,10000000
6494,916.539,10000000
6495,917.015,10000000
6496,917.773,10000000
6497,917.971,10000000
6498,916.675,10000000
6499,916.260,10000000
6500,916.723,10000000
6501,916.964,10000000
6502,916.864,10000000
6503,914.798,10000000
6504,914.394,10000000
6505,915.379,10000000
6506,916.124,10000000
6507,916.560,10000000
6508,915.117,10000000
6509,914.414,10000000
6510,915.614,10000000
6511,915.615,10000000
6512,915.396,10000000
6513,915.637,10000000
6514,915.212,10000000
6515,915.333,10000000
6516,915.103,10000000
6517,916.040,10000000
6518,915.867,10000000
6519,916.118,10000000
6520,914.225,10000000
6521,914.367,10000000
6522,914.389,10000000
6523,913.860,10000000
6524,913.884,10000000
6525,914.254,10000000
6526,914.238,10000000
6527,914.366,10000000
6528,913.790,10000000
6529,914.707,10000000
6530,913.838,10000000
6531,915.330,10000000
6532,916.171,10000000
6533,914.628,10000000
6534,913.640,10000000
6535,914.731,10000000
6536,915.450,10000000
6537,915.309,10000000
6538,914.541,10000000
6539,914.264,10000000
6540,914.574,10000000
6541,914.664,10000000
6542,914.053,10000000
6543,914.995,10000000
6544,914.457,10000000
6545,914.603,10000000
6546,913.604,10000000
6547,914.599,10000000
6548,914.659,10000000
6549,913.108,10000000
6550,914.088,10000000
6551,914.058,10000000
6552,915.198,10000000
6553,914.224,10000000
6554,913.505,10000000
6555,913.363,10000000
6556,913.656,10000000
6557,914.546,10000000
6558,913.837,10000000
6559,913.798,10000000
6560,913.447,10000000
6561,912.661,10000000
6562,913.594,10000000
6563,914.556,10000000
6564,914.766,10000000
6565,912.926,10000000
6566,914.193,10000000
6567,913.189,10000000
6568,913.232,10000000
6569,913.395,10000000
6570,912.244,10000000
6571,911.671,10000000
6572,913.150,10000000
6573,914.621,10000000
6574,913.338,10000000
6575,912.529,10000000
6576,912.183,10000000
6577,912.078,10000000
6578,912.814,10000000
6579,914.731,10000000
6580,913.552,10000000
6581,912.601,10000000
6582,913.617,10000000
6583,913.365,10000000
6584,914.049,10000000
6585,913.499,10000000
6586,913.223,10000000
6587,914.072,10000000
6588,914.758,10000000
6589,913.988,10000000
6590,914.225,10000000
6591,914.146,10000000
6592,912.600,10000000
6593,911.949,10000000
6594,913.076,10000000
6595,913.230,10000000
6596,913.133,10000000
6597,913.615,10000000
6598,913.129,10000000
6599,914.204,10000000
6600,913.395,10000000
6601,913.941,10000000
6602,913.490,10000000
6603,914.217,10000000
6604,915.208,10000000
6605,913.712,10000000
6606,913.286,10000000
6607,913.723,10000000
6608,914.892,10000000
6609,913.705,10000000
6610,913.367,10000000
6611,912.587,10000000
6612,912.440,10000000
6613,911.871,10000000
6614,913.081,10000000
6615,912.240,10000000
6616,913.020,10000000
6617,912.023,10000000
6618,913.540,10000000
6619,913.711,10000000
6620,914.309,10000000
6621,913.380,10000000
6622,912.601,10000000
6623,912.383,10000000
6624,912.902,10000000
6625,911.995,10000000
6626,911.812,10000000
6627,912.033,10000000
6628,911.225,10000000
6629,910.903,10000000
6630,913.045,10000000
6631,912.407,10000000
6632,912.006,10000000
6633,913.152,10000000
6634,912.960,10000000
6635,912.484,10000000
6636,911.614,10000000
6637,911.177,10000000
6638,911.391,10000000
6639,911.848,10000000
6640,911.342,10000000
6641,912.038,10000000
6642,911.258,10000000
6643,911.184,10000000
6644,912.445,10000000
6645,913.084,10000000
6646,911.914,10000000
6647,911.388,10000000
6648,911.459,10000000
6649,911.820,10000000
6650,911.953,10000000
6651,912.349,10000000
6652,911.283,10000000
6653,910.486,10000000
6654,911.928,10000000
6655,911.279,10000000
6656,911.816,10000000
6657,912.430,10000000
6658,910.012,10000000
6659,911.545,10000000
6660,912.497,10000000
6661,913.879,10000000
6662,913.710,10000000
6663,912.386,10000000
6664,911.368,10000000
6665,911.687,10000000
6666,912.440,10000000
6667,912.625,10000000
6668,910.887,10000000
6669,911.840,10000000
6670,911.271,10000000
6671,910.999,10000000
6672,910.713,10000000
6673,909.676,10000000
6674,910.080,10000000
6675,910.537,10000000
6676,911.146,10000000
6677,910.472,10000000
6678,910.184,10000000
6679,910.339,10000000
6680,909.759,10000000
6681,909.541,10000000
6682,910.173,10000000
6683,910.615,10000000
6684,909.941,10000000
6685,910.528,10000000
6686,910.787,10000000
6687,909.619,10000000
6688,909.172,10000000
6689,909.694,10000000
6690,910.432,10000000
6691,909.425,10000000
6692,908.293,10000000
6693,909.888,10000000
6694,909.615,10000000
6695,909.835,10000000
6696,910.259,10000000
6697,910.493,10000000
6698,910.353,10000000
6699,910.163,10000000
6700,911.058,10000000
6701,911.513,10000000
6702,911.632,10000000
6703,911.068,10000000
6704,909.393,10000000
6705,909.327,10000000
6706,909.249,10000000
6707,908.882,10000000
6708,909.489,10000000
6709,909.170,10000000
6710,909.542,10000000
6711,908.435,10000000
6712,908.767,10000000
6713,908.344,10000000
6714,908.560,10000000
6715,909.240,10000000
6716,910.855,10000000
6717,909.201,10000000
6718,910.057,10000000
6719,910.787,10000000
6720,909.761,10000000
6721,909.209,10000000
6722,908.284,10000000
6723,909.999,10000000
6724,908.933,10000000
6725,908.741,10000000
6726,908.846,10000000
6727,908.724,10000000
6728,908.295,10000000
6729,907.401,10000000
6730,908.339,10000000
6731,908.786,10000000
6732,910.088,10000000
6733,909.842,10000000
6734,908.850,10000000
6735,908.468,10000000
6736,908.417,10000000
6737,909.353,10000000
6738,909.521,10000000
6739,907.376,10000000
6740,907.793,10000000
6741,906.884,10000000
6742,908.351,10000000
6743,908.192,10000000
6744,908.031,10000000
6745,907.446,10000000
6746,907.909,10000000
6747,908.531,10000000
6748,909.222,10000000
6749,910.259,10000000
6750,909.815,10000000
6751,909.718,10000000
6752,909.368,10000000
6753,908.711,10000000
6754,909.117,10000000
6755,909.826,10000000
6756,909.250,10000000
6757,909.430,10000000
6758,909.436,10000000
6759,908.798,10000000
6760,907.684,10000000
6761,907.034,10000000
6762,907.847,10000000
6763,908.637,10000000
6764,907.683,10000000
6765,907.501,10000000
6766,907.479,10000000
6767,908.209,10000000
6768,908.955,10000000
6769,907.360,10000000
6770,908.068,10000000
6771,908.213,10000000
6772,908.753,10000000
6773,909.249,10000000
6774,909.500,10000000
6775,909.275,10000000
6776,907.808,10000000
6777,907.971,10000000
6778,907.865,10000000
6779,909.112,10000000
6780,908.473,10000000
6781,909.045,10000000
6782,909.191,10000000
6783,910.584,10000000
6784,908.692,10000000
6785,907.967,10000000
6786,909.251,10000000
6787,907.654,10000000
6788,907.266,10000000
6789,906.639,10000000
6790,906.228,10000000
6791,906.026,10000000
6792,906.586,10000000
6793,906.548,10000000
6794,906.634,10000000
6795,905.725,10000000
6796,904.558,10000000
6797,904.662,10000000
6798,905.574,10000000
6799,907.099,10000000
6800,906.104,10000000
6801,906.792,10000000
6802,906.346,10000000
6803,906.428,10000000
6804,907.208,10000000
6805,905.969,10000000
6806,904.776,10000000
6807,905.272,10000000
6808,907.105,10000000
6809,906.491,10000000
6810,905.961,10000000
6811,906.081,10000000
6812,904.871,10000000
6813,905.838,10000000
6814,906.350,10000000
6815,906.387,10000000
6816,906.319,10000000
6817,907.222,10000000
6818,907.152,10000000
6819,908.138,10000000
6820,907.513,10000000
6821,906.550,10000000
6822,906.324,10000000
6823,906.437,10000000
6824,906.901,10000000
6825,907.995,10000000
6826,907.620,10000000
6827,905.978,10000000
6828,904.778,10000000
6829,905.081,10000000
6830,906.238,10000000
6831,906.161,10000000
6832,906.239,10000000
6833,907.493,10000000
6834,908.820,10000000
6835,907.385,10000000
6836,907.255,10000000
6837,907.970,10000000
6838,908.393,10000000
6839,908.190,10000000
6840,907.931,10000000
6841,906.942,10000000
6842,907.076,10000000
6843,907.888,10000000
6844,908.304,10000000
6845,908.380,10000000
6846,907.594,10000000
6847,906.537,10000000
6848,906.130,10000000
6849,906.728,10000000
6850,906.640,10000000
6851,905.871,10000000
6852,905.243,10000000
6853,904.859,10000000
6854,904.757,10000000
6855,905.744,10000000
6856,905.239,10000000
6857,905.487,10000000
6858,905.234,10000000
6859,905.530,10000000
6860,904.809,10000000
6861,905.781,10000000
6862,906.831,10000000
6863,906.854,10000000
6864,906.705,10000000
6865,906.897,10000000
6866,906.994,10000000
6867,907.785,10000000
6868,906.381,10000000
6869,907.903,10000000
6870,908.816,10000000
6871,907.339,10000000
6872,906.906,10000000
6873,905.694,10000000
6874,905.966,10000000
6875,906.682,10000000
6876,905.838,10000000
6877,903.969,10000000
6878,903.700,10000000
6879,905.159,10000000
6880,905.152,10000000
6881,904.592,10000000
6882,904.522,10000000
6883,903.478,10000000
6884,903.351,10000000
6885,903.205,10000000
6886,905.252,10000000
6887,905.928,10000000
6888,905.742,10000000
6889,906.224,10000000
6890,906.770,10000000
6891,906.067,10000000
6892,906.105,10000000
6893,905.374,10000000
6894,905.123,10000000
6895,905.563,10000000
6896,906.697,10000000
6897,906.018,10000000
6898,905.601,10000000
6899,906.009,10000000
6900,906.466,10000000
6901,905.343,10000000
6902,905.515,10000000
6903,904.859,10000000
6904,905.676,10000000
6905,906.526,10000000
6906,907.225,10000000
6907,905.443,10000000
6908,906.455,10000000
6909,906.022,10000000
6910,904.843,10000000
6911,904.889,10000000
6912,906.209,10000000
6913,905.674,10000000
6914,905.915,10000000
6915,906.809,10000000
6916,907.478,10000000
6917,907.502,10000000
6918,906.242,10000000
6919,906.694,10000000
6920,906.778,10000000
6921,907.712,10000000
6922,906.709,10000000
6923,904.886,10000000
6924,905.274,10000000
6925,906.045,10000000
6926,906.413,10000000
6927,905.643,10000000
6928,904.734,10000000
6929,904.884,10000000
6930,905.398,10000000
6931,905.903,10000000
6932,905.676,10000000
6933,905.525,10000000
6934,905.583,10000000
6935,904.526,10000000
6936,906.393,10000000
6937,906.860,10000000
6938,905.731,10000000
6939,905.247,10000000
6940,904.426,10000000
6941,903.598,10000000
6942,903.086,10000000
6943,903.553,10000000
6944,903.440,10000000
6945,902.249,10000000
6946,904.241,10000000
6947,903.826,10000000
6948,905.320,10000000
6949,905.738,10000000
6950,904.969,10000000
6951,904.607,10000000
6952,905.562,10000000
6953,905.692,10000000
6954,905.428,10000000
6955,904.100,10000000
6956,904.261,10000000
6957,904.002,10000000
6958,903.090,10000000
6959,903.856,10000000
6960,903.472,10000000
6961,903.359,10000000
6962,904.091,10000000
6963,904.419,10000000
6964,905.789,10000000
6965,905.064,10000000
6966,904.341,10000000
6967,904.842,10000000
6968,905.624,10000000
6969,904.097,10000000
6970,903.954,10000000
6971,905.632,10000000
6972,904.672,10000000
6973,904.977,10000000
6974,903.995,10000000
6975,903.492,10000000
6976,904.339,10000000
6977,904.216,10000000
6978,904.148,10000000
6979,904.719,10000000
6980,904.251,10000000
6981,903.754,10000000
6982,905.470,10000000
6983,905.361,10000000
6984,904.861,10000000
6985,905.008,10000000
6986,904.499,10000000
6987,905.709,10000000
6988,904.933,10000000
6989,904.831,10000000
6990,904.217,10000000
6991,905.064,10000000
6992,905.498,10000000
6993,905.285,10000000
6994,904.779,10000000
6995,904.980,10000000
6996,905.047,10000000
6997,904.095,10000000
6998,905.025,10000000
6999,905.554,10000000
7000,905.091,10000000
7001,904.184,10000000
7002,905.254,10000000
7003,906.396,10000000
7004,906.558,10000000
7005,904.365,10000000
7006,904.102,10000000
7007,902.632,10000000
7008,903.327,10000000
7009,903.187,10000000
7010,903.467,10000000
7011,904.249,10000000
7012,904.499,10000000
7013,904.104,10000000
7014,903.837,10000000
7015,902.665,10000000
7016,902.851,10000000
7017,902.995,10000000
7018,903.235,10000000
7019,904.120,10000000
7020,903.946,10000000
7021,902.845,10000000
7022,902.208,10000000
7023,902.236,10000000
7024,904.271,10000000
7025,903.705,10000000
7026,901.794,10000000
7027,902.465,10000000
7028,904.318,10000000
7029,903.683,10000000
7030,904.517,10000000
7031,903.065,10000000
7032,903.567,10000000
7033,904.480,10000000
7034,904.211,10000000
7035,903.246,10000000
7036,903.243,10000000
7037,901.815,10000000
7038,901.596,10000000
7039,901.789,10000000
7040,902.768,10000000
7041,902.261,10000000
7042,901.316,10000000
7043,901.629,10000000
7044,902.000,10000000
7045,902.353,10000000
7046,902.191,10000000
7047,902.696,10000000
7048,903.192,10000000
7049,902.611,10000000
7050,902.514,10000000
7051,902.411,10000000
7052,902.512,10000000
7053,902.533,10000000
7054,902.709,10000000
7055,902.743,10000000
7056,902.255,10000000
7057,902.061,10000000
7058,901.218,10000000
7059,901.089,10000000
7060,901.367,10000000
7061,900.535,10000000
7062,902.424,10000000
7063,901.727,10000000
7064,901.530,10000000
7065,902.842,10000000
7066,902.912,10000000
7067,903.934,10000000
7068,902.863,10000000
7069,902.322,10000000
7070,903.519,10000000
7071,902.822,10000000
7072,901.886,10000000
7073,901.812,10000000
7074,901.786,10000000
7075,902.623,10000000
7076,901.316,10000000
7077,902.039,10000000
7078,901.524,10000000
7079,902.806,10000000
7080,903.261,10000000
7081,902.861,10000000
7082,902.929,10000000
7083,902.104,10000000
7084,902.601,10000000
7085,901.034,10000000
7086,901.009,10000000
7087,900.583,10000000
7088,902.044,10000000
7089,902.055,10000000
7090,902.164,10000000
7091,900.887,10000000
7092,900.859,10000000
7093,900.628,10000000
7094,902.023,10000000
7095,901.449,10000000
7096,901.970,10000000
7097,900.604,10000000
7098,901.746,10000000
7099,901.202,10000000
7100,902.641,10000000
7101,902.356,10000000
7102,901.492,10000000
7103,900.440,10000000
7104,899.803,10000000
7105,900.685,10000000
7106,900.886,10000000
7107,901.240,10000000
7108,900.966,10000000
7109,900.146,10000000
7110,900.430,10000000
7111,900.942,10000000
7112,901.243,10000000
7113,901.582,10000000
7114,901.287,10000000
7115,901.873,10000000
7116,902.734,10000000
7117,902.390,10000000
7118,901.938,10000000
7119,902.435,10000000
7120,901.833,10000000
7121,902.810,10000000
7122,901.286,10000000
7123,900.397,10000000
7124,900.781,10000000
7125,901.273,10000000
7126,900.491,10000000
7127,901.091,10000000
7128,900.927,10000000
7129,900.425,10000000
7130,900.930,10000000
7131,901.566,10000000
7132,902.249,10000000
7133,901.773,10000000
7134,900.699,10000000
7135,901.235,10000000
7136,901.700,10000000
7137,901.456,10000000
7138,901.155,10000000
7139,899.890,10000000
7140,899.082,10000000
7141,899.618,10000000
7142,901.239,10000000
7143,900.474,10000000
7144,900.540,10000000
7145,901.259,10000000
7146,900.046,10000000
7147,900.784,10000000
7148,900.519,10000000
7149,900.992,10000000
7150,899.673,10000000
7151,901.812,10000000
7152,902.115,10000000
7153,901.130,10000000
7154,900.913,10000000
7155,900.500,10000000
7156,901.250,10000000
7157,900.343,10000000
7158,899.887,10000000
7159,899.403,10000000
7160,900.653,10000000
7161,900.537,10000000
7162,900.044,10000000
7163,900.181,10000000
7164,900.589,10000000
7165,901.792,10000000
7166,902.057,10000000
7167,900.918,10000000
7168,901.465,10000000
7169,900.199,10000000
7170,901.407,10000000
7171,902.521,10000000
7172,902.287,10000000
7173,901.564,10000000
7174,900.299,10000000
7175,898.703,10000000
7176,899.675,10000000
7177,899.523,10000000
7178,900.194,10000000
7179,899.174,10000000
7180,900.287,10000000
7181,900.479,10000000
7182,900.904,10000000
7183,901.650,10000000
7184,901.140,10000000
7185,900.321,10000000
7186,900.691,10000000
7187,899.652,10000000
7188,899.346,10000000
7189,898.972,10000000
7190,898.409,10000000
7191,898.407,10000000
7192,899.582,10000000
7193,898.545,10000000
7194,897.805,10000000
7195,899.078,10000000
7196,897.919,10000000
7197,899.199,10000000
7198,900.037,10000000
7199,900.261,10000000
7200,899.512,10000000
7201,898.749,10000000
7202,897.873,10000000
7203,898.548,10000000
7204,899.948,10000000
7205,899.806,10000000
7206,900.300,10000000
7207,900.209,10000000
7208,900.552,10000000
7209,899.732,10000000
7210,899.664,10000000
7211,899.454,10000000
7212,899.372,10000000
7213,900.330,10000000
7214,900.150,10000000
7215,899.405,10000000
7216,899.252,10000000
7217,899.535,10000000
7218,898.144,10000000
7219,898.963,10000000
7220,898.769,10000000
7221,898.261,10000000
7222,899.842,10000000
7223,899.661,10000000
7224,900.154,10000000
7225,898.649,10000000
7226,898.545,10000000
7227,899.715,10000000
7228,899.923,10000000
7229,899.454,10000000
7230,905.947,10000000
7231,913.235,10000000
7232,917.463,10000000
7233,918.168,10000000
7234,901.951,10000000
7235,899.323,10000000
7236,909.432,10000000
7237,913.001,10000000
7238,915.382,10000000
7239,916.163,10000000
7240,916.120,10000000
7241,916.787,10000000
7242,921.337,10000000
7243,923.968,10000000
7244,924.350,10000000
7245,924.665,10000000
7246,923.517,10000000
7247,923.823,10000000
7248,923.844,10000000
7249,924.476,10000000
7250,923.855,10000000
7251,924.686,10000000
7252,923.276,10000000
7253,923.655,10000000
7254,923.252,10000000
7255,924.615,10000000
7256,923.891,10000000
7257,923.053,10000000
7258,922.030,10000000
7259,921.412,10000000
7260,922.500,10000000
7261,922.686,10000000
7262,922.072,10000000
7263,921.314,10000000
7264,922.454,10000000
7265,922.712,10000000
7266,921.448,10000000
7267,921.441,10000000
7268,922.044,10000000
7269,924.048,10000000
7270,922.414,10000000
7271,921.847,10000000
7272,921.393,10000000
7273,921.429,10000000
7274,922.529,10000000
7275,922.065,10000000
7276,923.158,10000000
7277,922.146,10000000
7278,922.277,10000000
7279,922.912,10000000
7280,922.084,10000000
7281,922.814,10000000
7282,921.768,10000000
7283,922.069,10000000
7284,921.689,10000000
7285,921.190,10000000
7286,922.002,10000000
7287,922.417,10000000
7288,921.569,10000000
7289,921.756,10000000
7290,921.557,10000000
7291,921.681,10000000
7292,921.210,10000000
7293,920.634,10000000
7294,920.318,10000000
7295,920.080,10000000
7296,921.168,10000000
7297,921.873,10000000
7298,921.523,10000000
7299,921.969,10000000
7300,921.839,10000000
7301,921.787,10000000
7302,921.574,10000000
7303,921.391,10000000
7304,921.511,10000000
7305,921.842,10000000
7306,921.994,10000000
7307,921.256,10000000
7308,920.140,10000000
7309,921.026,10000000
7310,920.787,10000000
7311,920.865,10000000
7312,921.298,10000000
7313,921.645,10000000
7314,921.676,10000000
7315,921.748,10000000
7316,921.828,10000000
7317,921.643,10000000
7318,921.086,10000000
7319,921.411,10000000
7320,920.816,10000000
7321,921.168,10000000
7322,920.333,10000000
7323,920.363,10000000
7324,920.406,10000000
7325,920.156,10000000
7326,921.200,10000000
7327,920.193,10000000
7328,919.303,10000000
7329,919.921,10000000
7330,919.982,10000000
7331,920.049,10000000
7332,919.489,10000000
7333,921.266,10000000
7334,920.671,10000000
7335,921.051,10000000
7336,922.488,10000000
7337,921.258,10000000
7338,921.145,10000000
7339,920.839,10000000
7340,921.764,10000000
7341,920.769,10000000
7342,919.459,10000000
7343,919.082,10000000
7344,919.252,10000000
7345,920.304,10000000
7346,920.044,10000000
7347,919.510,10000000
7348,920.095,10000000
7349,919.904,10000000
7350,920.090,10000000
7351,921.350,10000000
7352,920.492,10000000
7353,919.780,10000000
7354,920.415,10000000
7355,920.781,10000000
7356,920.223,10000000
7357,920.673,10000000
7358,919.527,10000000
7359,919.572,10000000
7360,919.441,10000000
7361,917.064,10000000
7362,917.657,10000000
7363,917.832,10000000
7364,917.547,10000000
7365,918.465,10000000
7366,919.826,10000000
7367,920.258,10000000
7368,919.382,10000000
7369,918.542,10000000
7370,919.180,10000000
7371,919.503,10000000
7372,918.644,10000000
7373,918.799,10000000
7374,918.317,10000000
7375,918.502,10000000
7376,919.098,10000000
7377,918.490,10000000
7378,918.101,10000000
7379,918.672,10000000
7380,918.707,10000000
7381,919.841,10000000
7382,919.116,10000000
7383,918.725,10000000
7384,918.872,10000000
7385,919.560,10000000
7386,919.119,10000000
7387,917.872,10000000
7388,919.225,10000000
7389,917.013,10000000
7390,917.007,10000000
7391,916.676,10000000
7392,917.245,10000000
7393,919.129,10000000
7394,917.893,10000000
7395,917.382,10000000
7396,918.259,10000000
7397,918.908,10000000
7398,919.361,10000000
7399,917.793,10000000
7400,916.935,10000000
7401,917.966,10000000
7402,918.505,10000000
7403,919.109,10000000
7404,918.648,10000000
7405,918.895,10000000
7406,919.776,10000000
7407,919.427,10000000
7408,919.591,10000000
7409,917.541,10000000
7410,917.280,10000000
7411,917.443,10000000
7412,917.880,10000000
7413,918.338,10000000
7414,918.635,10000000
7415,917.473,10000000
7416,918.396,10000000
7417,918.389,10000000
7418,918.372,10000000
7419,918.514,10000000
7420,917.738,10000000
7421,917.661,10000000
7422,917.887,10000000
7423,918.225,10000000
7424,917.339,10000000
7425,916.475,10000000
7426,916.729,10000000
7427,916.847,10000000
7428,918.162,10000000
7429,918.510,10000000
7430,917.203,10000000
7431,917.974,10000000
7432,917.670,10000000
7433,916.901,10000000
7434,917.658,10000000
7435,918.198,10000000
7436,917.101,10000000
7437,917.690,10000000
7438,917.920,10000000
7439,918.240,10000000
7440,916.990,10000000
7441,916.715,10000000
7442,916.716,10000000
7443,917.139,10000000
7444,916.198,10000000
7445,916.852,10000000
7446,917.646,10000000
7447,916.552,10000000
7448,918.059,10000000
7449,918.092,10000000
7450,916.890,10000000
7451,916.860,10000000
7452,917.776,10000000
7453,918.384,10000000
7454,918.606,10000000
7455,917.280,10000000
7456,917.373,10000000
7457,916.529,10000000
7458,915.469,10000000
7459,915.449,10000000
7460,915.861,10000000
7461,914.628,10000000
7462,915.770,10000000
7463,915.927,10000000
7464,916.703,10000000
7465,916.645,10000000
7466,916.473,10000000
7467,916.850,10000000
7468,915.965,10000000
7469,914.884,10000000
7470,916.848,10000000
7471,917.093,10000000
7472,917.300,10000000
7473,917.433,10000000
7474,918.391,10000000
7475,918.424,10000000
7476,917.806,10000000
7477,916.492,10000000
7478,916.927,10000000
7479,916.932,10000000
7480,916.703,10000000
7481,916.468,10000000
7482,917.961,10000000
7483,918.081,10000000
7484,917.100,10000000
7485,917.831,10000000
7486,917.164,10000000
7487,916.184,10000000
7488,915.643,10000000
7489,916.564,10000000
7490,916.609,10000000
7491,915.630,10000000
7492,915.116,10000000
7493,915.602,10000000
7494,915.935,10000000
7495,916.724,10000000
7496,916.103,10000000
7497,916.479,10000000
7498,915.566,10000000
7499,916.915,10000000
7500,916.439,10000000
7501,915.693,10000000
7502,915.878,10000000
7503,915.946,10000000
7504,916.557,10000000
7505,916.319,10000000
7506,915.324,10000000
7507,915.867,10000000
7508,916.186,10000000
7509,915.902,10000000
7510,915.196,10000000
7511,915.499,10000000
7512,915.373,10000000
7513,914.224,10000000
7514,915.346,10000000
7515,914.859,10000000
7516,915.246,10000000
7517,915.198,10000000
7518,913.306,10000000
7519,915.141,10000000
7520,914.266,10000000
7521,915.162,10000000
7522,914.019,10000000
7523,913.531,10000000
7524,914.028,10000000
7525,914.556,10000000
7526,913.110,10000000
7527,913.855,10000000
7528,913.956,10000000
7529,912.703,10000000
7530,914.267,10000000
7531,913.700,10000000
7532,914.548,10000000
7533,914.010,10000000
7534,913.804,10000000
7535,914.726,10000000
7536,914.358,10000000
7537,914.364,10000000
7538,911.547,10000000
7539,912.148,10000000
7540,912.947,10000000
7541,913.368,10000000
7542,913.217,10000000
7543,913.825,10000000
7544,914.444,10000000
7545,913.871,10000000
7546,914.643,10000000
7547,914.829,10000000
7548,915.400,10000000
7549,915.501,10000000
7550,913.853,10000000
7551,914.814,10000000
7552,913.234,10000000
7553,914.330,10000000
7554,913.639,10000000
7555,914.237,10000000
7556,914.508,10000000
7557,914.012,10000000
7558,914.094,10000000
7559,913.775,10000000
7560,913.600,10000000
7561,912.301,10000000
7562,912.641,10000000
7563,912.392,10000000
7564,912.147,10000000
7565,912.442,10000000
7566,913.215,10000000
7567,913.258,10000000
7568,913.014,10000000
7569,913.188,10000000
7570,913.758,10000000
7571,913.755,10000000
7572,914.823,10000000
7573,912.283,10000000
7574,912.616,10000000
7575,912.614,10000000
7576,914.470,10000000
7577,914.763,10000000
7578,914.503,10000000
7579,913.011,10000000
7580,912.930,10000000
7581,913.319,10000000
7582,913.987,10000000
7583,913.816,10000000
7584,913.396,10000000
7585,912.510,10000000
7586,912.865,10000000
7587,912.609,10000000
7588,911.635,10000000
7589,912.828,10000000
7590,912.792,10000000
7591,912.222,10000000
7592,911.980,10000000
7593,912.657,10000000
7594,911.744,10000000
7595,912.448,10000000
7596,912.298,10000000
7597,912.874,10000000
7598,912.722,10000000
7599,912.261,10000000
7600,911.019,10000000
7601,911.697,10000000
7602,912.646,10000000
7603,912.201,10000000
7604,911.475,10000000
7605,911.864,10000000
7606,912.324,10000000
7607,912.182,10000000
7608,912.390,10000000
7609,912.675,10000000
7610,912.122,10000000
7611,911.820,10000000
7612,911.399,10000000
7613,912.134,10000000
7614,911.975,10000000
7615,911.794,10000000
7616,912.089,10000000
7617,911.691,10000000
7618,912.446,10000000
7619,912.427,10000000
7620,913.305,10000000
7621,912.707,10000000
7622,913.386,10000000
7623,913.541,10000000
7624,913.942,10000000
7625,913.030,10000000
7626,912.203,10000000
7627,912.408,10000000
7628,913.297,10000000
7629,912.476,10000000
7630,911.236,10000000
7631,912.386,10000000
7632,913.090,10000000
7633,912.716,10000000
7634,911.602,10000000
7635,912.297,10000000
7636,911.724,10000000
7637,912.165,10000000
7638,912.409,10000000
7639,911.234,10000000
7640,911.631,10000000
7641,911.108,10000000
7642,910.202,10000000
7643,911.987,10000000
7644,911.394,10000000
7645,911.112,10000000
7646,912.059,10000000
7647,912.496,10000000
7648,913.578,10000000
7649,912.063,10000000
7650,911.286,10000000
7651,910.788,10000000
7652,911.468,10000000
7653,911.663,10000000
7654,912.483,10000000
7655,911.313,10000000
7656,912.973,10000000
7657,913.309,10000000
7658,912.548,10000000
7659,913.608,10000000
7660,911.065,10000000
7661,910.590,10000000
7662,909.888,10000000
7663,911.283,10000000
7664,913.072,10000000
7665,912.007,10000000
7666,911.924,10000000
7667,912.008,10000000
7668,910.934,10000000
7669,912.198,10000000
7670,912.265,10000000
7671,912.102,10000000
7672,910.437,10000000
7673,911.624,10000000
7674,911.487,10000000
7675,911.477,10000000
7676,911.140,10000000
7677,910.572,10000000
7678,911.666,10000000
7679,911.818,10000000
7680,912.115,10000000
7681,911.262,10000000
7682,912.209,10000000
7683,911.972,10000000
7684,911.455,10000000
7685,910.647,10000000
7686,910.962,10000000
7687,910.173,10000000
7688,910.907,10000000
7689,911.347,10000000
7690,911.333,10000000
7691,910.484,10000000
7692,911.542,10000000
7693,910.975,10000000
7694,911.113,10000000
7695,911.828,10000000
7696,912.061,10000000
7697,912.329,10000000
7698,913.293,10000000
7699,912.412,10000000
7700,913.088,10000000
7701,913.095,10000000
7702,912.000,10000000
7703,911.127,10000000
7704,911.674,10000000
7705,911.532,10000000
7706,911.475,10000000
7707,911.482,10000000
7708,912.718,10000000
7709,912.640,10000000
7710,911.340,10000000
7711,911.413,10000000
7712,910.713,10000000
7713,910.281,10000000
7714,910.029,10000000
7715,911.539,10000000
7716,912.141,10000000
7717,911.908,10000000
7718,911.200,10000000
7719,910.486,10000000
7720,910.823,10000000
7721,911.796,10000000
7722,910.707,10000000
7723,911.205,10000000
7724,911.261,10000000
7725,911.983,10000000
7726,910.335,10000000
7727,909.887,10000000
7728,910.353,10000000
7729,911.609,10000000
7730,912.589,10000000
7731,912.816,10000000
7732,912.793,10000000
7733,912.597,10000000
7734,912.395,10000000
7735,912.523,10000000
7736,912.280,10000000
7737,911.679,10000000
7738,912.861,10000000
7739,911.499,10000000
7740,911.847,10000000
7741,911.604,10000000
7742,909.497,10000000
7743,909.777,10000000
7744,908.398,10000000
7745,911.006,10000000
7746,912.102,10000000
7747,911.793,10000000
7748,912.060,10000000
7749,911.183,10000000
7750,911.603,10000000
7751,911.480,10000000
7752,910.881,10000000
7753,910.901,10000000
7754,911.130,10000000
7755,912.293,10000000
7756,913.195,10000000
7757,911.399,10000000
7758,911.418,10000000
7759,910.979,10000000
7760,909.968,10000000
7761,910.123,10000000
7762,911.655,10000000
7763,911.374,10000000
7764,910.397,10000000
7765,910.900,10000000
7766,912.601,10000000
7767,911.187,10000000
7768,911.460,10000000
7769,910.512,10000000
7770,911.191,10000000
7771,910.547,10000000
7772,911.201,10000000
7773,910.039,10000000
7774,910.295,10000000
7775,909.026,10000000
7776,909.598,10000000
7777,910.273,10000000
7778,910.679,10000000
7779,910.184,10000000
7780,910.428,10000000
7781,910.937,10000000
7782,910.290,10000000
7783,909.655,10000000
7784,911.139,10000000
7785,910.775,10000000
7786,909.870,10000000
7787,909.314,10000000
7788,909.392,10000000
7789,908.193,10000000
7790,907.870,10000000
7791,908.345,10000000
7792,907.885,10000000
7793,907.585,10000000
7794,907.727,10000000
7795,907.091,10000000
7796,908.393,10000000
7797,909.680,10000000
7798,908.874,10000000
7799,909.107,10000000
7800,909.074,10000000
7801,907.870,10000000
7802,908.944,10000000
7803,908.508,10000000
7804,908.495,10000000
7805,908.116,10000000
7806,908.191,10000000
7807,908.533,10000000
7808,908.289,10000000
7809,908.052,10000000
7810,907.641,10000000
7811,907.752,10000000
7812,908.031,10000000
7813,908.333,10000000
7814,907.898,10000000
7815,908.451,10000000
7816,908.576,10000000
7817,908.542,10000000
7818,908.779,10000000
7819,910.616,10000000
7820,908.619,10000000
7821,909.191,10000000
7822,908.315,10000000
7823,907.976,10000000
7824,908.154,10000000
7825,907.707,10000000
7826,908.125,10000000
7827,908.467,10000000
7828,909.493,10000000
7829,909.638,10000000
7830,908.946,10000000
7831,909.403,10000000
7832,909.574,10000000
7833,909.780,10000000
7834,909.194,10000000
7835,908.581,10000000
7836,907.604,10000000
7837,908.333,10000000
7838,908.213,10000000
7839,908.316,10000000
7840,908.463,10000000
7841,906.673,10000000
7842,906.898,10000000
7843,906.589,10000000
7844,906.515,10000000
7845,906.404,10000000
7846,908.117,10000000
7847,907.944,10000000
7848,907.836,10000000
7849,907.242,10000000
7850,906.550,10000000
7851,908.246,10000000
7852,908.625,10000000
7853,909.226,10000000
7854,907.948,10000000
7855,906.909,10000000
7856,907.511,10000000
7857,906.687,10000000
7858,906.525,10000000
7859,907.150,10000000
7860,908.460,10000000
7861,907.324,10000000
7862,907.622,10000000
7863,907.498,10000000
7864,907.635,10000000
7865,907.458,10000000
7866,907.686,10000000
7867,906.878,10000000
7868,907.996,10000000
7869,908.326,10000000
7870,906.932,10000000
7871,907.105,10000000
7872,906.266,10000000
7873,905.714,10000000
7874,906.902,10000000
7875,907.964,10000000
7876,907.712,10000000
7877,906.486,10000000
7878,907.547,10000000
7879,907.620,10000000
7880,907.388,10000000
7881,907.353,10000000
7882,907.542,10000000
7883,907.020,10000000
7884,907.249,10000000
7885,906.539,10000000
7886,906.755,10000000
7887,907.559,10000000
7888,906.669,10000000
7889,908.027,10000000
7890,907.159,10000000
7891,906.463,10000000
7892,908.100,10000000
7893,907.156,10000000
7894,907.412,10000000
7895,907.236,10000000
7896,905.872,10000000
7897,906.918,10000000
7898,907.233,10000000
7899,907.704,10000000
7900,908.369,10000000
7901,907.536,10000000
7902,907.311,10000000
7903,906.903,10000000
7904,907.910,10000000
7905,908.264,10000000
7906,907.432,10000000
7907,906.189,10000000
7908,907.835,10000000
7909,907.202,10000000
7910,905.786,10000000
7911,905.565,10000000
7912,904.737,10000000
7913,905.096,10000000
7914,906.132,10000000
7915,907.200,10000000
7916,906.201,10000000
7917,906.410,10000000
7918,905.886,10000000
7919,907.217,10000000
7920,906.254,10000000
7921,905.652,10000000
7922,906.756,10000000
7923,906.003,10000000
7924,906.963,10000000
7925,907.160,10000000
7926,907.019,10000000
7927,906.589,10000000
7928,906.309,10000000
7929,907.237,10000000
7930,906.942,10000000
7931,906.812,10000000
7932,907.649,10000000
7933,907.638,10000000
7934,906.899,10000000
7935,907.575,10000000
7936,907.729,10000000
7937,906.834,10000000
7938,905.562,10000000
7939,906.001,10000000
7940,906.625,10000000
7941,905.712,10000000
7942,905.450,10000000
7943,904.801,10000000
7944,906.836,10000000
7945,905.824,10000000
7946,906.035,10000000
7947,905.731,10000000
7948,905.418,10000000
7949,905.031,10000000
7950,905.324,10000000
7951,905.330,10000000
7952,905.080,10000000
7953,906.287,10000000
7954,906.625,10000000
7955,906.986,10000000
7956,907.330,10000000
7957,905.878,10000000
7958,904.792,10000000
7959,906.883,10000000
7960,905.482,10000000
7961,904.534,10000000
7962,903.878,10000000
7963,905.283,10000000
7964,906.090,10000000
7965,905.931,10000000
7966,906.802,10000000
7967,906.406,10000000
7968,905.169,10000000
7969,904.837,10000000
7970,905.851,10000000
7971,905.161,10000000
7972,905.764,10000000
7973,904.935,10000000
7974,904.386,10000000
7975,905.277,10000000
7976,904.337,10000000
7977,904.876,10000000
7978,904.262,10000000
7979,905.131,10000000
7980,906.011,10000000
7981,906.569,10000000
7982,906.376,10000000
7983,905.384,10000000
7984,905.501,10000000
7985,906.152,10000000
7986,906.593,10000000
7987,904.952,10000000
7988,904.983,10000000
7989,904.534,10000000
7990,905.109,10000000
7991,905.740,10000000
7992,905.471,10000000
7993,905.335,10000000
7994,904.890,10000000
7995,904.170,10000000
7996,905.086,10000000
7997,905.622,10000000
7998,904.993,10000000
7999,904.559,10000000
8000,905.185,10000000
8001,905.936,10000000
8002,905.459,10000000
8003,905.703,10000000
8004,905.161,10000000
8005,904.390,10000000
8006,905.460,10000000
8007,904.538,10000000
8008,904.316,10000000
8009,905.247,10000000
8010,905.432,10000000
8011,905.938,10000000
8012,906.144,10000000
8013,903.772,10000000
8014,904.490,10000000
8015,902.700,10000000
8016,902.886,10000000
8017,904.212,10000000
8018,904.280,10000000
8019,904.855,10000000
8020,906.106,10000000
8021,905.476,10000000
8022,904.403,10000000
8023,904.045,10000000
8024,902.934,10000000
8025,903.029,10000000
8026,904.148,10000000
8027,904.167,10000000
8028,903.164,10000000
8029,902.924,10000000
8030,902.819,10000000
8031,903.617,10000000
8032,904.588,10000000
8033,904.504,10000000
8034,904.183,10000000
8035,903.792,10000000
8036,904.813,10000000
8037,904.821,10000000
8038,905.236,10000000
8039,903.812,10000000
8040,903.638,10000000
8041,903.233,10000000
8042,904.235,10000000
8043,904.878,10000000
8044,904.703,10000000
8045,904.532,10000000
8046,903.977,10000000
8047,904.077,10000000
8048,904.410,10000000
8049,903.296,10000000
8050,904.159,10000000
8051,904.361,10000000
8052,904.775,10000000
8053,905.965,10000000
8054,904.869,10000000
8055,903.815,10000000
8056,903.671,10000000
8057,904.412,10000000
8058,905.520,10000000
8059,903.281,10000000
8060,902.313,10000000
8061,902.623,10000000
8062,902.818,10000000
8063,903.673,10000000
8064,904.070,10000000
8065,903.206,10000000
8066,901.585,10000000
8067,902.222,10000000
8068,902.769,10000000
8069,902.597,10000000
8070,902.148,10000000
8071,902.597,10000000
8072,903.322,10000000
8073,902.949,10000000
8074,903.022,10000000
8075,903.258,10000000
8076,902.050,10000000
8077,902.356,10000000
8078,903.367,10000000
8079,903.605,10000000
8080,903.674,10000000
8081,903.503,10000000
8082,904.402,10000000
8083,903.511,10000000
8084,902.839,10000000
8085,904.193,10000000
8086,902.821,10000000
8087,902.510,10000000
8088,901.855,10000000
8089,902.017,10000000
8090,902.404,10000000
8091,903.485,10000000
8092,903.229,10000000
8093,904.668,10000000
8094,904.872,10000000
8095,904.655,10000000
8096,905.390,10000000
8097,905.104,10000000
8098,904.594,10000000
8099,904.598,10000000
8100,902.530,10000000
8101,903.722,10000000
8102,904.444,10000000
8103,904.713,10000000
8104,903.063,10000000
8105,902.884,10000000
8106,903.647,10000000
8107,901.798,10000000
8108,901.749,10000000
8109,902.485,10000000
8110,902.314,10000000
8111,903.668,10000000
8112,902.986,10000000
8113,903.310,10000000
8114,903.553,10000000
8115,904.654,10000000
8116,904.169,10000000
8117,903.780,10000000
8118,903.350,10000000
8119,903.786,10000000
8120,903.603,10000000
8121,902.382,10000000
8122,902.788,10000000
8123,902.539,10000000
8124,902.202,10000000
8125,902.196,10000000
8126,901.536,10000000
8127,902.079,10000000
8128,901.384,10000000
8129,902.463,10000000
8130,903.251,10000000
8131,903.720,10000000
8132,901.936,10000000
8133,902.549,10000000
8134,903.697,10000000
8135,904.454,10000000
8136,904.156,10000000
8137,903.693,10000000
8138,904.165,10000000
8139,903.774,10000000
8140,903.176,10000000
8141,902.577,10000000
8142,902.072,10000000
8143,902.897,10000000
8144,903.154,10000000
8145,903.856,10000000
8146,903.784,10000000
8147,903.355,10000000
8148,903.287,10000000
8149,904.060,10000000
8150,904.923,10000000
8151,904.674,10000000
8152,904.057,10000000
8153,903.750,10000000
8154,904.572,10000000
8155,904.427,10000000
8156,905.182,10000000
8157,902.900,10000000
8158,904.077,10000000
8159,904.195,10000000
8160,906.108,10000000
8161,904.649,10000000
8162,904.453,10000000
8163,903.920,10000000
8164,903.529,10000000
8165,904.970,10000000
8166,904.672,10000000
8167,903.623,10000000
8168,903.008,10000000
8169,902.914,10000000
8170,904.457,10000000
8171,903.462,10000000
8172,902.860,10000000
8173,903.405,10000000
8174,904.068,10000000
8175,903.132,10000000
8176,902.745,10000000
8177,903.633,10000000
8178,903.820,10000000
8179,903.169,10000000
8180,903.086,10000000
8181,903.159,10000000
8182,902.418,10000000
8183,903.775,10000000
8184,903.229,10000000
8185,903.088,10000000
8186,902.739,10000000
8187,902.208,10000000
8188,901.489,10000000
8189,901.098,10000000
8190,900.063,10000000
8191,903.315,10000000
8192,901.473,10000000
8193,900.971,10000000
8194,901.595,10000000
8195,902.165,10000000
8196,903.184,10000000
8197,904.274,10000000
8198,901.740,10000000
8199,902.106,10000000
8200,903.167,10000000
8201,902.220,10000000
8202,902.622,10000000
8203,901.899,10000000
8204,902.474,10000000
8205,902.111,10000000
8206,903.262,10000000
8207,903.667,10000000
8208,903.893,10000000
8209,902.162,10000000
8210,901.474,10000000
8211,901.449,10000000
8212,902.956,10000000
8213,903.161,10000000
8214,902.774,10000000
8215,902.883,10000000
8216,903.111,10000000
8217,902.404,10000000
8218,902.726,10000000
8219,902.389,10000000
8220,901.331,10000000
8221,904.223,10000000
8222,914.483,10000000
8223,916.145,10000000
8224,917.290,10000000
8225,905.800,10000000
8226,896.732,10000000
8227,910.550,10000000
8228,916.470,10000000
8229,916.905,10000000
8230,918.216,10000000
8231,919.641,10000000
8232,919.817,10000000
8233,922.918,10000000
8234,925.129,10000000
8235,926.043,10000000
8236,926.359,10000000
8237,926.852,10000000
8238,925.274,10000000
8239,923.544,10000000
8240,923.875,10000000
8241,924.006,10000000
8242,924.414,10000000
8243,923.555,10000000
8244,923.405,10000000
8245,923.890,10000000
8246,924.647,10000000
8247,925.230,10000000
8248,924.992,10000000
8249,923.503,10000000
8250,924.506,10000000
8251,925.044,10000000
8252,925.598,10000000
8253,926.527,10000000
8254,926.064,10000000
8255,926.151,10000000
8256,926.869,10000000
8257,927.546,10000000
8258,926.104,10000000
8259,925.085,10000000
8260,925.587,10000000
8261,925.791,10000000
8262,925.702,10000000
8263,924.828,10000000
8264,924.868,10000000
8265,924.488,10000000
8266,925.952,10000000
8267,926.643,10000000
8268,926.890,10000000
8269,925.872,10000000
8270,925.046,10000000
8271,924.616,10000000
8272,924.933,10000000
8273,924.652,10000000
8274,923.342,10000000
8275,924.186,10000000
8276,924.324,10000000
8277,924.495,10000000
8278,924.453,10000000
8279,924.625,10000000
8280,924.706,10000000
8281,924.250,10000000
8282,924.611,10000000
8283,923.724,10000000
8284,924.164,10000000
8285,924.393,10000000
8286,925.479,10000000
8287,925.073,10000000
8288,924.155,10000000
8289,925.266,10000000
8290,923.545,10000000
8291,923.009,10000000
8292,922.481,10000000
8293,923.967,10000000
8294,923.683,10000000
8295,922.260,10000000
8296,922.853,10000000
8297,924.126,10000000
8298,923.376,10000000
8299,924.669,10000000
8300,923.341,10000000
8301,923.152,10000000
8302,923.832,10000000
8303,923.010,10000000
8304,921.444,10000000
8305,921.633,10000000
8306,921.395,10000000
8307,920.959,10000000
8308,921.516,10000000
8309,922.584,10000000
8310,922.659,10000000
8311,921.876,10000000
8312,921.955,10000000
8313,922.386,10000000
8314,922.484,10000000
8315,921.750,10000000
8316,922.413,10000000
8317,921.317,10000000
8318,921.986,10000000
8319,922.087,10000000
8320,922.698,10000000
8321,921.495,10000000
8322,921.771,10000000
8323,922.417,10000000
8324,921.946,10000000
8325,921.765,10000000
8326,921.259,10000000
8327,921.530,10000000
8328,921.963,10000000
8329,921.849,10000000
8330,921.857,10000000
8331,920.870,10000000
8332,921.058,10000000
8333,921.511,10000000
8334,923.029,10000000
8335,923.427,10000000
8336,921.229,10000000
8337,922.544,10000000
8338,921.671,10000000
8339,922.347,10000000
8340,921.605,10000000
8341,921.109,10000000
8342,921.141,10000000
8343,920.721,10000000
8344,922.475,10000000
8345,922.408,10000000
8346,923.012,10000000
8347,922.157,10000000
8348,921.788,10000000
8349,922.188,10000000
8350,923.058,10000000
8351,921.879,10000000
8352,923.020,10000000
8353,922.781,10000000
8354,922.215,10000000
8355,922.406,10000000
8356,921.444,10000000
8357,920.962,10000000
8358,922.002,10000000
8359,921.949,10000000
8360,921.949,10000000
8361,921.331,10000000
8362,921.171,10000000
8363,921.166,10000000
8364,921.709,10000000
8365,923.503,10000000
8366,922.977,10000000
8367,922.686,10000000
8368,923.531,10000000
8369,923.732,10000000
8370,923.355,10000000
8371,922.155,10000000
8372,922.626,10000000
8373,920.870,10000000
8374,921.248,10000000
8375,921.019,10000000
8376,920.287,10000000
8377,920.878,10000000
8378,921.269,10000000
8379,919.920,10000000
8380,921.530,10000000
8381,921.853,10000000
8382,922.085,10000000
8383,922.448,10000000
8384,922.709,10000000
8385,922.627,10000000
8386,922.716,10000000
8387,921.291,10000000
8388,920.973,10000000
8389,920.513,10000000
8390,920.311,10000000
8391,919.683,10000000
8392,921.030,10000000
8393,920.699,10000000
8394,920.342,10000000
8395,920.215,10000000
8396,919.535,10000000
8397,919.147,10000000
8398,919.995,10000000
8399,920.147,10000000
8400,919.966,10000000
8401,920.297,10000000
8402,920.528,10000000
8403,920.427,10000000
8404,919.994,10000000
8405,920.874,10000000
8406,919.032,10000000
8407,919.528,10000000
8408,918.676,10000000
8409,918.779,10000000
8410,919.860,10000000
8411,920.496,10000000
8412,919.895,10000000
8413,919.334,10000000
8414,920.603,10000000
8415,919.544,10000000
8416,919.052,10000000
8417,919.555,10000000
8418,918.716,10000000
8419,919.852,10000000
8420,919.765,10000000
8421,920.634,10000000
8422,920.425,10000000
8423,920.323,10000000
8424,920.325,10000000
8425,918.889,10000000
8426,918.664,10000000
8427,918.882,10000000
8428,919.954,10000000
8429,920.127,10000000
8430,918.798,10000000
8431,919.861,10000000
8432,920.445,10000000
8433,919.915,10000000
8434,919.415,10000000
8435,919.256,10000000
8436,919.509,10000000
8437,919.320,10000000
8438,919.730,10000000
8439,918.780,10000000
8440,919.155,10000000
8441,919.002,10000000
8442,918.490,10000000
8443,918.674,10000000
8444,918.509,10000000
8445,918.652,10000000
8446,919.290,10000000
8447,920.511,10000000
8448,919.549,10000000
8449,919.088,10000000
8450,918.910,10000000
8451,919.851,10000000
8452,920.756,10000000
8453,919.687,10000000
8454,919.980,10000000
8455,920.004,10000000
8456,920.305,10000000
8457,918.639,10000000
8458,918.914,10000000
8459,918.713,10000000
8460,919.586,10000000
8461,919.778,10000000
8462,918.295,10000000
8463,918.786,10000000
8464,919.318,10000000
8465,919.075,10000000
8466,919.883,10000000
8467,920.515,10000000
8468,921.559,10000000
8469,920.575,10000000
8470,919.799,10000000
8471,919.413,10000000
8472,917.936,10000000
8473,918.150,10000000
8474,918.479,10000000
8475,918.877,10000000
8476,918.614,10000000
8477,918.635,10000000
8478,919.445,10000000
8479,918.083,10000000
8480,917.584,10000000
8481,917.635,10000000
8482,917.427,10000000
8483,917.548,10000000
8484,918.947,10000000
8485,919.523,10000000
8486,917.787,10000000
8487,918.411,10000000
8488,919.591,10000000
8489,918.563,10000000
8490,919.077,10000000
8491,920.012,10000000
8492,920.303,10000000
8493,919.935,10000000
8494,919.168,10000000
8495,918.184,10000000
8496,917.476,10000000
8497,917.761,10000000
8498,918.335,10000000
8499,919.053,10000000
8500,919.063,10000000
8501,918.439,10000000
8502,919.110,10000000
8503,919.543,10000000
8504,918.277,10000000
8505,917.646,10000000
8506,917.032,10000000
8507,917.210,10000000
8508,916.533,10000000
8509,916.955,10000000
8510,916.165,10000000
8511,916.646,10000000
8512,917.668,10000000
8513,917.304,10000000
8514,917.889,10000000
8515,918.187,10000000
8516,916.225,10000000
8517,916.081,10000000
8518,918.280,10000000
8519,918.480,10000000
8520,916.532,10000000
8521,916.463,10000000
8522,916.113,10000000
8523,917.615,10000000
8524,916.908,10000000
8525,916.057,10000000
8526,915.997,10000000
8527,915.478,10000000
8528,916.055,10000000
8529,917.749,10000000
8530,916.959,10000000
8531,917.339,10000000
8532,916.007,10000000
8533,915.863,10000000
8534,915.692,10000000
8535,915.442,10000000
8536,916.130,10000000
8537,917.038,10000000
8538,917.880,10000000
8539,916.885,10000000
8540,916.299,10000000
8541,916.270,10000000
8542,915.905,10000000
8543,916.039,10000000
8544,917.056,10000000
8545,916.508,10000000
8546,916.472,10000000
8547,916.453,10000000
8548,916.908,10000000
8549,916.286,10000000
8550,916.097,10000000
8551,915.965,10000000
8552,915.475,10000000
8553,915.196,10000000
8554,915.015,10000000
8555,915.671,10000000
8556,914.951,10000000
8557,914.756,10000000
8558,915.663,10000000
8559,916.458,10000000
8560,915.277,10000000
8561,915.391,10000000
8562,915.495,10000000
8563,914.643,10000000
8564,914.733,10000000
8565,915.302,10000000
8566,915.479,10000000
8567,915.092,10000000
8568,912.828,10000000
8569,914.720,10000000
8570,914.865,10000000
8571,915.387,10000000
8572,915.154,10000000
8573,915.583,10000000
8574,916.791,10000000
8575,917.044,10000000
8576,916.850,10000000
8577,915.739,10000000
8578,916.117,10000000
8579,916.639,10000000
8580,916.516,10000000
8581,916.734,10000000
8582,915.948,10000000
8583,915.949,10000000
8584,915.612,10000000
8585,915.762,10000000
8586,916.122,10000000
8587,915.884,10000000
8588,915.029,10000000
8589,914.719,10000000
8590,914.993,10000000
8591,914.990,10000000
8592,914.109,10000000
8593,915.277,10000000
8594,915.083,10000000
8595,914.978,10000000
8596,915.058,10000000
8597,915.508,10000000
8598,914.402,10000000
8599,915.659,10000000
8600,914.669,10000000
8601,915.859,10000000
8602,915.325,10000000
8603,914.765,10000000
8604,914.277,10000000
8605,915.472,10000000
8606,915.415,10000000
8607,915.119,10000000
8608,915.683,10000000
8609,914.647,10000000
8610,914.045,10000000
8611,914.805,10000000
8612,914.860,10000000
8613,913.737,10000000
8614,914.127,10000000
8615,915.560,10000000
8616,914.760,10000000
8617,914.479,10000000
8618,915.526,10000000
8619,914.476,10000000
8620,915.254,10000000
8621,916.429,10000000
8622,914.871,10000000
8623,915.169,10000000
8624,915.120,10000000
8625,914.401,10000000
8626,914.886,10000000
8627,914.710,10000000
8628,913.897,10000000
8629,914.015,10000000
8630,915.411,10000000
8631,914.681,10000000
8632,913.995,10000000
8633,915.327,10000000
8634,914.481,10000000
8635,914.875,10000000
8636,915.576,10000000
8637,913.917,10000000
8638,914.105,10000000
8639,913.450,10000000
8640,914.076,10000000
8641,913.903,10000000
8642,914.140,10000000
8643,913.854,10000000
8644,913.221,10000000
8645,912.129,10000000
8646,913.532,10000000
8647,913.667,10000000
8648,913.147,10000000
8649,912.503,10000000
8650,912.320,10000000
8651,913.449,10000000
8652,913.802,10000000
8653,912.982,10000000
8654,912.634,10000000
8655,913.652,10000000
8656,914.015,10000000
8657,914.969,10000000
8658,914.381,10000000
8659,913.324,10000000
8660,914.339,10000000
8661,913.505,10000000
8662,914.479,10000000
8663,914.968,10000000
8664,914.092,10000000
8665,914.286,10000000
8666,914.833,10000000
8667,914.642,10000000
8668,914.724,10000000
8669,914.062,10000000
8670,913.627,10000000
8671,914.713,10000000
8672,914.791,10000000
8673,915.177,10000000
8674,913.642,10000000
8675,913.370,10000000
8676,912.608,10000000
8677,913.080,10000000
8678,912.994,10000000
8679,913.328,10000000
8680,912.831,10000000
8681,913.757,10000000
8682,914.412,10000000
8683,912.420,10000000
8684,910.547,10000000
8685,912.152,10000000
8686,911.438,10000000
8687,911.306,10000000
8688,911.020,10000000
8689,910.509,10000000
8690,910.183,10000000
8691,910.307,10000000
8692,910.548,10000000
8693,910.477,10000000
8694,910.668,10000000
8695,911.114,10000000
8696,911.509,10000000
8697,912.331,10000000
8698,910.780,10000000
8699,910.300,10000000
8700,912.234,10000000
8701,911.354,10000000
8702,912.268,10000000
8703,913.517,10000000
8704,912.888,10000000
8705,913.081,10000000
8706,912.529,10000000
8707,912.952,10000000
8708,912.354,10000000
8709,911.489,10000000
8710,912.118,10000000
8711,910.724,10000000
8712,911.021,10000000
8713,911.850,10000000
8714,911.753,10000000
8715,910.689,10000000
8716,910.803,10000000
8717,910.806,10000000
8718,910.484,10000000
8719,911.344,10000000
8720,910.337,10000000
8721,911.112,10000000
8722,911.474,10000000
8723,911.393,10000000
8724,912.047,10000000
8725,911.395,10000000
8726,910.853,10000000
8727,911.850,10000000
8728,911.633,10000000
8729,911.617,10000000
8730,910.757,10000000
8731,909.800,10000000
8732,911.798,10000000
8733,911.638,10000000
8734,911.920,10000000
8735,911.325,10000000
8736,909.153,10000000
8737,910.697,10000000
8738,911.949,10000000
8739,911.451,10000000
8740,910.965,10000000
8741,910.505,10000000
8742,910.149,10000000
8743,910.587,10000000
8744,911.385,10000000
8745,910.628,10000000
8746,910.180,10000000
8747,910.770,10000000
8748,909.268,10000000
8749,910.947,10000000
8750,910.936,10000000
8751,910.425,10000000
8752,910.862,10000000
8753,910.876,10000000
8754,911.561,10000000
8755,912.129,10000000
8756,912.443,10000000
8757,911.150,10000000
8758,910.482,10000000
8759,911.622,10000000
8760,912.136,10000000
8761,912.872,10000000
8762,912.511,10000000
8763,910.786,10000000
8764,911.377,10000000
8765,913.367,10000000
8766,912.975,10000000
8767,913.062,10000000
8768,912.420,10000000
8769,911.873,10000000
8770,913.837,10000000
8771,912.615,10000000
8772,912.623,10000000
8773,913.507,10000000
8774,913.533,10000000
8775,912.877,10000000
8776,912.613,10000000
8777,911.081,10000000
8778,911.210,10000000
8779,911.672,10000000
8780,912.584,10000000
8781,911.979,10000000
8782,912.094,10000000
8783,911.563,10000000
8784,911.601,10000000
8785,909.736,10000000
8786,910.408,10000000
8787,910.480,10000000
8788,910.564,10000000
8789,911.301,10000000
8790,911.688,10000000
8791,911.395,10000000
8792,910.632,10000000
8793,911.333,10000000
8794,910.359,10000000
8795,912.543,10000000
8796,911.074,10000000
8797,910.484,10000000
8798,911.112,10000000
8799,910.019,10000000
8800,910.749,10000000
8801,911.155,10000000
8802,910.577,10000000
8803,910.556,10000000
8804,912.163,10000000
8805,913.589,10000000
8806,911.838,10000000
8807,910.786,10000000
8808,910.318,10000000
8809,910.581,10000000
8810,911.056,10000000
8811,911.435,10000000
8812,910.149,10000000
8813,910.216,10000000
8814,910.416,10000000
8815,910.962,10000000
8816,912.005,10000000
8817,911.494,10000000
8818,911.458,10000000
8819,911.924,10000000
8820,912.667,10000000
8821,913.066,10000000
8822,912.086,10000000
8823,910.902,10000000
8824,910.805,10000000
8825,909.873,10000000
8826,911.400,10000000
8827,910.550,10000000
8828,910.477,10000000
8829,911.375,10000000
8830,911.916,10000000
8831,911.898,10000000
8832,911.325,10000000
8833,911.052,10000000
8834,910.164,10000000
8835,911.359,10000000
8836,910.518,10000000
8837,908.749,10000000
8838,909.136,10000000
8839,909.229,10000000
8840,909.572,10000000
8841,909.557,10000000
8842,910.290,10000000
8843,909.612,10000000
8844,908.576,10000000
8845,908.555,10000000
8846,910.085,10000000
8847,910.407,10000000
8848,909.844,10000000
8849,909.904,10000000
8850,911.293,10000000
8851,910.766,10000000
8852,911.534,10000000
8853,912.303,10000000
8854,910.274,10000000
8855,910.837,10000000
8856,909.744,10000000
8857,910.200,10000000
8858,909.640,10000000
8859,908.617,10000000
8860,907.579,10000000
8861,907.082,10000000
8862,908.303,10000000
8863,908.793,10000000
8864,909.224,10000000
8865,909.483,10000000
8866,910.711,10000000
8867,910.319,10000000
8868,910.043,10000000
8869,910.337,10000000
8870,909.747,10000000
8871,909.395,10000000
8872,910.294,10000000
8873,910.528,10000000
8874,910.790,10000000
8875,910.612,10000000
8876,909.997,10000000
8877,909.868,10000000
8878,909.024,10000000
8879,909.340,10000000
8880,908.002,10000000
8881,907.981,10000000
8882,907.704,10000000
8883,908.306,10000000
8884,909.081,10000000
8885,907.988,10000000
8886,907.447,10000000
8887,908.543,10000000
8888,908.826,10000000
8889,908.962,10000000
8890,909.556,10000000
8891,910.317,10000000
8892,910.850,10000000
8893,910.917,10000000
8894,909.167,10000000
8895,910.315,10000000
8896,910.562,10000000
8897,909.951,10000000
8898,910.202,10000000
8899,909.654,10000000
8900,909.074,10000000
8901,908.186,10000000
8902,908.882,10000000
8903,909.039,10000000
8904,909.503,10000000
8905,908.411,10000000
8906,908.446,10000000
8907,908.757,10000000
8908,909.768,10000000
8909,907.838,10000000
8910,909.956,10000000
8911,909.200,10000000
8912,909.337,10000000
8913,909.930,10000000
8914,909.885,10000000
8915,909.217,10000000
8916,909.758,10000000
8917,910.450,10000000
8918,909.786,10000000
8919,908.588,10000000
8920,907.527,10000000
8921,907.947,10000000
8922,908.150,10000000
8923,907.083,10000000
8924,907.833,10000000
8925,908.206,10000000
8926,908.673,10000000
8927,908.218,10000000
8928,908.022,10000000
8929,907.028,10000000
8930,906.937,10000000
8931,906.848,10000000
8932,906.861,10000000
8933,907.022,10000000
8934,907.105,10000000
8935,906.963,10000000
8936,908.085,10000000
8937,907.465,10000000
8938,908.355,10000000
8939,906.673,10000000
8940,906.926,10000000
8941,906.674,10000000
8942,906.132,10000000
8943,907.276,10000000
8944,906.972,10000000
8945,906.462,10000000
8946,906.257,10000000
8947,907.420,10000000
8948,907.162,10000000
8949,906.895,10000000
8950,905.896,10000000
8951,906.802,10000000
8952,906.326,10000000
8953,906.906,10000000
8954,906.847,10000000
8955,907.157,10000000
8956,905.686,10000000
8957,905.673,10000000
8958,906.484,10000000
8959,906.982,10000000
8960,906.224,10000000
8961,907.003,10000000
8962,907.402,10000000
8963,907.429,10000000
8964,907.632,10000000
8965,907.939,10000000
8966,908.549,10000000
8967,908.538,10000000
8968,908.254,10000000
8969,908.054,10000000
8970,907.626,10000000
8971,907.339,10000000
8972,906.268,10000000
8973,906.387,10000000
8974,906.712,10000000
8975,907.171,10000000
8976,907.417,10000000
8977,907.474,10000000
8978,907.896,10000000
8979,907.575,10000000
8980,908.405,10000000
8981,906.846,10000000
8982,907.417,10000000
8983,908.057,10000000
8984,907.759,10000000
8985,907.684,10000000
8986,906.631,10000000
8987,907.000,10000000
8988,906.387,10000000
8989,907.052,10000000
8990,907.231,10000000
8991,905.986,10000000
8992,905.272,10000000
8993,905.303,10000000
8994,905.005,10000000
8995,904.425,10000000
8996,904.457,10000000
8997,903.625,10000000
8998,903.637,10000000
8999,905.186,10000000
9000,905.553,10000000
9001,905.033,10000000
9002,904.957,10000000
9003,905.828,10000000
9004,905.150,10000000
9005,906.905,10000000
9006,905.046,10000000
9007,903.779,10000000
9008,904.765,10000000
9009,904.436,10000000
9010,905.224,10000000
9011,904.219,10000000
9012,904.345,10000000
9013,904.807,10000000
9014,904.893,10000000
9015,904.409,10000000
9016,905.913,10000000
9017,906.383,10000000
9018,905.207,10000000
9019,904.643,10000000
9020,904.098,10000000
9021,905.232,10000000
9022,903.639,10000000
9023,904.362,10000000
9024,904.722,10000000
9025,904.989,10000000
9026,905.621,10000000
9027,904.570,10000000
9028,903.386,10000000
9029,904.327,10000000
9030,904.976,10000000
9031,904.559,10000000
9032,906.030,10000000
9033,904.452,10000000
9034,903.507,10000000
9035,904.348,10000000
9036,904.311,10000000
9037,903.175,10000000
9038,903.760,10000000
9039,903.750,10000000
9040,903.836,10000000
9041,903.469,10000000
9042,903.554,10000000
9043,905.185,10000000
9044,904.752,10000000
9045,905.564,10000000
9046,904.415,10000000
9047,904.840,10000000
9048,904.799,10000000
9049,904.992,10000000
9050,905.173,10000000
9051,906.033,10000000
9052,905.022,10000000
9053,903.937,10000000
9054,903.127,10000000
9055,903.461,10000000
9056,904.446,10000000
9057,904.051,10000000
9058,902.777,10000000
9059,902.050,10000000
9060,903.156,10000000
9061,904.019,10000000
9062,904.099,10000000
9063,904.577,10000000
9064,904.847,10000000
9065,905.482,10000000
9066,905.288,10000000
9067,906.203,10000000
9068,904.212,10000000
9069,902.928,10000000
9070,903.905,10000000
9071,904.228,10000000
9072,905.408,10000000
9073,904.682,10000000
9074,904.215,10000000
9075,904.805,10000000
9076,904.487,10000000
9077,903.320,10000000
9078,903.099,10000000
9079,902.847,10000000
9080,903.796,10000000
9081,904.007,10000000
9082,904.780,10000000
9083,902.929,10000000
9084,902.834,10000000
9085,901.923,10000000
9086,903.997,10000000
9087,903.755,10000000
9088,903.360,10000000
9089,903.427,10000000
9090,903.090,10000000
9091,903.930,10000000
9092,904.104,10000000
9093,903.207,10000000
9094,903.047,10000000
9095,903.363,10000000
9096,903.088,10000000
9097,902.892,10000000
9098,903.525,10000000
9099,904.312,10000000
9100,903.879,10000000
9101,903.576,10000000
9102,904.111,10000000
9103,904.330,10000000
9104,904.147,10000000
9105,904.562,10000000
9106,903.300,10000000
9107,903.441,10000000
9108,902.753,10000000
9109,901.837,10000000
9110,902.193,10000000
9111,903.163,10000000
9112,903.168,10000000
9113,903.301,10000000
9114,903.228,10000000
9115,903.295,10000000
9116,904.192,10000000
9117,904.399,10000000
9118,904.080,10000000
9119,903.424,10000000
9120,904.253,10000000
9121,903.404,10000000
9122,902.959,10000000
9123,903.909,10000000
9124,902.893,10000000
9125,902.666,10000000
9126,903.304,10000000
9127,902.973,10000000
9128,902.981,10000000
9129,903.364,10000000
9130,902.556,10000000
9131,901.617,10000000
9132,903.100,10000000
9133,904.072,10000000
9134,903.098,10000000
9135,903.075,10000000
9136,902.830,10000000
9137,902.605,10000000
9138,902.510,10000000
9139,903.172,10000000
9140,901.718,10000000
9141,901.049,10000000
9142,900.139,10000000
9143,901.872,10000000
9144,902.206,10000000
9145,901.464,10000000
9146,901.754,10000000
9147,902.759,10000000
9148,902.175,10000000
9149,902.074,10000000
9150,902.433,10000000
9151,902.025,10000000
9152,902.189,10000000
9153,902.927,10000000
9154,903.968,10000000
9155,903.502,10000000
9156,902.887,10000000
9157,903.322,10000000
9158,903.475,10000000
9159,902.392,10000000
9160,902.268,10000000
9161,902.036,10000000
9162,902.523,10000000
9163,904.191,10000000
9164,905.442,10000000
9165,904.269,10000000
9166,903.662,10000000
9167,902.057,10000000
9168,902.779,10000000
9169,903.099,10000000
9170,903.391,10000000
9171,903.581,10000000
9172,903.319,10000000
9173,904.757,10000000
9174,903.964,10000000
9175,903.405,10000000
9176,903.532,10000000
9177,904.805,10000000
9178,906.247,10000000
9179,906.848,10000000
9180,904.979,10000000
9181,904.902,10000000
9182,905.482,10000000
9183,905.003,10000000
9184,903.421,10000000
9185,903.360,10000000
9186,903.959,10000000
9187,903.772,10000000
9188,903.079,10000000
9189,903.229,10000000
9190,902.986,10000000
9191,902.732,10000000
9192,901.795,10000000
9193,901.637,10000000
9194,902.802,10000000
9195,903.307,10000000
9196,902.547,10000000
9197,903.418,10000000
9198,903.694,10000000
9199,904.620,10000000
9200,904.242,10000000
9201,903.568,10000000
9202,904.966,10000000
9203,904.581,10000000
9204,903.908,10000000
9205,905.599,10000000
9206,904.353,10000000
9207,903.708,10000000
9208,902.270,10000000
9209,903.535,10000000
9210,904.143,10000000
9211,903.822,10000000
9212,901.198,10000000
9213,913.125,10000000
9214,918.327,10000000
9215,920.112,10000000
9216,911.914,10000000
9217,900.150,10000000
9218,909.128,10000000
9219,916.403,10000000
9220,918.528,10000000
9221,920.627,10000000
9222,919.763,10000000
9223,919.705,10000000
9224,921.694,10000000
9225,925.947,10000000
9226,927.576,10000000
9227,925.863,10000000
9228,925.436,10000000
9229,925.325,10000000
9230,926.340,10000000
9231,927.758,10000000
9232,926.748,10000000
9233,927.392,10000000
9234,926.754,10000000
9235,928.366,10000000
9236,926.542,10000000
9237,927.264,10000000
9238,926.229,10000000
9239,926.511,10000000
9240,925.870,10000000
9241,926.095,10000000
9242,924.864,10000000
9243,925.208,10000000
9244,926.052,10000000
9245,927.374,10000000
9246,925.827,10000000
9247,925.067,10000000
9248,924.095,10000000
9249,925.274,10000000
9250,925.319,10000000
9251,926.060,10000000
9252,926.890,10000000
9253,925.881,10000000
9254,925.487,10000000
9255,926.193,10000000
9256,926.592,10000000
9257,926.680,10000000
9258,925.102,10000000
9259,925.995,10000000
9260,927.135,10000000
9261,927.133,10000000
9262,926.845,10000000
9263,926.748,10000000
9264,925.412,10000000
9265,926.567,10000000
9266,925.842,10000000
9267,925.604,10000000
9268,925.934,10000000
9269,925.935,10000000
9270,925.528,10000000
9271,925.877,10000000
9272,925.990,10000000
9273,926.212,10000000
9274,925.515,10000000
9275,925.979,10000000
9276,925.643,10000000
9277,926.040,10000000
9278,925.345,10000000
9279,924.384,10000000
9280,925.654,10000000
9281,925.028,10000000
9282,925.055,10000000
9283,924.561,10000000
9284,925.151,10000000
9285,925.055,10000000
9286,925.633,10000000
9287,925.290,10000000
9288,925.768,10000000
9289,925.465,10000000
9290,924.237,10000000
9291,924.795,10000000
9292,924.930,10000000
9293,925.474,10000000
9294,925.264,10000000
9295,925.792,10000000
9296,926.328,10000000
9297,925.654,10000000
9298,924.825,10000000
9299,924.791,10000000
9300,925.020,10000000
9301,925.441,10000000
9302,925.535,10000000
9303,925.226,10000000
9304,924.265,10000000
9305,924.371,10000000
9306,924.081,10000000
9307,925.041,10000000
9308,924.515,10000000
9309,924.084,10000000
9310,924.256,10000000
9311,923.266,10000000
9312,924.706,10000000
9313,925.198,10000000
9314,924.488,10000000
9315,924.533,10000000
9316,925.036,10000000
9317,924.419,10000000
9318,925.391,10000000
9319,924.914,10000000
9320,924.142,10000000
9321,923.145,10000000
9322,923.876,10000000
9323,924.750,10000000
9324,925.410,10000000
9325,924.413,10000000
9326,924.297,10000000
9327,924.152,10000000
9328,924.638,10000000
9329,924.081,10000000
9330,922.904,10000000
9331,923.752,10000000
9332,923.098,10000000
9333,923.281,10000000
9334,923.559,10000000
9335,923.725,10000000
9336,923.267,10000000
9337,923.589,10000000
9338,922.922,10000000
9339,922.233,10000000
9340,923.545,10000000
9341,922.549,10000000
9342,922.444,10000000
9343,923.530,10000000
9344,923.172,10000000
9345,923.279,10000000
9346,922.907,10000000
9347,923.818,10000000
9348,925.096,10000000
9349,924.274,10000000
9350,921.698,10000000
9351,923.399,10000000
9352,923.382,10000000
9353,922.642,10000000
9354,924.005,10000000
9355,922.986,10000000
9356,921.877,10000000
9357,921.239,10000000
9358,921.871,10000000
9359,921.469,10000000
9360,921.401,10000000
9361,921.224,10000000
9362,921.592,10000000
9363,921.668,10000000
9364,920.666,10000000
9365,921.086,10000000
9366,921.707,10000000
9367,922.787,10000000
9368,923.883,10000000
9369,922.124,10000000
9370,921.318,10000000
9371,921.677,10000000
9372,922.757,10000000
9373,922.941,10000000
9374,923.281,10000000
9375,922.201,10000000
9376,922.216,10000000
9377,922.317,10000000
9378,924.387,10000000
9379,923.012,10000000
9380,923.129,10000000
9381,923.927,10000000
9382,922.773,10000000
9383,923.736,10000000
9384,923.718,10000000
9385,923.699,10000000
9386,922.739,10000000
9387,922.277,10000000
9388,923.318,10000000
9389,923.874,10000000
9390,923.877,10000000
9391,920.927,10000000
9392,920.620,10000000
9393,920.107,10000000
9394,921.101,10000000
9395,921.246,10000000
9396,922.089,10000000
9397,921.115,10000000
9398,921.602,10000000
9399,922.846,10000000
9400,922.909,10000000
9401,922.781,10000000
9402,922.138,10000000
9403,921.615,10000000
9404,921.681,10000000
9405,922.142,10000000
9406,922.682,10000000
9407,922.220,10000000
9408,922.168,10000000
9409,921.924,10000000
9410,921.738,10000000
9411,921.039,10000000
9412,919.923,10000000
9413,920.596,10000000
9414,922.026,10000000
9415,922.266,10000000
9416,922.214,10000000
9417,921.634,10000000
9418,922.023,10000000
9419,922.025,10000000
9420,921.802,10000000
9421,921.032,10000000
9422,920.888,10000000
9423,920.150,10000000
9424,920.452,10000000
9425,921.425,10000000
9426,922.369,10000000
9427,922.070,10000000
9428,921.690,10000000
9429,921.391,10000000
9430,921.344,10000000
9431,920.487,10000000
9432,920.139,10000000
9433,921.063,10000000
9434,920.968,10000000
9435,920.266,10000000
9436,921.776,10000000
9437,920.482,10000000
9438,920.428,10000000
9439,921.001,10000000
9440,920.738,10000000
9441,920.224,10000000
9442,920.410,10000000
9443,918.975,10000000
9444,919.858,10000000
9445,920.149,10000000
9446,919.694,10000000
9447,919.427,10000000
9448,919.898,10000000
9449,920.311,10000000
9450,919.330,10000000
9451,918.907,10000000
9452,919.268,10000000
9453,921.006,10000000
9454,919.153,10000000
9455,920.235,10000000
9456,920.359,10000000
9457,919.936,10000000
9458,919.373,10000000
9459,918.316,10000000
9460,920.706,10000000
9461,919.535,10000000
9462,919.461,10000000
9463,919.421,10000000
9464,920.228,10000000
9465,920.236,10000000
9466,919.761,10000000
9467,920.594,10000000
9468,920.641,10000000
9469,919.122,10000000
9470,918.883,10000000
9471,920.384,10000000
9472,920.064,10000000
9473,917.763,10000000
9474,918.541,10000000
9475,918.805,10000000
9476,918.480,10000000
9477,919.471,10000000
9478,918.655,10000000
9479,918.927,10000000
9480,918.835,10000000
9481,918.818,10000000
9482,919.791,10000000
9483,918.497,10000000
9484,918.616,10000000
9485,920.277,10000000
9486,919.910,10000000
9487,919.412,10000000
9488,919.534,10000000
9489,918.332,10000000
9490,918.039,10000000
9491,918.183,10000000
9492,917.573,10000000
9493,918.123,10000000
9494,917.316,10000000
9495,916.430,10000000
9496,917.137,10000000
9497,916.283,10000000
9498,917.320,10000000
9499,915.709,10000000
9500,915.823,10000000
9501,916.824,10000000
9502,918.073,10000000
9503,918.197,10000000
9504,917.978,10000000
9505,915.418,10000000
9506,916.925,10000000
9507,916.839,10000000
9508,917.292,10000000
9509,916.845,10000000
9510,915.992,10000000
9511,917.378,10000000
9512,916.829,10000000
9513,916.316,10000000
9514,917.094,10000000
9515,916.621,10000000
9516,917.233,10000000
9517,918.872,10000000
9518,918.130,10000000
9519,918.400,10000000
9520,918.526,10000000
9521,919.093,10000000
9522,917.478,10000000
9523,916.528,10000000
9524,916.460,10000000
9525,915.795,10000000
9526,916.783,10000000
9527,917.510,10000000
9528,917.149,10000000
9529,916.961,10000000
9530,917.519,10000000
9531,917.149,10000000
9532,917.561,10000000
9533,917.238,10000000
9534,916.071,10000000
9535,916.233,10000000
9536,916.737,10000000
9537,916.180,10000000
9538,917.016,10000000
9539,915.453,10000000
9540,916.179,10000000
9541,916.525,10000000
9542,915.243,10000000
9543,915.376,10000000
9544,916.503,10000000
9545,915.876,10000000
9546,915.494,10000000
9547,915.234,10000000
9548,915.514,10000000
9549,915.290,10000000
9550,916.021,10000000
9551,915.549,10000000
9552,916.698,10000000
9553,916.466,10000000
9554,917.007,10000000
9555,916.971,10000000
9556,916.445,10000000
9557,916.108,10000000
9558,916.833,10000000
9559,917.957,10000000
9560,917.996,10000000
9561,918.163,10000000
9562,917.411,10000000
9563,917.577,10000000
9564,916.593,10000000
9565,916.808,10000000
9566,917.499,10000000
9567,916.690,10000000
9568,917.984,10000000
9569,918.223,10000000
9570,916.731,10000000
9571,916.110,10000000
9572,915.367,10000000
9573,914.507,10000000
9574,914.403,10000000
9575,915.162,10000000
9576,914.849,10000000
9577,914.611,10000000
9578,915.506,10000000
9579,915.708,10000000
9580,916.160,10000000
9581,915.309,10000000
9582,914.863,10000000
9583,915.753,10000000
9584,916.675,10000000
9585,915.376,10000000
9586,914.970,10000000
9587,914.586,10000000
9588,915.487,10000000
9589,916.176,10000000
9590,915.593,10000000
9591,916.221,10000000
9592,915.189,10000000
9593,916.561,10000000
9594,915.969,10000000
9595,916.091,10000000
9596,915.280,10000000
9597,914.425,10000000
9598,914.621,10000000
9599,914.735,10000000
9600,915.311,10000000
9601,916.571,10000000
9602,916.482,10000000
9603,916.370,10000000
9604,915.871,10000000
9605,915.478,10000000
9606,914.828,10000000
9607,914.542,10000000
9608,915.084,10000000
9609,915.646,10000000
9610,914.752,10000000
9611,914.890,10000000
9612,915.043,10000000
9613,914.815,10000000
9614,915.461,10000000
9615,915.236,10000000
9616,915.242,10000000
9617,915.700,10000000
9618,915.709,10000000
9619,915.817,10000000
9620,916.678,10000000
9621,915.087,10000000
9622,914.476,10000000
9623,915.295,10000000
9624,914.315,10000000
9625,914.808,10000000
9626,913.483,10000000
9627,914.588,10000000
9628,914.426,10000000
9629,914.151,10000000
9630,914.308,10000000
9631,914.816,10000000
9632,914.479,10000000
9633,914.327,10000000
9634,914.213,10000000
9635,915.691,10000000
9636,916.738,10000000
9637,915.450,10000000
9638,915.107,10000000
9639,916.415,10000000
9640,915.502,10000000
9641,915.859,10000000
9642,915.958,10000000
9643,915.422,10000000
9644,915.574,10000000
9645,916.022,10000000
9646,914.723,10000000
9647,914.664,10000000
9648,914.404,10000000
9649,914.673,10000000
9650,915.914,10000000
9651,915.745,10000000
9652,914.811,10000000
9653,913.617,10000000
9654,914.993,10000000
9655,914.343,10000000
9656,914.051,10000000
9657,913.321,10000000
9658,914.060,10000000
9659,915.108,10000000
9660,914.780,10000000
9661,914.423,10000000
9662,914.673,10000000
9663,914.534,10000000
9664,914.466,10000000
9665,914.201,10000000
9666,914.108,10000000
9667,913.719,10000000
9668,913.649,10000000
9669,914.568,10000000
9670,914.997,10000000
9671,914.641,10000000
9672,913.756,10000000
9673,913.865,10000000
9674,914.558,10000000
9675,913.498,10000000
9676,912.305,10000000
9677,913.292,10000000
9678,913.392,10000000
9679,912.836,10000000
9680,914.188,10000000
9681,914.752,10000000
9682,915.004,10000000
9683,913.646,10000000
9684,914.243,10000000
9685,914.964,10000000
9686,915.294,10000000
9687,914.278,10000000
9688,914.467,10000000
9689,912.737,10000000
9690,913.449,10000000
9691,913.445,10000000
9692,912.632,10000000
9693,912.115,10000000
9694,913.001,10000000
9695,914.450,10000000
9696,913.062,10000000
9697,912.351,10000000
9698,912.423,10000000
9699,911.939,10000000
9700,911.797,10000000
9701,912.608,10000000
9702,912.555,10000000
9703,911.845,10000000
9704,912.490,10000000
9705,911.219,10000000
9706,912.306,10000000
9707,910.828,10000000
9708,909.301,10000000
9709,910.368,10000000
9710,911.799,10000000
9711,912.295,10000000
9712,911.354,10000000
9713,911.337,10000000
9714,911.408,10000000
9715,912.056,10000000
9716,912.312,10000000
9717,912.943,10000000
9718,912.316,10000000
9719,912.992,10000000
9720,912.197,10000000
9721,913.182,10000000
9722,911.980,10000000
9723,912.217,10000000
9724,912.961,10000000
9725,911.663,10000000
9726,912.301,10000000
9727,911.594,10000000
9728,912.595,10000000
9729,912.599,10000000
9730,911.788,10000000
9731,911.049,10000000
9732,912.648,10000000
9733,912.907,10000000
9734,912.908,10000000
9735,912.108,10000000
9736,911.558,10000000
9737,911.300,10000000
9738,911.065,10000000
9739,910.710,10000000
9740,910.055,10000000
9741,910.349,10000000
9742,912.107,10000000
9743,912.010,10000000
9744,911.070,10000000
9745,911.295,10000000
9746,911.701,10000000
9747,912.947,10000000
9748,913.248,10000000
9749,912.935,10000000
9750,912.629,10000000
9751,911.397,10000000
9752,911.901,10000000
9753,912.728,10000000
9754,913.175,10000000
9755,912.347,10000000
9756,912.237,10000000
9757,912.549,10000000
9758,911.664,10000000
9759,912.411,10000000
9760,912.389,10000000
9761,912.505,10000000
9762,912.721,10000000
9763,913.690,10000000
9764,913.788,10000000
9765,912.987,10000000
9766,912.498,10000000
9767,913.424,10000000
9768,912.301,10000000
9769,912.058,10000000
9770,910.688,10000000
9771,911.324,10000000
9772,911.092,10000000
9773,910.705,10000000
9774,911.638,10000000
9775,912.160,10000000
9776,910.739,10000000
9777,909.730,10000000
9778,910.698,10000000
9779,910.533,10000000
9780,910.299,10000000
9781,911.297,10000000
9782,911.307,10000000
9783,911.253,10000000
9784,911.339,10000000
9785,910.304,10000000
9786,910.306,10000000
9787,908.493,10000000
9788,909.613,10000000
9789,910.124,10000000
9790,909.900,10000000
9791,910.615,10000000
9792,910.420,10000000
9793,909.416,10000000
9794,910.795,10000000
9795,909.777,10000000
9796,909.356,10000000
9797,909.672,10000000
9798,911.713,10000000
9799,912.641,10000000
9800,911.821,10000000
9801,911.054,10000000
9802,910.607,10000000
9803,910.922,10000000
9804,911.831,10000000
9805,910.690,10000000
9806,908.829,10000000
9807,909.140,10000000
9808,910.160,10000000
9809,910.624,10000000
9810,908.924,10000000
9811,909.372,10000000
9812,908.886,10000000
9813,909.423,10000000
9814,909.412,10000000
9815,910.242,10000000
9816,909.456,10000000
9817,910.564,10000000
9818,909.794,10000000
9819,910.745,10000000
9820,910.307,10000000
9821,908.321,10000000
9822,909.402,10000000
9823,909.229,10000000
9824,910.179,10000000
9825,910.240,10000000
9826,909.301,10000000
9827,908.150,10000000
9828,909.611,10000000
9829,908.923,10000000
9830,909.148,10000000
9831,909.088,10000000
9832,909.080,10000000
9833,910.153,10000000
9834,910.377,10000000
9835,909.917,10000000
9836,908.925,10000000
9837,909.569,10000000
9838,908.432,10000000
9839,909.117,10000000
9840,909.854,10000000
9841,909.151,10000000
9842,907.627,10000000
9843,907.115,10000000
9844,908.412,10000000
9845,910.055,10000000
9846,909.831,10000000
9847,911.010,10000000
9848,909.234,10000000
9849,910.209,10000000
9850,911.076,10000000
9851,909.474,10000000
9852,908.683,10000000
9853,908.938,10000000
9854,908.754,10000000
9855,909.040,10000000
9856,909.351,10000000
9857,908.670,10000000
9858,907.841,10000000
9859,908.402,10000000
9860,909.343,10000000
9861,909.948,10000000
9862,909.865,10000000
9863,908.611,10000000
9864,908.830,10000000
9865,909.795,10000000
9866,909.682,10000000
9867,910.125,10000000
9868,909.133,10000000
9869,909.208,10000000
9870,909.459,10000000
9871,909.572,10000000
9872,909.330,10000000
9873,908.957,10000000
9874,907.532,10000000
9875,908.371,10000000
9876,907.969,10000000
9877,907.742,10000000
9878,907.073,10000000
9879,907.812,10000000
9880,909.421,10000000
9881,909.623,10000000
9882,909.780,10000000
9883,909.031,10000000
9884,909.985,10000000
9885,910.015,10000000
9886,908.938,10000000
9887,908.092,10000000
9888,907.358,10000000
9889,907.112,10000000
9890,908.298,10000000
9891,908.808,10000000
9892,907.414,10000000
9893,906.634,10000000
9894,907.766,10000000
9895,907.091,10000000
9896,906.836,10000000
9897,907.129,10000000
9898,908.537,10000000
9899,907.476,10000000
9900,906.985,10000000
9901,906.996,10000000
9902,907.779,10000000
9903,906.777,10000000
9904,907.255,10000000
9905,906.167,10000000
9906,906.251,10000000
9907,905.736,10000000
9908,905.830,10000000
9909,906.558,10000000
9910,907.069,10000000
9911,907.134,10000000
9912,907.224,10000000
9913,907.591,10000000
9914,907.184,10000000
9915,907.998,10000000
9916,910.207,10000000
9917,908.927,10000000
9918,907.718,10000000
9919,907.201,10000000
9920,906.518,10000000
9921,906.803,10000000
9922,908.691,10000000
9923,907.765,10000000
9924,907.500,10000000
9925,906.952,10000000
9926,907.387,10000000
9927,909.462,10000000
9928,908.838,10000000
9929,909.038,10000000
9930,908.015,10000000
9931,908.668,10000000
9932,907.850,10000000
9933,907.892,10000000
9934,907.637,10000000
9935,908.843,10000000
9936,909.551,10000000
9937,909.774,10000000
9938,908.313,10000000
9939,908.012,10000000
9940,906.365,10000000
9941,905.364,10000000
9942,906.471,10000000
9943,905.940,10000000
9944,905.914,10000000
9945,906.942,10000000
9946,906.435,10000000
9947,906.666,10000000
9948,906.214,10000000
9949,906.308,10000000
9950,907.295,10000000
9951,908.371,10000000
9952,907.497,10000000
9953,908.091,10000000
9954,905.162,10000000
9955,905.412,10000000
9956,905.912,10000000
9957,907.031,10000000
9958,905.316,10000000
9959,904.973,10000000
9960,905.935,10000000
9961,906.358,10000000
9962,907.049,10000000
9963,906.899,10000000
9964,906.252,10000000
9965,905.459,10000000
9966,905.702,10000000
9967,905.317,10000000
9968,905.793,10000000
9969,905.538,10000000
9970,904.818,10000000
9971,905.306,10000000
9972,904.935,10000000
9973,904.733,10000000
9974,903.870,10000000
9975,903.886,10000000
9976,904.610,10000000
9977,906.057,10000000
9978,905.015,10000000
9979,904.652,10000000
9980,905.389,10000000
9981,905.504,10000000
9982,905.330,10000000
9983,905.332,10000000
9984,905.365,10000000
9985,905.597,10000000
9986,905.819,10000000
9987,905.168,10000000
9988,905.569,10000000
9989,905.993,10000000
9990,905.397,10000000
9991,904.118,10000000
9992,905.197,10000000
9993,905.603,10000000
9994,905.185,10000000
9995,905.579,10000000
9996,906.741,10000000
9997,906.533,10000000
9998,906.333,10000000
9999,906.578,10000000
10000,906.199,10000000
10001,906.054,10000000
10002,907.000,10000000
10003,908.160,10000000
10004,906.958,10000000
10005,906.025,10000000
10006,904.967,10000000
10007,904.881,10000000
10008,905.336,10000000
10009,904.590,10000000
10010,904.200,10000000
10011,904.837,10000000
10012,904.273,10000000
10013,905.642,10000000
10014,905.594,10000000
10015,904.832,10000000
10016,906.174,10000000
10017,906.301,10000000
10018,906.310,10000000
10019,907.398,10000000
10020,906.432,10000000
10021,904.781,10000000
10022,905.600,10000000
10023,905.427,10000000
10024,906.394,10000000
10025,906.245,10000000
10026,905.699,10000000
10027,904.820,10000000
10028,905.288,10000000
10029,904.882,10000000
10030,905.536,10000000
10031,906.390,10000000
10032,904.602,10000000
10033,904.899,10000000
10034,905.119,10000000
10035,905.472,10000000
10036,905.712,10000000
10037,905.777,10000000
10038,906.509,10000000
10039,907.099,10000000
10040,904.875,10000000
10041,905.161,10000000
10042,905.090,10000000
10043,903.910,10000000
10044,903.972,10000000
10045,903.596,10000000
10046,903.756,10000000
10047,903.513,10000000
10048,903.365,10000000
10049,904.223,10000000
10050,905.399,10000000
10051,905.738,10000000
10052,905.564,10000000
10053,905.094,10000000
10054,905.491,10000000
10055,906.012,10000000
10056,905.630,10000000
10057,904.897,10000000
10058,904.728,10000000
10059,903.824,10000000
10060,903.867,10000000
10061,903.579,10000000
10062,903.429,10000000
10063,903.362,10000000
10064,903.098,10000000
10065,903.893,10000000
10066,903.236,10000000
10067,903.636,10000000
10068,902.179,10000000
10069,902.536,10000000
10070,904.343,10000000
10071,903.941,10000000
10072,902.609,10000000
10073,903.776,10000000
10074,904.503,10000000
10075,904.416,10000000
10076,904.067,10000000
10077,903.272,10000000
10078,903.676,10000000
10079,905.229,10000000
10080,905.394,10000000
10081,905.625,10000000
10082,905.083,10000000
10083,904.528,10000000
10084,903.641,10000000
10085,904.926,10000000
10086,906.071,10000000
10087,904.073,10000000
10088,902.873,10000000
10089,904.051,10000000
10090,903.270,10000000
10091,903.861,10000000
10092,904.258,10000000
10093,903.798,10000000
10094,904.660,10000000
10095,904.234,10000000
10096,904.471,10000000
10097,904.522,10000000
10098,904.656,10000000
10099,904.520,10000000
10100,905.015,10000000
10101,905.027,10000000
10102,904.612,10000000
10103,903.703,10000000
10104,904.967,10000000
10105,905.427,10000000
10106,904.457,10000000
10107,903.422,10000000
10108,902.513,10000000
10109,902.887,10000000
10110,902.803,10000000
10111,903.796,10000000
10112,903.427,10000000
10113,903.922,10000000
10114,902.974,10000000
10115,903.446,10000000
10116,902.867,10000000
10117,902.197,10000000
10118,902.045,10000000
10119,902.802,10000000
10120,903.670,10000000
10121,902.573,10000000
10122,901.815,10000000
10123,902.379,10000000
10124,902.598,10000000
10125,903.717,10000000
10126,904.436,10000000
10127,904.546,10000000
10128,903.965,10000000
10129,902.929,10000000
10130,902.239,10000000
10131,902.610,10000000
10132,904.356,10000000
10133,902.561,10000000
10134,903.628,10000000
10135,902.507,10000000
10136,903.431,10000000
10137,903.677,10000000
10138,904.517,10000000
10139,903.785,10000000
10140,901.954,10000000
10141,901.989,10000000
10142,902.017,10000000
10143,902.128,10000000
10144,901.860,10000000
10145,901.745,10000000
10146,902.641,10000000
10147,902.988,10000000
10148,904.308,10000000
10149,903.851,10000000
10150,902.630,10000000
10151,903.714,10000000
10152,903.971,10000000
10153,902.697,10000000
10154,902.440,10000000
10155,902.060,10000000
10156,902.698,10000000
10157,902.526,10000000
10158,902.045,10000000
10159,902.044,10000000
10160,899.864,10000000
10161,901.614,10000000
10162,901.743,10000000
10163,901.645,10000000
10164,901.558,10000000
10165,901.865,10000000
10166,901.403,10000000
10167,900.310,10000000
10168,902.145,10000000
10169,902.157,10000000
10170,902.733,10000000
10171,903.109,10000000
10172,903.680,10000000
10173,903.223,10000000
10174,902.695,10000000
10175,903.038,10000000
10176,903.989,10000000
10177,903.271,10000000
10178,902.963,10000000
10179,903.491,10000000
10180,903.384,10000000
10181,904.760,10000000
10182,904.102,10000000
10183,902.617,10000000
10184,902.986,10000000
10185,904.334,10000000
10186,903.219,10000000
10187,903.922,10000000
10188,903.349,10000000
10189,902.927,10000000
10190,902.149,10000000
10191,901.276,10000000
10192,902.533,10000000
10193,902.923,10000000
10194,902.643,10000000
10195,901.106,10000000
10196,901.173,10000000
10197,902.469,10000000
10198,902.443,10000000
10199,902.444,10000000
10200,901.813,10000000
10201,901.858,10000000
10202,903.049,10000000
10203,899.004,10000000
10204,910.639,10000000
10205,916.371,10000000
10206,918.721,10000000
10207,915.951,10000000
10208,899.576,10000000
10209,902.774,10000000
10210,896.275,10000000
10211,897.512,10000000
10212,912.369,10000000
10213,919.078,10000000
10214,916.801,10000000
10215,927.748,10000000
10216,1486.482,10000000
10217,2102.098,10000000
10218,2602.425,10000000
10219,2980.027,10000000
10220,3272.803,10000000
10221,3509.964,10000000
10222,3714.834,10000000
10223,3883.949,10000000
10224,4016.465,10000000
10225,4129.264,10000000
10226,4232.434,10000000
10227,4325.064,10000000
10228,4407.435,10000000
10229,4472.944,10000000
10230,4524.696,10000000
10231,4580.070,10000000
10232,4634.529,10000000
10233,4681.125,10000000
10234,4719.418,10000000
10235,4752.096,10000000
10236,4787.946,10000000
10237,4822.372,10000000
10238,4853.974,10000000
10239,4879.878,10000000
10240,4903.104,10000000
10241,4928.172,10000000
10242,4953.516,10000000
10243,4976.715,10000000
10244,4994.971,10000000
10245,5012.010,10000000
10246,5031.633,10000000
10247,5053.006,10000000
10248,5069.452,10000000
10249,5084.816,10000000
10250,5099.678,10000000
10251,5112.880,10000000
10252,5129.642,10000000
10253,5143.751,10000000
10254,5153.792,10000000
10255,5166.069,10000000
10256,5181.047,10000000
10257,5193.012,10000000
10258,5205.437,10000000
10259,5214.470,10000000
10260,5224.755,10000000
10261,5237.144,10000000
10262,5247.942,10000000
10263,5255.208,10000000
10264,5265.692,10000000
10265,5276.068,10000000
10266,14378.154,10000000
10267,17337.592,10000000
10268,17989.490,10000000
10269,18194.273,10000000
10270,18262.746,10000000
10271,18249.166,10000000
10272,18227.490,10000000
10273,18212.221,10000000
10274,18300.131,10000000
10275,18418.836,10000000
10276,18546.203,10000000
10277,18560.820,10000000
10278,18471.148,10000000
10279,18458.320,10000000
10280,18421.197,10000000
10281,18400.227,10000000
10282,18347.480,10000000
10283,18277.428,10000000
10284,18284.070,10000000
10285,18229.834,10000000
10286,18204.258,10000000
10287,18314.482,10000000
10288,18494.057,10000000
10289,18541.111,10000000
10290,18492.377,10000000
10291,18460.484,10000000
10292,18446.520,10000000
10293,18376.848,10000000
10294,18345.207,10000000
10295,18310.322,10000000
10296,18284.813,10000000
10297,18231.012,10000000
10298,18181.121,10000000
10299,18268.068,10000000
10300,18442.063,10000000
10301,18541.303,10000000
10302,18505.297,10000000
10303,18450.178,10000000
10304,18419.973,10000000
10305,18378.977,10000000
10306,18339.914,10000000
10307,18287.910,10000000
10308,18254.385,10000000
10309,18200.730,10000000
10310,18185.723,10000000
10311,18203.852,10000000
10312,18343.082,10000000
10313,18510.322,10000000
10314,18539.539,10000000
10315,21222.182,10000000
10316,26831.803,10000000
10317,25764.123,10000000
10318,21077.955,10000000
10319,19841.988,10000000
10320,18857.568,10000000
10321,18478.004,10000000
10322,18331.598,10000000
10323,18224.182,10000000
10324,18326.986,10000000
10325,18502.490,10000000
10326,18577.170,10000000
10327,18508.703,10000000
10328,18463.344,10000000
10329,18441.037,10000000
10330,18387.602,10000000
10331,18312.857,10000000
10332,18263.689,10000000
10333,18234.852,10000000
10334,18217.949,10000000
10335,18198.066,10000000
10336,18248.883,10000000
10337,18432.184,10000000
10338,18539.313,10000000
10339,18538.920,10000000
10340,18453.088,10000000
10341,18434.443,10000000
10342,18369.152,10000000
10343,18340.910,10000000
10344,18292.871,10000000
10345,18272.324,10000000
10346,18245.648,10000000
10347,18210.123,10000000
10348,18187.996,10000000
10349,18360.621,10000000
10350,18483.910,10000000
10351,18561.652,10000000
10352,18482.725,10000000
10353,18436.885,10000000
10354,18419.984,10000000
10355,18375.027,10000000
10356,18311.521,10000000
10357,18287.547,10000000
10358,18240.297,10000000
10359,18236.209,10000000
10360,18206.115,10000000
10361,18269.492,10000000
10362,18443.137,10000000
10363,18552.555,10000000
10364,18517.826,10000000
10365,18442.555,10000000
10366,18410.238,10000000
10367,18365.859,10000000
10368,18402.596,10000000
10369,21457.234,10000000
10370,26832.223,10000000
10371,25276.988,10000000
10372,20778.107,10000000
10373,19628.000,10000000
10374,18870.955,10000000
10375,18713.701,10000000
10376,18628.666,10000000
10377,18514.582,10000000
10378,18439.355,10000000
10379,18441.490,10000000
10380,18387.615,10000000
10381,18326.254,10000000
10382,18302.928,10000000
10383,18271.883,10000000
10384,18217.596,10000000
10385,18191.279,10000000
10386,18291.779,10000000
10387,18428.217,10000000
10388,18549.188,10000000
10389,18509.854,10000000
10390,18478.770,10000000
10391,18452.129,10000000
10392,18420.699,10000000
10393,18388.271,10000000
10394,18368.813,10000000
10395,18309.016,10000000
10396,18246.611,10000000
10397,18239.643,10000000
10398,18211.639,10000000
10399,18351.887,10000000
10400,18489.266,10000000
10401,18579.533,10000000
10402,18525.762,10000000
10403,18491.477,10000000
10404,18431.795,10000000
10405,18372.355,10000000
10406,18353.154,10000000
10407,18330.889,10000000
10408,18286.828,10000000
10409,18221.416,10000000
10410,18198.576,10000000
10411,18295.506,10000000
10412,18411.191,10000000
10413,18499.334,10000000
10414,18510.561,10000000
10415,18506.840,10000000
10416,18430.268,10000000
10417,18413.930,10000000
10418,18381.990,10000000
10419,18349.186,10000000
10420,18258.711,10000000
10421,18225.137,10000000
10422,18214.828,10000000
10423,21731.527,10000000
10424,27048.178,10000000
10425,25191.512,10000000
10426,21008.137,10000000
10427,18916.789,10000000
10428,14753.154,10000000
10429,13183.939,10000000
10430,12605.663,10000000
10431,12375.783,10000000
10432,12288.886,10000000
10433,12254.862,10000000
10434,12251.543,10000000
10435,12274.726,10000000
10436,12278.137,10000000
10437,12272.043,10000000
10438,12283.164,10000000
10439,12270.304,10000000
10440,12259.332,10000000
10441,12277.948,10000000
10442,12276.505,10000000
10443,12274.795,10000000
10444,12253.570,10000000
10445,12248.404,10000000
10446,12265.190,10000000
10447,12265.478,10000000
10448,12255.183,10000000
10449,12264.443,10000000
10450,12242.842,10000000
10451,12241.604,10000000
10452,12236.574,10000000
10453,12238.087,10000000
10454,12253.162,10000000
10455,12253.352,10000000
10456,12261.661,10000000
10457,12247.924,10000000
10458,12269.926,10000000
10459,12288.191,10000000
10460,12287.106,10000000
10461,12249.290,10000000
10462,12278.849,10000000
10463,12246.022,10000000
10464,12233.294,10000000
10465,12225.828,10000000
10466,12224.130,10000000
10467,12267.458,10000000
10468,12282.099,10000000
10469,12265.687,10000000
10470,12279.040,10000000
10471,12257.406,10000000
10472,12261.520,10000000
10473,12266.309,10000000
10474,12290.973,10000000
10475,12261.708,10000000
10476,12241.873,10000000
10477,16189.904,10000000
10478,20931.563,10000000
10479,18474.348,10000000
10480,14505.138,10000000
10481,17027.953,10000000
10482,14943.558,10000000
10483,13240.544,10000000
10484,12619.428,10000000
10485,12405.469,10000000
10486,12307.460,10000000
10487,12279.687,10000000
10488,12289.443,10000000
10489,12264.826,10000000
10490,12287.188,10000000
10491,12262.815,10000000
10492,12253.148,10000000
10493,12241.335,10000000
10494,12234.717,10000000
10495,12231.135,10000000
10496,12243.323,10000000
10497,12243.932,10000000
10498,12244.510,10000000
10499,12244.149,10000000
10500,12259.622,10000000
10501,12252.260,10000000
10502,12259.968,10000000
10503,12261.324,10000000
10504,12291.230,10000000
10505,12268.435,10000000
10506,12251.698,10000000
10507,12232.911,10000000
10508,12226.174,10000000
10509,12207.536,10000000
10510,12212.970,10000000
10511,12209.923,10000000
10512,12233.593,10000000
10513,12246.642,10000000
10514,12275.917,10000000
10515,12273.486,10000000
10516,12270.147,10000000
10517,12241.171,10000000
10518,12242.737,10000000
10519,12239.868,10000000
10520,12252.300,10000000
10521,12238.083,10000000
10522,12255.702,10000000
10523,12240.701,10000000
10524,12235.331,10000000
10525,12234.182,10000000
10526,12251.876,10000000
10527,12262.990,10000000
10528,12251.430,10000000
10529,12240.993,10000000
10530,12233.785,10000000
10531,16565.916,10000000
10532,21041.033,10000000
10533,18156.557,10000000
10534,14397.593,10000000
10535,13432.494,10000000
10536,12678.445,10000000
10537,12398.278,10000000
10538,12305.021,10000000
10539,12275.962,10000000
10540,12234.448,10000000
10541,12227.949,10000000
10542,12227.908,10000000
10543,12247.957,10000000
10544,12276.093,10000000
10545,12274.048,10000000
10546,12283.122,10000000
10547,12291.331,10000000
10548,12280.122,10000000
10549,12275.783,10000000
10550,12248.091,10000000
10551,12232.702,10000000
10552,12230.629,10000000
10553,12241.357,10000000
10554,12227.262,10000000
10555,12266.840,10000000
10556,12252.584,10000000
10557,12286.976,10000000
10558,12265.727,10000000
10559,12266.761,10000000
10560,12250.330,10000000
10561,12279.309,10000000
10562,12269.320,10000000
10563,12255.334,10000000
10564,12255.495,10000000
10565,12259.729,10000000
10566,12272.266,10000000
10567,12250.264,10000000
10568,12256.308,10000000
10569,12235.843,10000000
10570,12251.132,10000000
10571,12244.485,10000000
10572,12275.248,10000000
10573,12286.642,10000000
10574,12298.003,10000000
10575,12285.070,10000000
10576,12280.473,10000000
10577,12285.127,10000000
10578,12272.145,10000000
10579,12266.072,10000000
10580,12257.947,10000000
10581,12238.467,10000000
10582,12232.556,10000000
10583,12244.654,10000000
10584,12245.457,10000000
10585,16925.215,10000000
10586,21172.525,10000000
10587,17854.949,10000000
10588,14335.380,10000000
10589,13387.614,10000000
10590,12685.209,10000000
10591,12405.257,10000000
10592,12303.546,10000000
10593,12259.216,10000000
10594,12242.368,10000000
10595,12268.820,10000000
10596,12246.801,10000000
10597,12233.352,10000000
10598,12236.887,10000000
10599,12256.784,10000000
10600,12256.394,10000000
10601,12246.676,10000000
10602,12255.672,10000000
10603,12231.414,10000000
10604,12216.823,10000000
10605,12254.779,10000000
10606,12275.992,10000000
10607,12289.540,10000000
10608,12267.266,10000000
10609,12259.999,10000000
10610,12244.904,10000000
10611,12258.890,10000000
10612,12260.013,10000000
10613,12223.444,10000000
10614,12236.014,10000000
10615,12235.079,10000000
10616,12224.674,10000000
10617,12248.029,10000000
10618,12240.746,10000000
10619,12251.226,10000000
10620,12298.657,10000000
10621,12287.354,10000000
10622,12270.481,10000000
10623,12255.344,10000000
10624,12243.098,10000000
10625,12240.501,10000000
10626,12231.720,10000000
10627,12231.761,10000000
10628,12205.341,10000000
10629,12233.731,10000000
10630,12262.395,10000000
10631,12263.317,10000000
10632,12262.145,10000000
10633,12281.211,10000000
10634,12250.632,10000000
10635,12278.750,10000000
10636,12244.988,10000000
10637,12247.467,10000000
10638,12260.744,10000000
10639,17237.088,10000000
10640,21303.793,10000000
10641,17620.848,10000000
10642,14201.093,10000000
10643,13336.271,10000000
10644,12625.489,10000000
10645,12375.234,10000000
10646,12301.398,10000000
10647,12258.316,10000000
10648,12251.561,10000000
10649,12261.596,10000000
10650,12263.813,10000000
10651,12263.222,10000000
10652,12286.439,10000000
10653,12259.720,10000000
10654,12266.250,10000000
10655,12263.397,10000000
10656,12253.219,10000000
10657,12234.391,10000000
10658,12270.232,10000000
10659,12259.175,10000000
10660,12261.552,10000000
10661,12258.148,10000000
10662,12234.397,10000000
10663,12235.078,10000000
10664,12254.065,10000000
10665,12266.956,10000000
10666,12264.583,10000000
10667,12260.419,10000000
10668,12265.005,10000000
10669,12268.262,10000000
10670,12272.763,10000000
10671,12271.152,10000000
10672,12285.452,10000000
10673,12258.373,10000000
10674,12239.962,10000000
10675,12232.451,10000000
10676,12226.410,10000000
10677,12249.766,10000000
10678,12268.530,10000000
10679,12259.836,10000000
10680,12261.728,10000000
10681,12256.302,10000000
10682,12243.641,10000000
10683,12269.793,10000000
10684,12255.397,10000000
10685,12236.791,10000000
10686,12273.175,10000000
10687,12259.858,10000000
10688,12238.681,10000000
10689,12247.758,10000000
10690,12254.990,10000000
10691,12269.485,10000000
10692,12221.368,10000000
10693,17467.455,10000000
10694,21359.785,10000000
10695,17311.477,10000000
10696,14071.707,10000000
10697,13230.224,10000000
10698,12621.735,10000000
10699,12406.958,10000000
10700,12311.275,10000000
10701,12285.466,10000000
10702,12264.222,10000000
10703,12228.403,10000000
10704,12226.095,10000000
10705,12228.512,10000000
10706,12209.739,10000000
10707,12254.112,10000000
10708,12276.325,10000000
10709,12277.085,10000000
10710,12274.043,10000000
10711,12263.361,10000000
10712,12251.236,10000000
10713,12269.029,10000000
10714,12246.811,10000000
10715,12233.546,10000000
10716,12249.409,10000000
10717,12249.194,10000000
10718,12226.454,10000000
10719,12226.616,10000000
10720,12218.968,10000000
10721,12227.106,10000000
10722,12235.188,10000000
10723,12245.800,10000000
10724,12250.776,10000000
10725,12248.425,10000000
10726,12258.847,10000000
10727,12255.929,10000000
10728,12247.664,10000000
10729,12240.047,10000000
10730,12238.230,10000000
10731,12241.733,10000000
10732,12240.391,10000000
10733,12239.520,10000000
10734,12262.746,10000000
10735,12263.408,10000000
10736,12239.520,10000000
10737,12248.600,10000000
10738,12230.827,10000000
10739,12234.214,10000000
10740,12240.326,10000000
10741,12229.268,10000000
10742,12218.764,10000000
10743,12224.389,10000000
10744,12201.292,10000000
10745,12224.502,10000000
10746,12243.157,10000000
10747,17813.371,10000000
10748,21519.590,10000000
10749,17109.906,10000000
10750,14030.633,10000000
10751,20984.254,10000000
10752,19305.309,10000000
10753,18694.516,10000000
10754,18417.305,10000000
10755,18299.057,10000000
10756,18242.537,10000000
10757,18204.475,10000000
10758,18359.648,10000000
10759,18469.061,10000000
10760,18543.813,10000000
10761,18484.348,10000000
10762,18455.781,10000000
10763,18389.260,10000000
10764,18375.660,10000000
10765,18343.779,10000000
10766,18310.014,10000000
10767,18253.928,10000000
10768,18244.773,10000000
10769,18241.441,10000000
10770,18300.500,10000000
10771,18427.836,10000000
10772,18554.881,10000000
10773,18531.125,10000000
10774,18466.205,10000000
10775,18447.475,10000000
10776,18380.021,10000000
10777,18327.771,10000000
10778,18326.318,10000000
10779,18293.176,10000000
10780,18255.127,10000000
10781,18265.504,10000000
10782,18242.172,10000000
10783,18352.092,10000000
10784,18500.818,10000000
10785,18581.430,10000000
10786,18486.469,10000000
10787,18459.621,10000000
10788,18416.340,10000000
10789,18375.682,10000000
10790,18339.977,10000000
10791,18321.766,10000000
10792,18278.893,10000000
10793,18236.305,10000000
10794,18227.729,10000000
10795,18256.066,10000000
10796,18384.266,10000000
10797,18534.367,10000000
10798,18571.318,10000000
10799,18514.820,10000000
10800,18450.695,10000000
10801,24373.186,10000000
10802,27915.563,10000000
10803,23060.566,10000000
10804,20046.238,10000000
10805,19241.146,10000000
10806,18609.119,10000000
10807,18327.307,10000000
10808,18383.240,10000000
10809,18437.865,10000000
10810,18575.139,10000000
10811,18518.920,10000000
10812,18460.324,10000000
10813,18417.088,10000000
10814,18393.586,10000000
10815,18335.250,10000000
10816,18305.045,10000000
10817,18285.271,10000000
10818,18204.521,10000000
10819,18161.154,10000000
10820,18236.605,10000000
10821,18380.311,10000000
10822,18519.076,10000000
10823,18581.516,10000000
10824,18507.824,10000000
10825,18463.615,10000000
10826,18431.477,10000000
10827,18386.764,10000000
10828,18316.572,10000000
10829,18284.986,10000000
10830,18242.061,10000000
10831,18212.850,10000000
10832,18181.338,10000000
10833,18293.979,10000000
10834,18422.818,10000000
10835,18546.211,10000000
10836,18526.865,10000000
10837,18458.928,10000000
10838,18461.025,10000000
10839,18390.576,10000000
10840,18364.215,10000000
10841,18361.010,10000000
10842,18324.137,10000000
10843,18275.891,10000000
10844,18221.984,10000000
10845,18229.980,10000000
10846,18363.262,10000000
10847,18457.191,10000000
10848,18519.844,10000000
10849,18507.373,10000000
10850,18412.904,10000000
10851,18379.996,10000000
10852,18348.711,10000000
10853,18372.355,10000000
10854,18285.836,10000000
10855,24497.598,10000000
10856,27877.201,10000000
10857,22705.799,10000000
10858,19891.246,10000000
10859,19333.807,10000000
10860,18901.613,10000000
10861,18678.330,10000000
10862,18538.689,10000000
10863,18453.037,10000000
10864,18440.527,10000000
10865,18396.922,10000000
10866,18348.916,10000000
10867,18349.381,10000000
10868,18276.902,10000000
10869,18202.184,10000000
10870,18242.002,10000000
10871,18316.023,10000000
10872,18456.094,10000000
10873,18558.164,10000000
10874,18538.855,10000000
10875,18461.398,10000000
10876,18450.303,10000000
10877,18399.977,10000000
10878,18350.629,10000000
10879,18307.199,10000000
10880,18287.066,10000000
10881,18261.463,10000000
10882,18213.436,10000000
10883,18241.898,10000000
10884,18371.342,10000000
10885,18523.510,10000000
10886,18570.465,10000000
10887,18528.883,10000000
10888,18471.875,10000000
10889,18408.307,10000000
10890,18387.436,10000000
10891,18334.639,10000000
10892,18290.014,10000000
10893,18310.139,10000000
10894,18260.209,10000000
10895,18211.424,10000000
10896,18300.549,10000000
10897,18419.297,10000000
10898,18577.514,10000000
10899,18561.014,10000000
10900,18502.125,10000000
10901,18485.121,10000000
10902,18426.955,10000000
10903,18361.270,10000000
10904,18341.422,10000000
10905,18337.131,10000000
10906,18263.939,10000000
10907,18239.486,10000000
10908,18221.801,10000000
10909,24788.416,10000000
10910,28151.320,10000000
10911,22779.602,10000000
10912,20047.445,10000000
10913,19312.199,10000000
10914,18765.836,10000000
10915,18510.109,10000000
10916,18410.818,10000000
10917,18331.869,10000000
10918,18269.473,10000000
10919,18238.805,10000000
10920,18232.973,10000000
10921,18265.873,10000000
10922,18413.295,10000000
10923,18540.744,10000000
10924,18504.936,10000000
10925,18496.920,10000000
10926,18492.818,10000000
10927,18436.645,10000000
10928,18432.963,10000000
10929,18367.844,10000000
10930,18300.807,10000000
10931,18258.328,10000000
10932,18213.184,10000000
10933,18177.047,10000000
10934,18313.082,10000000
10935,18460.000,10000000
10936,18550.303,10000000
10937,18549.098,10000000
10938,18510.348,10000000
10939,18451.256,10000000
10940,18441.588,10000000
10941,18365.521,10000000
10942,18300.047,10000000
10943,18288.441,10000000
10944,18235.664,10000000
10945,18211.309,10000000
10946,18244.260,10000000
10947,18395.400,10000000
10948,18525.320,10000000
10949,18508.654,10000000
10950,18476.301,10000000
10951,18463.838,10000000
10952,18408.518,10000000
10953,18408.678,10000000
10954,18375.961,10000000
10955,18315.342,10000000
10956,18310.623,10000000
10957,18252.611,10000000
10958,18199.818,10000000
10959,18337.797,10000000
10960,18458.490,10000000
10961,18556.160,10000000
10962,18462.521,10000000
10963,25121.789,10000000
10964,28118.703,10000000
10965,22343.986,10000000
10966,19803.564,10000000
10967,16170.650,10000000
10968,13721.938,10000000
10969,12798.778,10000000
10970,12448.167,10000000
10971,12338.348,10000000
10972,12274.864,10000000
10973,12274.076,10000000
10974,12259.098,10000000
10975,12254.498,10000000
10976,12236.403,10000000
10977,12232.672,10000000
10978,12231.556,10000000
10979,12240.504,10000000
10980,12248.228,10000000
10981,12258.828,10000000
10982,12235.989,10000000
10983,12234.254,10000000
10984,12249.599,10000000
10985,12245.146,10000000
10986,12247.940,10000000
10987,12260.191,10000000
10988,12259.065,10000000
10989,12261.535,10000000
10990,12248.337,10000000
10991,12234.747,10000000
10992,12223.763,10000000
10993,12231.014,10000000
10994,12228.546,10000000
10995,12244.730,10000000
10996,12247.940,10000000
10997,12251.842,10000000
10998,12258.433,10000000
10999,12254.440,10000000
11000,12263.743,10000000
11001,12280.178,10000000
11002,12283.427,10000000
11003,12250.286,10000000
11004,12234.023,10000000
11005,12239.441,10000000
11006,12238.884,10000000
11007,12244.258,10000000
11008,12223.908,10000000
11009,12249.795,10000000
11010,12252.925,10000000
11011,12264.637,10000000
11012,12292.758,10000000
11013,12292.683,10000000
11014,12281.157,10000000
11015,12250.664,10000000
11016,12279.648,10000000
11017,19152.795,10000000
11018,21988.699,10000000
11019,16033.655,10000000
11020,13624.311,10000000
11021,16642.803,10000000
11022,13866.681,10000000
11023,12847.068,10000000
11024,12478.669,10000000
11025,12361.461,10000000
11026,12299.231,10000000
11027,12259.244,10000000
11028,12255.615,10000000
11029,12265.425,10000000
11030,12261.087,10000000
11031,12252.945,10000000
11032,12259.030,10000000
11033,12266.356,10000000
11034,12258.054,10000000
11035,12284.596,10000000
11036,12240.782,10000000
11037,12226.345,10000000
11038,12226.657,10000000
11039,12233.194,10000000
11040,12250.072,10000000
11041,12241.116,10000000
11042,12274.466,10000000
11043,12267.086,10000000
11044,12248.050,10000000
11045,12265.065,10000000
11046,12270.309,10000000
11047,12252.620,10000000
11048,12265.768,10000000
11049,12269.945,10000000
11050,12260.420,10000000
11051,12245.217,10000000
11052,12241.524,10000000
11053,12263.892,10000000
11054,12267.672,10000000
11055,12257.212,10000000
11056,12266.044,10000000
11057,12276.898,10000000
11058,12261.832,10000000
11059,12248.569,10000000
11060,12266.808,10000000
11061,12240.354,10000000
11062,12232.970,10000000
11063,12259.423,10000000
11064,12282.754,10000000
11065,12250.602,10000000
11066,12265.059,10000000
11067,12268.041,10000000
11068,12261.035,10000000
11069,12238.470,10000000
11070,12228.041,10000000
11071,19373.738,10000000
11072,22013.627,10000000
11073,15824.961,10000000
11074,13578.905,10000000
11075,12941.232,10000000
11076,12531.335,10000000
11077,12366.270,10000000
11078,12286.445,10000000
11079,12263.598,10000000
11080,12266.178,10000000
11081,12253.683,10000000
11082,12246.685,10000000
11083,12256.989,10000000
11084,12275.613,10000000
11085,12279.278,10000000
11086,12283.396,10000000
11087,12267.151,10000000
11088,12282.157,10000000
11089,12279.383,10000000
11090,12278.455,10000000
11091,12264.610,10000000
11092,12245.443,10000000
11093,12233.293,10000000
11094,12232.240,10000000
11095,12230.020,10000000
11096,12230.663,10000000
11097,12255.675,10000000
11098,12238.662,10000000
11099,12268.405,10000000
11100,12259.383,10000000
11101,12256.202,10000000
11102,12245.679,10000000
11103,12262.560,10000000
11104,12252.962,10000000
11105,12238.345,10000000
11106,12256.637,10000000
11107,12249.227,10000000
11108,12249.373,10000000
11109,12228.253,10000000
11110,12227.646,10000000
11111,12241.575,10000000
11112,12256.857,10000000
11113,12274.198,10000000
11114,12269.702,10000000
11115,12259.228,10000000
11116,12257.386,10000000
11117,12262.467,10000000
11118,12269.059,10000000
11119,12270.191,10000000
11120,12263.746,10000000
11121,12255.812,10000000
11122,12258.063,10000000
11123,12232.310,10000000
11124,12317.056,10000000
11125,19524.920,10000000
11126,21560.531,10000000
11127,15724.205,10000000
11128,13666.324,10000000
11129,12955.859,10000000
11130,12532.360,10000000
11131,12349.800,10000000
11132,12300.887,10000000
11133,12278.764,10000000
11134,12257.404,10000000
11135,12266.787,10000000
11136,12244.785,10000000
11137,12284.367,10000000
11138,12284.588,10000000
11139,12304.421,10000000
11140,12297.494,10000000
11141,12281.420,10000000
11142,12238.610,10000000
11143,12271.413,10000000
11144,12288.116,10000000
11145,12274.214,10000000
11146,12282.130,10000000
11147,12307.499,10000000
11148,12313.899,10000000
11149,12289.592,10000000
11150,12302.754,10000000
11151,12287.711,10000000
11152,12311.652,10000000
11153,12312.070,10000000
11154,12313.730,10000000
11155,12290.737,10000000
11156,12277.296,10000000
11157,12288.896,10000000
11158,12297.204,10000000
11159,12308.664,10000000
11160,12317.156,10000000
11161,12327.622,10000000
11162,12342.987,10000000
11163,12299.378,10000000
11164,12264.357,10000000
11165,12254.821,10000000
11166,12254.208,10000000
11167,12252.071,10000000
11168,12246.570,10000000
11169,12246.313,10000000
11170,12293.013,10000000
11171,12263.593,10000000
11172,12293.164,10000000
11173,12299.942,10000000
11174,12276.508,10000000
11175,12279.817,10000000
11176,12255.173,10000000
11177,12245.319,10000000
11178,12865.796,10000000
11179,19732.490,10000000
11180,21092.227,10000000
11181,15504.228,10000000
11182,14028.710,10000000
11183,12903.309,10000000
11184,12514.284,10000000
11185,12361.889,10000000
11186,12313.761,10000000
11187,12292.821,10000000
11188,12278.580,10000000
11189,12274.771,10000000
11190,12274.366,10000000
11191,12283.813,10000000
11192,12327.417,10000000
11193,12300.557,10000000
11194,12290.277,10000000
11195,12281.914,10000000
11196,12277.164,10000000
11197,12269.729,10000000
11198,12246.041,10000000
11199,12238.240,10000000
11200,12263.027,10000000
11201,12271.183,10000000
11202,12293.648,10000000
11203,12276.093,10000000
11204,12308.574,10000000
11205,12307.169,10000000
11206,12295.002,10000000
11207,12270.921,10000000
11208,12260.606,10000000
11209,12262.764,10000000
11210,12269.010,10000000
11211,12263.493,10000000
11212,12284.482,10000000
11213,12282.119,10000000
11214,12302.841,10000000
11215,12304.504,10000000
11216,12324.976,10000000
11217,12296.263,10000000
11218,12275.119,10000000
11219,12306.252,10000000
11220,12279.451,10000000
11221,12266.165,10000000
11222,12272.456,10000000
11223,12297.535,10000000
11224,12284.893,10000000
11225,12296.997,10000000
11226,12289.348,10000000
11227,12296.999,10000000
11228,12276.679,10000000
11229,12275.930,10000000
11230,12258.587,10000000
11231,12272.882,10000000
11232,13454.683,10000000
11233,19905.523,10000000
11234,20643.246,10000000
11235,15333.254,10000000
11236,14454.139,10000000
11237,17565.846,10000000
11238,20834.641,10000000
11239,21978.076,10000000
11240,22451.588,10000000
11241,22668.613,10000000
11242,22737.246,10000000
11243,22688.584,10000000
11244,22752.283,10000000
11245,22750.232,10000000
11246,22745.736,10000000
11247,22764.924,10000000
11248,22771.299,10000000
11249,22728.029,10000000
11250,22738.639,10000000
11251,22759.699,10000000
11252,22794.934,10000000
11253,22808.795,10000000
11254,22857.703,10000000
11255,22820.934,10000000
11256,22830.184,10000000
11257,22795.701,10000000
11258,22830.773,10000000
11259,22821.992,10000000
11260,22811.191,10000000
11261,22806.439,10000000
11262,22873.762,10000000
11263,22880.561,10000000
11264,22913.186,10000000
11265,22935.156,10000000
11266,22930.477,10000000
11267,22869.783,10000000
11268,22890.535,10000000
11269,22863.959,10000000
11270,22844.070,10000000
11271,22866.668,10000000
11272,22919.746,10000000
11273,22970.760,10000000
11274,22945.607,10000000
11275,22947.102,10000000
11276,22941.963,10000000
11277,22916.490,10000000
11278,22896.328,10000000
11279,22866.709,10000000
11280,22908.816,10000000
11281,22901.824,10000000
11282,22955.945,10000000
11283,23022.771,10000000
11284,22992.887,10000000
11285,22920.980,10000000
11286,23870.936,10000000
11287,27019.424,10000000
11288,26644.793,10000000
11289,24387.887,10000000
11290,23880.445,10000000
11291,22917.840,10000000
11292,20036.039,10000000
11293,18937.096,10000000
11294,18515.004,10000000
11295,18327.959,10000000
11296,18260.438,10000000
11297,18377.990,10000000
11298,18499.648,10000000
11299,18577.582,10000000
11300,18521.047,10000000
11301,18475.563,10000000
11302,18407.303,10000000
11303,18367.902,10000000
11304,18335.209,10000000
11305,18326.338,10000000
11306,18286.580,10000000
11307,18245.504,10000000
11308,18205.088,10000000
11309,18307.561,10000000
11310,18424.813,10000000
11311,18585.389,10000000
11312,18538.875,10000000
11313,18512.969,10000000
11314,18416.416,10000000
11315,18430.082,10000000
11316,18356.305,10000000
11317,18307.279,10000000
11318,18283.846,10000000
11319,18232.801,10000000
11320,18229.545,10000000
11321,18225.115,10000000
11322,18397.008,10000000
11323,18499.021,10000000
11324,18611.814,10000000
11325,18547.182,10000000
11326,18499.580,10000000
11327,18441.842,10000000
11328,18396.361,10000000
11329,18365.869,10000000
11330,18301.430,10000000
11331,18311.963,10000000
11332,18249.373,10000000
11333,18222.324,10000000
11334,18295.363,10000000
11335,18426.734,10000000
11336,18539.756,10000000
11337,18508.438,10000000
11338,18511.168,10000000
11339,18426.186,10000000
11340,20409.982,10000000
11341,25673.213,10000000
11342,25186.531,10000000
11343,20802.701,10000000
11344,19609.072,10000000
11345,18685.547,10000000
11346,18371.887,10000000
11347,18405.885,10000000
11348,18492.555,10000000
11349,18515.037,10000000
11350,18498.402,10000000
11351,18420.742,10000000
11352,18410.695,10000000
11353,18342.879,10000000
11354,18329.820,10000000
11355,18281.002,10000000
11356,18271.789,10000000
11357,18253.898,10000000
11358,18202.029,10000000
11359,18271.410,10000000
11360,18409.756,10000000
11361,18522.471,10000000
11362,18482.547,10000000
11363,18461.924,10000000
11364,18421.707,10000000
11365,18344.961,10000000
11366,18359.352,10000000
11367,18282.449,10000000
11368,18282.420,10000000
11369,18228.238,10000000
11370,18176.588,10000000
11371,18227.402,10000000
11372,18305.662,10000000
11373,18470.928,10000000
11374,18525.723,10000000
11375,18478.057,10000000
11376,18429.871,10000000
11377,18412.264,10000000
11378,18359.637,10000000
11379,18302.979,10000000
11380,18289.447,10000000
11381,18262.004,10000000
11382,18225.188,10000000
11383,18171.773,10000000
11384,18181.699,10000000
11385,18355.242,10000000
11386,18482.246,10000000
11387,18510.039,10000000
11388,18456.689,10000000
11389,18420.568,10000000
11390,18411.148,10000000
11391,18326.137,10000000
11392,18308.283,10000000
11393,18303.646,10000000
11394,20612.752,10000000
11395,25483.553,10000000
11396,24552.451,10000000
11397,20605.578,10000000
11398,19687.912,10000000
11399,18976.777,10000000
11400,18633.557,10000000
11401,18504.369,10000000
11402,18407.033,10000000
11403,18368.242,10000000
11404,18354.705,10000000
11405,18320.707,10000000
11406,18294.848,10000000
11407,18254.594,10000000
11408,18166.432,10000000
11409,18194.236,10000000
11410,18303.432,10000000
11411,18420.855,10000000
11412,18544.861,10000000
11413,18456.668,10000000
11414,18384.516,10000000
11415,18379.297,10000000
11416,18341.299,10000000
11417,18320.813,10000000
11418,18307.943,10000000
11419,18260.084,10000000
11420,18226.869,10000000
11421,18173.016,10000000
11422,18221.377,10000000
11423,18355.357,10000000
11424,18473.848,10000000
11425,18497.707,10000000
11426,18436.283,10000000
11427,18409.736,10000000
11428,18380.193,10000000
11429,18318.461,10000000
11430,18297.801,10000000
11431,18256.338,10000000
11432,18217.611,10000000
11433,18191.949,10000000
11434,18174.129,10000000
11435,18295.209,10000000
11436,18450.045,10000000
11437,18518.350,10000000
11438,18476.229,10000000
11439,18448.059,10000000
11440,18384.014,10000000
11441,18349.561,10000000
11442,18323.871,10000000
11443,18280.475,10000000
11444,18217.164,10000000
11445,18211.541,10000000
11446,18136.676,10000000
11447,18205.186,10000000
11448,20962.088,10000000
11449,25608.379,10000000
11450,24390.646,10000000
11451,20590.018,10000000
11452,19589.461,10000000
11453,18806.115,10000000
11454,18477.783,10000000
11455,18378.600,10000000
11456,18290.055,10000000
11457,18231.842,10000000
11458,18188.314,10000000
11459,18156.672,10000000
11460,18317.531,10000000
11461,18398.846,10000000
11462,18500.170,10000000
11463,18436.828,10000000
11464,18397.217,10000000
11465,18402.490,10000000
11466,18318.574,10000000
11467,18278.137,10000000
11468,18262.137,10000000
11469,18217.697,10000000
11470,18165.488,10000000
11471,18144.777,10000000
11472,18209.244,10000000
11473,18373.250,10000000
11474,18461.186,10000000
11475,18444.197,10000000
11476,18411.682,10000000
11477,18392.242,10000000
11478,18345.689,10000000
11479,18310.900,10000000
11480,18276.010,10000000
11481,18261.826,10000000
11482,18236.801,10000000
11483,18188.367,10000000
11484,18155.002,10000000
11485,18272.902,10000000
11486,18420.408,10000000
11487,18500.883,10000000
11488,18391.842,10000000
11489,18374.820,10000000
11490,18344.945,10000000
11491,18347.504,10000000
11492,18343.633,10000000
11493,18295.482,10000000
11494,18262.445,10000000
11495,18178.504,10000000
11496,18169.848,10000000
11497,18204.449,10000000
11498,18335.949,10000000
11499,18442.502,10000000
11500,18446.951,10000000
11501,18436.877,10000000
11502,21152.170,10000000
11503,25361.641,10000000
11504,23791.318,10000000
11505,20255.322,10000000
11506,18610.717,10000000
11507,14635.753,10000000
11508,13147.717,10000000
11509,12585.959,10000000
11510,12392.328,10000000
11511,12311.582,10000000
11512,12274.960,10000000
11513,12262.263,10000000
11514,12245.964,10000000
11515,12245.168,10000000
11516,12243.197,10000000
11517,12247.957,10000000
11518,12279.910,10000000
11519,12273.222,10000000
11520,12252.848,10000000
11521,12261.942,10000000
11522,12263.187,10000000
11523,12275.839,10000000
11524,12291.927,10000000
11525,12293.293,10000000
11526,12279.497,10000000
11527,12288.418,10000000
11528,12280.280,10000000
11529,12265.834,10000000
11530,12231.476,10000000
11531,12231.099,10000000
11532,12252.258,10000000
11533,12261.104,10000000
11534,12278.663,10000000
11535,12279.792,10000000
11536,12303.723,10000000
11537,12291.031,10000000
11538,12283.710,10000000
11539,12281.425,10000000
11540,12277.406,10000000
11541,12274.966,10000000
11542,12275.966,10000000
11543,12265.713,10000000
11544,12274.128,10000000
11545,12250.357,10000000
11546,12262.353,10000000
11547,12278.050,10000000
11548,12271.971,10000000
11549,12284.442,10000000
11550,12267.325,10000000
11551,12263.758,10000000
11552,12229.017,10000000
11553,12228.482,10000000
11554,12230.940,10000000
11555,12263.291,10000000
11556,15869.949,10000000
11557,20630.330,10000000
11558,18460.639,10000000
11559,14518.146,10000000
11560,16712.400,10000000
11561,14888.180,10000000
11562,13240.616,10000000
11563,12629.531,10000000
11564,12392.373,10000000
11565,12320.668,10000000
11566,12291.301,10000000
11567,12250.986,10000000
11568,12259.115,10000000
11569,12258.725,10000000
11570,12227.560,10000000
11571,12250.124,10000000
11572,12252.821,10000000
11573,12253.803,10000000
11574,12253.789,10000000
11575,12266.759,10000000
11576,12277.846,10000000
11577,12265.922,10000000
11578,12296.330,10000000
11579,12291.868,10000000
11580,12297.426,10000000
11581,12304.398,10000000
11582,12302.864,10000000
11583,12271.326,10000000
11584,12280.909,10000000
11585,12279.178,10000000
11586,12281.584,10000000
11587,12285.657,10000000
11588,12264.104,10000000
11589,12259.241,10000000
11590,12240.156,10000000
11591,12274.978,10000000
11592,12274.277,10000000
11593,12278.656,10000000
11594,12286.848,10000000
11595,12283.772,10000000
11596,12275.159,10000000
11597,12234.940,10000000
11598,12258.855,10000000
11599,12261.746,10000000
11600,12261.030,10000000
11601,12260.008,10000000
11602,12265.024,10000000
11603,12275.230,10000000
11604,12274.985,10000000
11605,12280.699,10000000
11606,12280.227,10000000
11607,12271.652,10000000
11608,12239.454,10000000
11609,12262.376,10000000
11610,16170.079,10000000
11611,20684.578,10000000
11612,18169.189,10000000
11613,14442.212,10000000
11614,13456.056,10000000
11615,12742.533,10000000
11616,12437.141,10000000
11617,12307.246,10000000
11618,12262.286,10000000
11619,12264.771,10000000
11620,12263.231,10000000
11621,12291.245,10000000
11622,12250.820,10000000
11623,12242.114,10000000
11624,12261.027,10000000
11625,12258.081,10000000
11626,12266.352,10000000
11627,12266.300,10000000
11628,12285.172,10000000
11629,12291.383,10000000
11630,12291.487,10000000
11631,12310.412,10000000
11632,12294.424,10000000
11633,12268.871,10000000
11634,12251.710,10000000
11635,12255.474,10000000
11636,12256.778,10000000
11637,12247.633,10000000
11638,12239.521,10000000
11639,12247.252,10000000
11640,12273.571,10000000
11641,12272.818,10000000
11642,12252.500,10000000
11643,12246.542,10000000
11644,12263.530,10000000
11645,12272.212,10000000
11646,12276.854,10000000
11647,12241.397,10000000
11648,12283.780,10000000
11649,12279.039,10000000
11650,12284.292,10000000
11651,12270.957,10000000
11652,12284.398,10000000
11653,12291.237,10000000
11654,12279.836,10000000
11655,12262.584,10000000
11656,12257.222,10000000
11657,12255.441,10000000
11658,12275.799,10000000
11659,12263.812,10000000
11660,12256.839,10000000
11661,12236.119,10000000
11662,12247.942,10000000
11663,12244.713,10000000
11664,16467.297,10000000
11665,20748.973,10000000
11666,17865.631,10000000
11667,14321.173,10000000
11668,13381.874,10000000
11669,12723.481,10000000
11670,12412.996,10000000
11671,12301.058,10000000
11672,12263.963,10000000
11673,12269.160,10000000
11674,12263.574,10000000
11675,12273.920,10000000
11676,12271.223,10000000
11677,12291.846,10000000
11678,12291.022,10000000
11679,12300.890,10000000
11680,12299.068,10000000
11681,12274.330,10000000
11682,12284.105,10000000
11683,12292.951,10000000
11684,12275.177,10000000
11685,12279.142,10000000
11686,12268.345,10000000
11687,12258.812,10000000
11688,12266.643,10000000
11689,12262.623,10000000
11690,12274.046,10000000
11691,12283.841,10000000
11692,12292.304,10000000
11693,12292.921,10000000
11694,12267.345,10000000
11695,12291.320,10000000
11696,12272.653,10000000
11697,12259.377,10000000
11698,12258.219,10000000
11699,12264.342,10000000
11700,12248.426,10000000
11701,12239.113,10000000
11702,12255.296,10000000
11703,12265.152,10000000
11704,12264.131,10000000
11705,12294.949,10000000
11706,12263.896,10000000
11707,12281.293,10000000
11708,12300.958,10000000
11709,12275.950,10000000
11710,12257.859,10000000
11711,12252.713,10000000
11712,12242.803,10000000
11713,12233.784,10000000
11714,12236.904,10000000
11715,12275.346,10000000
11716,12253.357,10000000
11717,12252.205,10000000
11718,16694.525,10000000
11719,20759.268,10000000
11720,17578.094,10000000
11721,14189.712,10000000
11722,13355.271,10000000
11723,12690.193,10000000
11724,12396.797,10000000
11725,12309.530,10000000
11726,12266.734,10000000
11727,12255.079,10000000
11728,12256.654,10000000
11729,12271.735,10000000
11730,12270.934,10000000
11731,12273.815,10000000
11732,12264.147,10000000
11733,12264.172,10000000
11734,12247.981,10000000
11735,12256.626,10000000
11736,12257.315,10000000
11737,12246.895,10000000
11738,12248.473,10000000
11739,12269.056,10000000
11740,12242.762,10000000
11741,12246.410,10000000
11742,12258.798,10000000
11743,12263.274,10000000
11744,12252.618,10000000
11745,12271.227,10000000
11746,12223.794,10000000
11747,12238.013,10000000
11748,12249.109,10000000
11749,12256.095,10000000
11750,12263.926,10000000
11751,12276.068,10000000
11752,12278.572,10000000
11753,12292.718,10000000
11754,12284.729,10000000
11755,12273.730,10000000
11756,12267.274,10000000
11757,12261.380,10000000
11758,12257.002,10000000
11759,12280.012,10000000
11760,12260.004,10000000
11761,12250.204,10000000
11762,12243.271,10000000
11763,12244.941,10000000
11764,12248.891,10000000
11765,12265.008,10000000
11766,12269.977,10000000
11767,12290.927,10000000
11768,12279.263,10000000
11769,12300.772,10000000
11770,12268.442,10000000
11771,12265.299,10000000
11772,16860.898,10000000
11773,20744.594,10000000
11774,17294.883,10000000
11775,14115.451,10000000
11776,15750.783,10000000
11777,14093.561,10000000
11778,13487.769,10000000
11779,13242.853,10000000
11780,13180.813,10000000
11781,13155.595,10000000
11782,13124.156,10000000
11783,12992.199,10000000
11784,12933.602,10000000
11785,12969.893,10000000
11786,12991.337,10000000
11787,12984.614,10000000
11788,13030.448,10000000
11789,13039.784,10000000
11790,13084.319,10000000
11791,13080.617,10000000
11792,13095.306,10000000
11793,13123.177,10000000
11794,13145.067,10000000
11795,13135.049,10000000
11796,13152.025,10000000
11797,13042.750,10000000
11798,12970.509,10000000
11799,13014.384,10000000
11800,13027.233,10000000
11801,13052.408,10000000
11802,13057.438,10000000
11803,13060.727,10000000
11804,13088.350,10000000
11805,13069.471,10000000
11806,13110.880,10000000
11807,13095.071,10000000
11808,13099.726,10000000
11809,13125.207,10000000
11810,13108.224,10000000
11811,13027.751,10000000
11812,12961.617,10000000
11813,13025.397,10000000
11814,13019.079,10000000
11815,13052.318,10000000
11816,13037.739,10000000
11817,13029.964,10000000
11818,13093.615,10000000
11819,13085.472,10000000
11820,13110.614,10000000
11821,13111.957,10000000
11822,13127.991,10000000
11823,13128.471,10000000
11824,13156.735,10000000
11825,13056.619,10000000
11826,17664.502,10000000
11827,21178.973,10000000
11828,17557.086,10000000
11829,14666.829,10000000
11830,18387.607,10000000
11831,15005.130,10000000
11832,13754.807,10000000
11833,13309.935,10000000
11834,13188.399,10000000
11835,13119.501,10000000
11836,13122.460,10000000
11837,13122.908,10000000
11838,13130.540,10000000
11839,13090.118,10000000
11840,12924.142,10000000
11841,12960.451,10000000
11842,12985.132,10000000
11843,13000.745,10000000
11844,12997.532,10000000
11845,13008.029,10000000
11846,13039.532,10000000
11847,13080.660,10000000
11848,13086.950,10000000
11849,13128.948,10000000
11850,13134.377,10000000
11851,13154.969,10000000
11852,13161.242,10000000
11853,13088.927,10000000
11854,12981.702,10000000
11855,12944.304,10000000
11856,12950.313,10000000
11857,13004.407,10000000
11858,13002.563,10000000
11859,13051.838,10000000
11860,13067.373,10000000
11861,13068.443,10000000
11862,13116.176,10000000
11863,13111.872,10000000
11864,13140.750,10000000
11865,13134.904,10000000
11866,13144.479,10000000
11867,13139.540,10000000
11868,13017.329,10000000
11869,12960.314,10000000
11870,12995.104,10000000
11871,12999.843,10000000
11872,13026.195,10000000
11873,13035.085,10000000
11874,13066.704,10000000
11875,13058.519,10000000
11876,13078.479,10000000
11877,13097.942,10000000
11878,13107.484,10000000
11879,13123.463,10000000
11880,17902.625,10000000
11881,21193.229,10000000
11882,17289.885,10000000
11883,14478.399,10000000
11884,13871.611,10000000
11885,13312.717,10000000
11886,13124.845,10000000
11887,13069.003,10000000
11888,13049.153,10000000
11889,13017.070,10000000
11890,13046.718,10000000
11891,13050.054,10000000
11892,13076.381,10000000
11893,13103.296,10000000
11894,13104.750,10000000
11895,13146.033,10000000
11896,13014.735,10000000
11897,12948.006,10000000
11898,12994.013,10000000
11899,12998.079,10000000
11900,13043.083,10000000
11901,13055.380,10000000
11902,13051.597,10000000
11903,13071.307,10000000
11904,13069.188,10000000
11905,13088.616,10000000
11906,13106.967,10000000
11907,13121.731,10000000
11908,13111.668,10000000
11909,13096.310,10000000
11910,13039.126,10000000
11911,12953.733,10000000
11912,12964.103,10000000
11913,13009.854,10000000
11914,13015.124,10000000
11915,13050.144,10000000
11916,13050.081,10000000
11917,13076.919,10000000
11918,13105.462,10000000
11919,13088.107,10000000
11920,13142.763,10000000
11921,13136.734,10000000
11922,13150.993,10000000
11923,13130.479,10000000
11924,13009.063,10000000
11925,12936.320,10000000
11926,12967.227,10000000
11927,13008.015,10000000
11928,12981.721,10000000
11929,12973.850,10000000
11930,13033.826,10000000
11931,13031.134,10000000
11932,13082.896,10000000
11933,13112.110,10000000
11934,18058.461,10000000
11935,21134.752,10000000
11936,17151.197,10000000
11937,14615.589,10000000
11938,13702.453,10000000
11939,12805.137,10000000
11940,12436.588,10000000
11941,12294.837,10000000
11942,12243.055,10000000
11943,12251.447,10000000
11944,12247.974,10000000
11945,12231.199,10000000
11946,12231.738,10000000
11947,12231.911,10000000
11948,12251.466,10000000
11949,12260.069,10000000
11950,12220.858,10000000
11951,12234.225,10000000
11952,12239.758,10000000
11953,12243.717,10000000
11954,12223.391,10000000
11955,12251.311,10000000
11956,12256.513,10000000
11957,12257.466,10000000
11958,12258.909,10000000
11959,12260.414,10000000
11960,12260.847,10000000
11961,12258.829,10000000
11962,12249.818,10000000
11963,12240.547,10000000
11964,12242.177,10000000
11965,12250.943,10000000
11966,12249.146,10000000
11967,12253.578,10000000
11968,12223.808,10000000
11969,12234.781,10000000
11970,12245.355,10000000
11971,12250.064,10000000
11972,12253.642,10000000
11973,12269.256,10000000
11974,12283.466,10000000
11975,12276.937,10000000
11976,12264.232,10000000
11977,12262.397,10000000
11978,12257.068,10000000
11979,12240.002,10000000
11980,12213.855,10000000
11981,12236.392,10000000
11982,12256.621,10000000
11983,12266.769,10000000
11984,12254.802,10000000
11985,12269.819,10000000
11986,12248.978,10000000
11987,12256.937,10000000
11988,17559.385,10000000
11989,20587.045,10000000
11990,16230.902,10000000
11991,13694.730,10000000
11992,13067.683,10000000
11993,12546.909,10000000
11994,12365.240,10000000
11995,12295.486,10000000
11996,12266.692,10000000
11997,12265.976,10000000
11998,12238.291,10000000
11999,12239.546,10000000
12000,12275.528,10000000
12001,12281.602,10000000
12002,12258.023,10000000
12003,12245.981,10000000
12004,12244.604,10000000
12005,12245.047,10000000
12006,12246.461,10000000
12007,12251.966,10000000
12008,12246.670,10000000
12009,12271.267,10000000
12010,12266.854,10000000
12011,12253.338,10000000
12012,12268.150,10000000
12013,12254.071,10000000
12014,12249.574,10000000
12015,12239.838,10000000
12016,12245.766,10000000
12017,12228.518,10000000
12018,12227.605,10000000
12019,12192.825,10000000
12020,12221.890,10000000
12021,12219.838,10000000
12022,12218.404,10000000
12023,12234.596,10000000
12024,12227.179,10000000
12025,12243.808,10000000
12026,12211.938,10000000
12027,12229.993,10000000
12028,12198.358,10000000
12029,12207.765,10000000
12030,12215.285,10000000
12031,12204.954,10000000
12032,12223.502,10000000
12033,12193.514,10000000
12034,12213.626,10000000
12035,12215.245,10000000
12036,12222.358,10000000
12037,12243.162,10000000
12038,12253.564,10000000
12039,12221.116,10000000
12040,12221.514,10000000
12041,12223.360,10000000
12042,17647.520,10000000
12043,20505.098,10000000
12044,15945.267,10000000
12045,13564.985,10000000
12046,12963.689,10000000
12047,12504.486,10000000
12048,12338.801,10000000
12049,12254.735,10000000
12050,12245.811,10000000
12051,12224.710,10000000
12052,12208.923,10000000
12053,12239.194,10000000
12054,12244.086,10000000
12055,12253.328,10000000
12056,12256.685,10000000
12057,12253.859,10000000
12058,12239.688,10000000
12059,12258.230,10000000
12060,12246.428,10000000
12061,12253.135,10000000
12062,12252.569,10000000
12063,12229.740,10000000
12064,12234.047,10000000
12065,12220.482,10000000
12066,12246.391,10000000
12067,12234.140,10000000
12068,12242.202,10000000
12069,12239.159,10000000
12070,12233.749,10000000
12071,12210.784,10000000
12072,12242.534,10000000
12073,12245.073,10000000
12074,12271.313,10000000
12075,12251.874,10000000
12076,12254.663,10000000
12077,12242.388,10000000
12078,12242.541,10000000
12079,12253.495,10000000
12080,12220.503,10000000
12081,12211.088,10000000
12082,12211.074,10000000
12083,12202.804,10000000
12084,12197.445,10000000
12085,12229.553,10000000
12086,12209.276,10000000
12087,12201.214,10000000
12088,12195.924,10000000
12089,12203.473,10000000
12090,12204.061,10000000
12091,12196.836,10000000
12092,12225.013,10000000
12093,12210.720,10000000
12094,12208.834,10000000
12095,12242.568,10000000
12096,17742.277,10000000
12097,20422.166,10000000
12098,15726.479,10000000
12099,13485.254,10000000
12100,16373.973,10000000
12101,13786.792,10000000
12102,12771.399,10000000
12103,12421.649,10000000
12104,12278.352,10000000
12105,12263.768,10000000
12106,12265.901,10000000
12107,12233.584,10000000
12108,12250.183,10000000
12109,12234.180,10000000
12110,12211.333,10000000
12111,12201.193,10000000
12112,12226.031,10000000
12113,12229.314,10000000
12114,12222.226,10000000
12115,12209.946,10000000
12116,12207.031,10000000
12117,12216.646,10000000
12118,12219.557,10000000
12119,12219.468,10000000
12120,12229.254,10000000
12121,12220.727,10000000
12122,12210.438,10000000
12123,12200.871,10000000
12124,12216.762,10000000
12125,12215.427,10000000
12126,12219.309,10000000
12127,12232.222,10000000
12128,12215.410,10000000
12129,12199.134,10000000
12130,12216.979,10000000
12131,12195.940,10000000
12132,12199.884,10000000
12133,12223.835,10000000
12134,12199.325,10000000
12135,12223.323,10000000
12136,12208.905,10000000
12137,12195.794,10000000
12138,12201.291,10000000
12139,12209.341,10000000
12140,12194.131,10000000
12141,12209.119,10000000
12142,12207.354,10000000
12143,12220.619,10000000
12144,12220.336,10000000
12145,12227.269,10000000
12146,12185.605,10000000
12147,12223.153,10000000
12148,12232.751,10000000
12149,12224.540,10000000
12150,17778.551,10000000
12151,20290.775,10000000
12152,15479.349,10000000
12153,13383.938,10000000
12154,12863.198,10000000
12155,12448.215,10000000
12156,12310.413,10000000
12157,12264.314,10000000
12158,12254.972,10000000
12159,12239.323,10000000
12160,12213.146,10000000
12161,12208.624,10000000
12162,12186.911,10000000
12163,12182.833,10000000
12164,12208.741,10000000
12165,12193.120,10000000
12166,12218.677,10000000
12167,12208.200,10000000
12168,12203.729,10000000
12169,12195.766,10000000
12170,12166.097,10000000
12171,12180.367,10000000
12172,12193.224,10000000
12173,12196.175,10000000
12174,12210.795,10000000
12175,12191.311,10000000
12176,12215.163,10000000
12177,12216.000,10000000
12178,12209.184,10000000
12179,12211.104,10000000
12180,12206.420,10000000
12181,12207.388,10000000
12182,12242.230,10000000
12183,12209.867,10000000
12184,12192.521,10000000
12185,12181.154,10000000
12186,12216.759,10000000
12187,12189.885,10000000
12188,12185.039,10000000
12189,12187.618,10000000
12190,12212.688,10000000
12191,12214.490,10000000
12192,12216.574,10000000
12193,12210.987,10000000
12194,12214.660,10000000
12195,12186.855,10000000
12196,12209.533,10000000
12197,12200.370,10000000
12198,12181.938,10000000
12199,12165.063,10000000
12200,12165.856,10000000
12201,12184.542,10000000
12202,12187.792,10000000
12203,12186.835,10000000
12204,17827.139,10000000
12205,20143.830,10000000
12206,15259.362,10000000
12207,13316.406,10000000
12208,12843.838,10000000
12209,12432.590,10000000
12210,12291.663,10000000
12211,12235.718,10000000
12212,12201.648,10000000
12213,12204.810,10000000
12214,12189.908,10000000
12215,12189.638,10000000
12216,12204.329,10000000
12217,12201.607,10000000
12218,12186.948,10000000
12219,12195.993,10000000
12220,12177.227,10000000
12221,12182.078,10000000
12222,12170.183,10000000
12223,12174.711,10000000
12224,12207.175,10000000
12225,12210.237,10000000
12226,12220.780,10000000
12227,12185.358,10000000
12228,12197.448,10000000
12229,12215.849,10000000
12230,12221.130,10000000
12231,12197.703,10000000
12232,12170.280,10000000
12233,12166.814,10000000
12234,12165.120,10000000
12235,12201.727,10000000
12236,12191.551,10000000
12237,12183.521,10000000
12238,12158.235,10000000
12239,12154.774,10000000
12240,12161.463,10000000
12241,12175.678,10000000
12242,12169.557,10000000
12243,12194.590,10000000
12244,12191.396,10000000
12245,12197.518,10000000
12246,12184.876,10000000
12247,12180.250,10000000
12248,12147.816,10000000
12249,12179.379,10000000
12250,12184.436,10000000
12251,12171.696,10000000
12252,12172.593,10000000
12253,12161.618,10000000
12254,12166.644,10000000
12255,12176.313,10000000
12256,12200.856,10000000
12257,12188.585,10000000
12258,17803.533,10000000
12259,19983.500,10000000
12260,15052.020,10000000
12261,13229.534,10000000
12262,12779.092,10000000
12263,12399.972,10000000
12264,12268.028,10000000
12265,12217.600,10000000
12266,12206.654,10000000
12267,12194.834,10000000
12268,12194.251,10000000
12269,12189.806,10000000
12270,12191.381,10000000
12271,12188.908,10000000
12272,12187.294,10000000
12273,12174.248,10000000
12274,12168.755,10000000
12275,12172.125,10000000
12276,12158.704,10000000
12277,12150.880,10000000
12278,12162.627,10000000
12279,12168.545,10000000
12280,12149.590,10000000
12281,12155.222,10000000
12282,12135.915,10000000
12283,12177.708,10000000
12284,12173.573,10000000
12285,12187.529,10000000
12286,12178.645,10000000
12287,12160.195,10000000
12288,12155.827,10000000
12289,12146.905,10000000
12290,12130.656,10000000
12291,12138.318,10000000
12292,12185.128,10000000
12293,12152.215,10000000
12294,12138.085,10000000
12295,12138.968,10000000
12296,12134.113,10000000
12297,12160.171,10000000
12298,12161.049,10000000
12299,12143.009,10000000
12300,12145.078,10000000
12301,12169.163,10000000
12302,12174.332,10000000
12303,12142.621,10000000
12304,12138.644,10000000
12305,12152.751,10000000
12306,12153.681,10000000
12307,12157.612,10000000
12308,12129.069,10000000
12309,12136.999,10000000
12310,12163.386,10000000
12311,12163.998,10000000
12312,17769.717,10000000
12313,19508.346,10000000
12314,14846.848,10000000
12315,13131.986,10000000
12316,12691.216,10000000
12317,12336.402,10000000
12318,12218.768,10000000
12319,12157.352,10000000
12320,12177.671,10000000
12321,12177.417,10000000
12322,12173.914,10000000
12323,12136.159,10000000
12324,12132.849,10000000
12325,12131.844,10000000
12326,12115.398,10000000
12327,12158.720,10000000
12328,12135.370,10000000
12329,12108.691,10000000
12330,12122.188,10000000
12331,12113.819,10000000
12332,12158.485,10000000
12333,12186.218,10000000
12334,12196.045,10000000
12335,12137.488,10000000
12336,12184.798,10000000
12337,12243.454,10000000
12338,12199.108,10000000
12339,12203.354,10000000
12340,12203.575,10000000
12341,12169.970,10000000
12342,12137.140,10000000
12343,12125.624,10000000
12344,12155.275,10000000
12345,12184.571,10000000
12346,12166.793,10000000
12347,12134.132,10000000
12348,12155.355,10000000
12349,12186.530,10000000
12350,12192.461,10000000
12351,12204.250,10000000
12352,12216.185,10000000
12353,12199.681,10000000
12354,12157.879,10000000
12355,12164.120,10000000
12356,12199.280,10000000
12357,12192.182,10000000
12358,12196.417,10000000
12359,12181.072,10000000
12360,12170.768,10000000
12361,12181.065,10000000
12362,12195.770,10000000
12363,12192.440,10000000
12364,12191.733,10000000
12365,12435.460,10000000
12366,17708.439,10000000
12367,19024.193,10000000
12368,14688.146,10000000
12369,13384.968,10000000
12370,15066.791,10000000
12371,13246.586,10000000
12372,12577.760,10000000
12373,12348.713,10000000
12374,12254.295,10000000
12375,12213.268,10000000
12376,12217.407,10000000
12377,12206.740,10000000
12378,12174.388,10000000
12379,12156.954,10000000
12380,12180.679,10000000
12381,12187.935,10000000
12382,12172.066,10000000
12383,12167.210,10000000
12384,12156.212,10000000
12385,12167.745,10000000
12386,12224.957,10000000
12387,12192.214,10000000
12388,12175.593,10000000
12389,12179.148,10000000
12390,12209.537,10000000
12391,12206.070,10000000
12392,12215.659,10000000
12393,12194.777,10000000
12394,12151.567,10000000
12395,12150.456,10000000
12396,12157.313,10000000
12397,12163.021,10000000
12398,12163.605,10000000
12399,12129.219,10000000
12400,12135.016,10000000
12401,12162.857,10000000
12402,12186.792,10000000
12403,12175.664,10000000
12404,12180.407,10000000
12405,12169.544,10000000
12406,12182.063,10000000
12407,12187.116,10000000
12408,12191.657,10000000
12409,12169.485,10000000
12410,12168.055,10000000
12411,12185.567,10000000
12412,12179.213,10000000
12413,12161.589,10000000
12414,12192.758,10000000
12415,12225.201,10000000
12416,12202.030,10000000
12417,12176.644,10000000
12418,12172.240,10000000
12419,12734.604,10000000
12420,17651.490,10000000
12421,18559.109,10000000
12422,14506.840,10000000
12423,13447.788,10000000
12424,12616.592,10000000
12425,12328.188,10000000
12426,12242.559,10000000
12427,12209.041,10000000
12428,12125.680,10000000
12429,12184.169,10000000
12430,12183.353,10000000
12431,12171.620,10000000
12432,12177.502,10000000
12433,12159.479,10000000
12434,12134.379,10000000
12435,12131.636,10000000
12436,12141.476,10000000
12437,12174.340,10000000
12438,12178.930,10000000
12439,12165.273,10000000
12440,12145.912,10000000
12441,12156.262,10000000
12442,12159.374,10000000
12443,12198.063,10000000
12444,12177.101,10000000
12445,12174.096,10000000
12446,12155.536,10000000
12447,12149.863,10000000
12448,12143.274,10000000
12449,12156.299,10000000
12450,12140.215,10000000
12451,12141.506,10000000
12452,12126.021,10000000
12453,12152.586,10000000
12454,12141.372,10000000
12455,12148.018,10000000
12456,12135.478,10000000
12457,12126.179,10000000
12458,12126.802,10000000
12459,12109.062,10000000
12460,12117.024,10000000
12461,12132.799,10000000
12462,12182.208,10000000
12463,12181.628,10000000
12464,12162.271,10000000
12465,12139.774,10000000
12466,12155.931,10000000
12467,12161.228,10000000
12468,12143.100,10000000
12469,12113.053,10000000
12470,12105.915,10000000
12471,12125.896,10000000
12472,12165.690,10000000
12473,13016.047,10000000
12474,17593.189,10000000
12475,18107.994,10000000
12476,14318.198,10000000
12477,13360.298,10000000
12478,12602.307,10000000
12479,12324.384,10000000
12480,12234.096,10000000
12481,12190.976,10000000
12482,12172.517,10000000
12483,12140.817,10000000
12484,12119.813,10000000
12485,12094.868,10000000
12486,12095.336,10000000
12487,12118.175,10000000
12488,12151.161,10000000
12489,12131.750,10000000
12490,12108.586,10000000
12491,12119.367,10000000
12492,12123.778,10000000
12493,12099.605,10000000
12494,12131.792,10000000
12495,12119.638,10000000
12496,12131.647,10000000
12497,12114.843,10000000
12498,12122.284,10000000
12499,12118.108,10000000
12500,12114.742,10000000
12501,12143.386,10000000
12502,12114.656,10000000
12503,12116.205,10000000
12504,12099.381,10000000
12505,12089.734,10000000
12506,12097.484,10000000
12507,12093.185,10000000
12508,12093.058,10000000
12509,12102.755,10000000
12510,12116.256,10000000
12511,12109.510,10000000
12512,12125.993,10000000
12513,12125.051,10000000
12514,12132.296,10000000
12515,12138.373,10000000
12516,12133.320,10000000
12517,12122.919,10000000
12518,12099.526,10000000
12519,12082.236,10000000
12520,12083.638,10000000
12521,12095.609,10000000
12522,12119.069,10000000
12523,12162.773,10000000
12524,12168.722,10000000
12525,12117.460,10000000
12526,12113.469,10000000
12527,13323.529,10000000
12528,17556.408,10000000
12529,17664.828,10000000
12530,14143.725,10000000
12531,13251.196,10000000
12532,12543.221,10000000
12533,12243.544,10000000
12534,12164.721,10000000
12535,12120.076,10000000
12536,12122.922,10000000
12537,12123.261,10000000
12538,12166.266,10000000
12539,12137.272,10000000
12540,12130.605,10000000
12541,12100.825,10000000
12542,12086.185,10000000
12543,12090.784,10000000
12544,12088.691,10000000
12545,12105.338,10000000
12546,12125.592,10000000
12547,12137.446,10000000
12548,12110.271,10000000
12549,12111.931,10000000
12550,12102.789,10000000
12551,12106.396,10000000
12552,12106.470,10000000
12553,12096.428,10000000
12554,12065.463,10000000
12555,12048.104,10000000
12556,12087.078,10000000
12557,12107.037,10000000
12558,12073.542,10000000
12559,12076.489,10000000
12560,12076.234,10000000
12561,12100.114,10000000
12562,12112.598,10000000
12563,12118.732,10000000
12564,12099.635,10000000
12565,12081.298,10000000
12566,12071.174,10000000
12567,12075.421,10000000
12568,12089.186,10000000
12569,12100.512,10000000
12570,12073.699,10000000
12571,12051.873,10000000
12572,12069.542,10000000
12573,12108.908,10000000
12574,12105.542,10000000
12575,12103.887,10000000
12576,12087.412,10000000
12577,12119.956,10000000
12578,12114.701,10000000
12579,12090.610,10000000
12580,12070.854,10000000
12581,13505.242,10000000
12582,17457.969,10000000
12583,17227.064,10000000
12584,13975.023,10000000
12585,13105.409,10000000
12586,12457.618,10000000
12587,12240.806,10000000
12588,12175.389,10000000
12589,12105.521,10000000
12590,12089.773,10000000
12591,12088.164,10000000
12592,12066.593,10000000
12593,12075.651,10000000
12594,12085.218,10000000
12595,12104.788,10000000
12596,12081.456,10000000
12597,12081.153,10000000
12598,12086.118,10000000
12599,12120.363,10000000
12600,12113.825,10000000
12601,12121.038,10000000
12602,12083.664,10000000
12603,12083.059,10000000
12604,12088.697,10000000
12605,12099.465,10000000
12606,12046.401,10000000
12607,12030.215,10000000
12608,12044.710,10000000
12609,12077.381,10000000
12610,12077.029,10000000
12611,12046.547,10000000
12612,12048.704,10000000
12613,12065.842,10000000
12614,12084.376,10000000
12615,12100.997,10000000
12616,12104.816,10000000
12617,12088.994,10000000
12618,12092.117,10000000
12619,12073.145,10000000
12620,12090.206,10000000
12621,12087.001,10000000
12622,12065.067,10000000
12623,12068.387,10000000
12624,12057.608,10000000
12625,12063.836,10000000
12626,12064.947,10000000
12627,12068.426,10000000
12628,12070.953,10000000
12629,12072.108,10000000
12630,12061.015,10000000
12631,12067.631,10000000
12632,12072.627,10000000
12633,12053.081,10000000
12634,12063.967,10000000
12635,13688.904,10000000
12636,17345.170,10000000
12637,16828.230,10000000
12638,13821.028,10000000
12639,14336.307,10000000
12640,14140.529,10000000
12641,12841.245,10000000
12642,12336.678,10000000
12643,12152.952,10000000
12644,12066.732,10000000
12645,12052.524,10000000
12646,12078.018,10000000
12647,12042.787,10000000
12648,12026.247,10000000
12649,12055.149,10000000
12650,12063.332,10000000
12651,12065.928,10000000
12652,12048.467,10000000
12653,12073.591,10000000
12654,12045.506,10000000
12655,12053.306,10000000
12656,12018.024,10000000
12657,12034.352,10000000
12658,12051.584,10000000
12659,12013.964,10000000
12660,12015.539,10000000
12661,12040.282,10000000
12662,12046.374,10000000
12663,12075.081,10000000
12664,12056.185,10000000
12665,12060.060,10000000
12666,12066.655,10000000
12667,12066.988,10000000
12668,12047.883,10000000
12669,12043.928,10000000
12670,12035.947,10000000
12671,12041.543,10000000
12672,12021.090,10000000
12673,12022.152,10000000
12674,12045.077,10000000
12675,12038.354,10000000
12676,12040.589,10000000
12677,12040.511,10000000
12678,12037.136,10000000
12679,12041.221,10000000
12680,12051.562,10000000
12681,12028.009,10000000
12682,12010.217,10000000
12683,12024.447,10000000
12684,12041.027,10000000
12685,12047.457,10000000
12686,12061.761,10000000
12687,12049.746,10000000
12688,12055.070,10000000
12689,13867.168,10000000
12690,17251.994,10000000
12691,16459.023,10000000
12692,13648.645,10000000
12693,12914.224,10000000
12694,12382.445,10000000
12695,12162.396,10000000
12696,12060.684,10000000
12697,12056.998,10000000
12698,12073.471,10000000
12699,12060.089,10000000
12700,12025.429,10000000
12701,12066.965,10000000
12702,12054.462,10000000
12703,12024.409,10000000
12704,12017.442,10000000
12705,12021.438,10000000
12706,12008.521,10000000
12707,11991.027,10000000
12708,12038.229,10000000
12709,12031.228,10000000
12710,12057.650,10000000
12711,12054.631,10000000
12712,12048.001,10000000
12713,12035.660,10000000
12714,12023.055,10000000
12715,12026.860,10000000
12716,12016.659,10000000
12717,12014.920,10000000
12718,12041.853,10000000
12719,12029.029,10000000
12720,12033.246,10000000
12721,12036.480,10000000
12722,12004.670,10000000
12723,11997.094,10000000
12724,12015.742,10000000
12725,12028.337,10000000
12726,12025.165,10000000
12727,11997.544,10000000
12728,12031.947,10000000
12729,11990.289,10000000
12730,11994.870,10000000
12731,11984.539,10000000
12732,12019.696,10000000
12733,12026.809,10000000
12734,11984.280,10000000
12735,12007.767,10000000
12736,12022.473,10000000
12737,12023.719,10000000
12738,12036.688,10000000
12739,12016.847,10000000
12740,12016.385,10000000
12741,12028.768,10000000
12742,12002.040,10000000
12743,13985.039,10000000
12744,17132.867,10000000
12745,16079.899,10000000
12746,13488.794,10000000
12747,12813.841,10000000
12748,12292.718,10000000
12749,12134.653,10000000
12750,12046.756,10000000
12751,12018.379,10000000
12752,12010.346,10000000
12753,11998.594,10000000
12754,11987.639,10000000
12755,12006.408,10000000
12756,12002.931,10000000
12757,12000.272,10000000
12758,12023.016,10000000
12759,12015.220,10000000
12760,11984.603,10000000
12761,12018.391,10000000
12762,11996.819,10000000
12763,11988.574,10000000
12764,11973.724,10000000
12765,11986.701,10000000
12766,11994.898,10000000
12767,11988.008,10000000
12768,11997.080,10000000
12769,11982.923,10000000
12770,11987.030,10000000
12771,12008.421,10000000
12772,12011.874,10000000
12773,11983.475,10000000
12774,12033.138,10000000
12775,12008.107,10000000
12776,12000.947,10000000
12777,11994.480,10000000
12778,11968.416,10000000
12779,11935.022,10000000
12780,11928.681,10000000
12781,11939.643,10000000
12782,11927.739,10000000
12783,11939.967,10000000
12784,11961.977,10000000
12785,11989.037,10000000
12786,11993.713,10000000
12787,11980.664,10000000
12788,11960.451,10000000
12789,11996.743,10000000
12790,11986.997,10000000
12791,11988.824,10000000
12792,11969.015,10000000
12793,11934.562,10000000
12794,11941.563,10000000
12795,11977.478,10000000
12796,11968.826,10000000
12797,14146.172,10000000
12798,17045.584,10000000
12799,15782.506,10000000
12800,13371.540,10000000
12801,13102.261,10000000
12802,12794.989,10000000
12803,12689.398,10000000
12804,12563.299,10000000
12805,12518.349,10000000
12806,12537.643,10000000
12807,12540.809,10000000
12808,12533.016,10000000
12809,12558.876,10000000
12810,12543.179,10000000
12811,12577.416,10000000
12812,12577.901,10000000
12813,12610.761,10000000
12814,12641.214,10000000
12815,12619.558,10000000
12816,12659.047,10000000
12817,12622.237,10000000
12818,12515.691,10000000
12819,12475.636,10000000
12820,12491.736,10000000
12821,12514.331,10000000
12822,12528.476,10000000
12823,12546.874,10000000
12824,12562.492,10000000
12825,12554.447,10000000
12826,12583.175,10000000
12827,12556.209,10000000
12828,12596.075,10000000
12829,12629.800,10000000
12830,12600.089,10000000
12831,12610.113,10000000
12832,12521.146,10000000
12833,12506.612,10000000
12834,12526.576,10000000
12835,12552.674,10000000
12836,12539.686,10000000
12837,12552.770,10000000
12838,12572.716,10000000
12839,12607.611,10000000
12840,12576.671,10000000
12841,12600.504,10000000
12842,12575.203,10000000
12843,12603.493,10000000
12844,12641.603,10000000
12845,12633.654,10000000
12846,12521.364,10000000
12847,12470.898,10000000
12848,12493.364,10000000
12849,12506.269,10000000
12850,12513.274,10000000
12851,14639.372,10000000
12852,17136.773,10000000
12853,15791.654,10000000
12854,13773.544,10000000
12855,13268.673,10000000
12856,12865.922,10000000
12857,12703.301,10000000
12858,12604.636,10000000
12859,12587.062,10000000
12860,12505.349,10000000
12861,12463.829,10000000
12862,12472.110,10000000
12863,12510.508,10000000
12864,12505.182,10000000
12865,12498.256,10000000
12866,12547.442,10000000
12867,12524.947,10000000
12868,12540.339,10000000
12869,12558.692,10000000
12870,12542.593,10000000
12871,12581.525,10000000
12872,12595.464,10000000
12873,12541.266,10000000
12874,12453.690,10000000
12875,12439.263,10000000
12876,12448.062,10000000
12877,12471.122,10000000
12878,12505.268,10000000
12879,12513.658,10000000
12880,12539.997,10000000
12881,12544.574,10000000
12882,12537.082,10000000
12883,12562.374,10000000
12884,12580.988,10000000
12885,12600.139,10000000
12886,12599.388,10000000
12887,12551.351,10000000
12888,12439.499,10000000
12889,12440.300,10000000
12890,12415.209,10000000
12891,12467.571,10000000
12892,12485.390,10000000
12893,12477.787,10000000
12894,12505.043,10000000
12895,12494.774,10000000
12896,12507.193,10000000
12897,12533.434,10000000
12898,12557.195,10000000
12899,12545.981,10000000
12900,12605.657,10000000
12901,12565.891,10000000
12902,12458.613,10000000
12903,12444.345,10000000
12904,12452.967,10000000
12905,14688.710,10000000
12906,16981.070,10000000
12907,15473.192,10000000
12908,13591.156,10000000
12909,15082.716,10000000
12910,13782.514,10000000
12911,13023.186,10000000
12912,12691.518,10000000
12913,12602.792,10000000
12914,12573.153,10000000
12915,12498.291,10000000
12916,12424.835,10000000
12917,12406.719,10000000
12918,12430.633,10000000
12919,12453.512,10000000
12920,12447.811,10000000
12921,12470.960,10000000
12922,12443.225,10000000
12923,12482.781,10000000
12924,12491.708,10000000
12925,12488.267,10000000
12926,12509.622,10000000
12927,12531.760,10000000
12928,12510.937,10000000
12929,12483.854,10000000
12930,12401.862,10000000
12931,12381.438,10000000
12932,12430.487,10000000
12933,12424.719,10000000
12934,12449.961,10000000
12935,12441.421,10000000
12936,12465.201,10000000
12937,12493.954,10000000
12938,12494.711,10000000
12939,12493.860,10000000
12940,12515.960,10000000
12941,12502.331,10000000
12942,12523.907,10000000
12943,12456.305,10000000
12944,12356.341,10000000
12945,12373.626,10000000
12946,12409.226,10000000
12947,12416.979,10000000
12948,12436.791,10000000
12949,12430.834,10000000
12950,12476.798,10000000
12951,12457.290,10000000
12952,12510.831,10000000
12953,12496.954,10000000
12954,12513.424,10000000
12955,12501.611,10000000
12956,12491.706,10000000
12957,12427.167,10000000
12958,12337.022,10000000
12959,14692.681,10000000
12960,16826.512,10000000
12961,15168.444,10000000
12962,13433.482,10000000
12963,13032.712,10000000
12964,12288.786,10000000
12965,12024.892,10000000
12966,11941.731,10000000
12967,11898.854,10000000
12968,11869.747,10000000
12969,11887.070,10000000
12970,11875.407,10000000
12971,11862.435,10000000
12972,11854.124,10000000
12973,11872.974,10000000
12974,11856.054,10000000
12975,11873.157,10000000
12976,11864.799,10000000
12977,11863.980,10000000
12978,11876.917,10000000
12979,11885.566,10000000
12980,11850.418,10000000
12981,11834.360,10000000
12982,11811.387,10000000
12983,11849.941,10000000
12984,11832.264,10000000
12985,11829.978,10000000
12986,11832.952,10000000
12987,11840.421,10000000
12988,11858.921,10000000
12989,11869.421,10000000
12990,11881.027,10000000
12991,11849.695,10000000
12992,11817.285,10000000
12993,11841.255,10000000
12994,11842.881,10000000
12995,11831.201,10000000
12996,11824.775,10000000
12997,11828.664,10000000
12998,11825.763,10000000
12999,11821.801,10000000
13000,11822.907,10000000
13001,11843.162,10000000
13002,11869.215,10000000
13003,11857.019,10000000
13004,11819.228,10000000
13005,11825.457,10000000
13006,11835.874,10000000
13007,11848.003,10000000
13008,11851.269,10000000
13009,11812.813,10000000
13010,11841.443,10000000
13011,11824.708,10000000
13012,11830.503,10000000
13013,14411.760,10000000
13014,16529.926,10000000
13015,14598.894,10000000
13016,12817.870,10000000
13017,12381.924,10000000
13018,12015.704,10000000
13019,11903.908,10000000
13020,11858.990,10000000
13021,11835.504,10000000
13022,11843.380,10000000
13023,11833.271,10000000
13024,11838.592,10000000
13025,11822.909,10000000
13026,11827.970,10000000
13027,11837.258,10000000
13028,11824.995,10000000
13029,11808.054,10000000
13030,11798.610,10000000
13031,11803.679,10000000
13032,11812.257,10000000
13033,11790.747,10000000
13034,11782.040,10000000
13035,11781.703,10000000
13036,11815.242,10000000
13037,11821.616,10000000
13038,11803.727,10000000
13039,11835.921,10000000
13040,11826.387,10000000
13041,11807.271,10000000
13042,11793.034,10000000
13043,11764.003,10000000
13044,11804.699,10000000
13045,11803.739,10000000
13046,11772.474,10000000
13047,11765.833,10000000
13048,11796.377,10000000
13049,11795.956,10000000
13050,11774.381,10000000
13051,11784.806,10000000
13052,11782.016,10000000
13053,11796.465,10000000
13054,11789.767,10000000
13055,11794.712,10000000
13056,11780.282,10000000
13057,11805.949,10000000
13058,11803.328,10000000
13059,11787.839,10000000
13060,11787.148,10000000
13061,11784.904,10000000
13062,11774.420,10000000
13063,11788.065,10000000
13064,11769.390,10000000
13065,11762.482,10000000
13066,11766.364,10000000
13067,14401.724,10000000
13068,16385.791,10000000
13069,14363.916,10000000
13070,12707.209,10000000
13071,12301.804,10000000
13072,11966.197,10000000
13073,11827.313,10000000
13074,11782.071,10000000
13075,11797.642,10000000
13076,11806.531,10000000
13077,11780.654,10000000
13078,11803.223,10000000
13079,11821.015,10000000
13080,11794.868,10000000
13081,11773.778,10000000
13082,11792.455,10000000
13083,11779.126,10000000
13084,11761.943,10000000
13085,11757.373,10000000
13086,11771.271,10000000
13087,11742.741,10000000
13088,11735.577,10000000
13089,11759.668,10000000
13090,11769.842,10000000
13091,11783.569,10000000
13092,11753.912,10000000
13093,11783.666,10000000
13094,11792.220,10000000
13095,11768.258,10000000
13096,11762.332,10000000
13097,11749.550,10000000
13098,11756.105,10000000
13099,11749.822,10000000
13100,11742.979,10000000
13101,11762.419,10000000
13102,11761.791,10000000
13103,11776.236,10000000
13104,11761.719,10000000
13105,11750.161,10000000
13106,11777.707,10000000
13107,11757.373,10000000
13108,11749.586,10000000
13109,11751.303,10000000
13110,11757.209,10000000
13111,11722.373,10000000
13112,11717.091,10000000
13113,11742.211,10000000
13114,11750.979,10000000
13115,11737.223,10000000
13116,11734.760,10000000
13117,11732.854,10000000
13118,11757.034,10000000
13119,11742.990,10000000
13120,11737.944,10000000
13121,14391.031,10000000
13122,16235.934,10000000
13123,14120.160,10000000
13124,12613.294,10000000
13125,12232.081,10000000
13126,11906.195,10000000
13127,11816.004,10000000
13128,11729.506,10000000
13129,11744.728,10000000
13130,11752.933,10000000
13131,11741.845,10000000
13132,11698.294,10000000
13133,11731.727,10000000
13134,11746.007,10000000
13135,11747.506,10000000
13136,11724.600,10000000
13137,11725.157,10000000
13138,11738.465,10000000
13139,11721.020,10000000
13140,11709.011,10000000
13141,11708.102,10000000
13142,11730.032,10000000
13143,11735.614,10000000
13144,11718.588,10000000
13145,11689.321,10000000
13146,11712.084,10000000
13147,11716.719,10000000
13148,11709.768,10000000
13149,11710.327,10000000
13150,11707.833,10000000
13151,11711.635,10000000
13152,11709.198,10000000
13153,11698.018,10000000
13154,11697.210,10000000
13155,11695.144,10000000
13156,11687.021,10000000
13157,11696.194,10000000
13158,11707.189,10000000
13159,11695.743,10000000
13160,11697.550,10000000
13161,11685.779,10000000
13162,11699.967,10000000
13163,11687.836,10000000
13164,11680.112,10000000
13165,11699.518,10000000
13166,11688.309,10000000
13167,11686.148,10000000
13168,11705.031,10000000
13169,11701.986,10000000
13170,11709.192,10000000
13171,11710.108,10000000
13172,11708.530,10000000
13173,11694.948,10000000
13174,11705.160,10000000
13175,14381.914,10000000
13176,16091.939,10000000
13177,13912.381,10000000
13178,12487.472,10000000
13179,14324.842,10000000
13180,12670.659,10000000
13181,12076.057,10000000
13182,11851.113,10000000
13183,11742.825,10000000
13184,11728.492,10000000
13185,11739.951,10000000
13186,11708.195,10000000
13187,11723.263,10000000
13188,11701.051,10000000
13189,11691.918,10000000
13190,11687.104,10000000
13191,11655.764,10000000
13192,11692.739,10000000
13193,11658.332,10000000
13194,11660.709,10000000
13195,11672.089,10000000
13196,11689.830,10000000
13197,11679.793,10000000
13198,11689.232,10000000
13199,11682.843,10000000
13200,11663.210,10000000
13201,11678.809,10000000
13202,11670.596,10000000
13203,11674.573,10000000
13204,11680.691,10000000
13205,11654.692,10000000
13206,11659.974,10000000
13207,11655.817,10000000
13208,11641.766,10000000
13209,11659.339,10000000
13210,11644.708,10000000
13211,11645.578,10000000
13212,11678.520,10000000
13213,11655.275,10000000
13214,11628.927,10000000
13215,11671.369,10000000
13216,11645.731,10000000
13217,11636.871,10000000
13218,11626.829,10000000
13219,11645.291,10000000
13220,11671.431,10000000
13221,11683.145,10000000
13222,11649.659,10000000
13223,11659.779,10000000
13224,11658.728,10000000
13225,11635.618,10000000
13226,11615.999,10000000
13227,11654.336,10000000
13228,11632.831,10000000
13229,14333.248,10000000
13230,15940.966,10000000
13231,13715.685,10000000
13232,12395.545,10000000
13233,12049.621,10000000
13234,11781.607,10000000
13235,11703.867,10000000
13236,11655.582,10000000
13237,11637.841,10000000
13238,11629.723,10000000
13239,11645.880,10000000
13240,11621.197,10000000
13241,11619.172,10000000
13242,11633.147,10000000
13243,11601.799,10000000
13244,11612.034,10000000
13245,11600.283,10000000
13246,11619.714,10000000
13247,11640.422,10000000
13248,11626.197,10000000
13249,11618.069,10000000
13250,11607.167,10000000
13251,11618.963,10000000
13252,11610.226,10000000
13253,11611.710,10000000
13254,11625.855,10000000
13255,11612.435,10000000
13256,11605.620,10000000
13257,11629.354,10000000
13258,11619.183,10000000
13259,11604.414,10000000
13260,11595.517,10000000
13261,11613.508,10000000
13262,11616.317,10000000
13263,11613.390,10000000
13264,11588.708,10000000
13265,11610.964,10000000
13266,11600.605,10000000
13267,11581.562,10000000
13268,11570.118,10000000
13269,11601.401,10000000
13270,11592.821,10000000
13271,11598.075,10000000
13272,11606.483,10000000
13273,11614.401,10000000
13274,11648.090,10000000
13275,11601.196,10000000
13276,11606.015,10000000
13277,11627.883,10000000
13278,11604.073,10000000
13279,11593.938,10000000
13280,11598.024,10000000
13281,11601.422,10000000
13282,11593.013,10000000
13283,14318.012,10000000
13284,15774.851,10000000
13285,13509.329,10000000
13286,12282.998,10000000
13287,11980.105,10000000
13288,11736.313,10000000
13289,11634.220,10000000
13290,11612.405,10000000
13291,11591.341,10000000
13292,11587.891,10000000
13293,11578.356,10000000
13294,11583.092,10000000
13295,11598.484,10000000
13296,11591.099,10000000
13297,11581.479,10000000
13298,11590.617,10000000
13299,11590.290,10000000
13300,11593.494,10000000
13301,11572.083,10000000
13302,11568.848,10000000
13303,11577.186,10000000
13304,11572.818,10000000
13305,11565.461,10000000
13306,11567.729,10000000
13307,11570.920,10000000
13308,11554.201,10000000
13309,11548.941,10000000
13310,11564.349,10000000
13311,11569.955,10000000
13312,11558.215,10000000
13313,11553.161,10000000
13314,11577.872,10000000
13315,11574.723,10000000
13316,11560.987,10000000
13317,11549.078,10000000
13318,11573.923,10000000
13319,11581.222,10000000
13320,11553.227,10000000
13321,11576.063,10000000
13322,11571.436,10000000
13323,11553.879,10000000
13324,11555.635,10000000
13325,11579.918,10000000
13326,11566.408,10000000
13327,11545.220,10000000
13328,11556.052,10000000
13329,11551.677,10000000
13330,11564.976,10000000
13331,11571.092,10000000
13332,11564.108,10000000
13333,11579.317,10000000
13334,11557.798,10000000
13335,11556.695,10000000
13336,11556.364,10000000
13337,14272.224,10000000
13338,15633.314,10000000
13339,13348.369,10000000
13340,12198.203,10000000
13341,11910.761,10000000
13342,11689.991,10000000
13343,11583.427,10000000
13344,11551.128,10000000
13345,11552.952,10000000
13346,11567.176,10000000
13347,11562.425,10000000
13348,11535.472,10000000
13349,11518.591,10000000
13350,11539.369,10000000
13351,11524.793,10000000
13352,11541.684,10000000
13353,11545.930,10000000
13354,11564.508,10000000
13355,11552.235,10000000
13356,11539.454,10000000
13357,11557.220,10000000
13358,11552.249,10000000
13359,11552.588,10000000
13360,11567.066,10000000
13361,11577.621,10000000
13362,11579.889,10000000
13363,11552.430,10000000
13364,11540.038,10000000
13365,11563.070,10000000
13366,11537.995,10000000
13367,11514.563,10000000
13368,11511.326,10000000
13369,11526.756,10000000
13370,11526.689,10000000
13371,11539.813,10000000
13372,11553.333,10000000
13373,11517.917,10000000
13374,11531.434,10000000
13375,11543.947,10000000
13376,11533.682,10000000
13377,11528.694,10000000
13378,11547.034,10000000
13379,11524.800,10000000
13380,11491.365,10000000
13381,11496.377,10000000
13382,11506.284,10000000
13383,11498.384,10000000
13384,11498.129,10000000
13385,11495.494,10000000
13386,11514.158,10000000
13387,11496.945,10000000
13388,11507.853,10000000
13389,11526.354,10000000
13390,11526.360,10000000
13391,14230.240,10000000
13392,15497.863,10000000
13393,13143.994,10000000
13394,12068.677,10000000
13395,11837.430,10000000
13396,11626.977,10000000
13397,11553.385,10000000
13398,11517.607,10000000
13399,11494.423,10000000
13400,11508.918,10000000
13401,11491.711,10000000
13402,11486.317,10000000
13403,11481.201,10000000
13404,11472.192,10000000
13405,11504.246,10000000
13406,11492.477,10000000
13407,11478.380,10000000
13408,11498.399,10000000
13409,11509.542,10000000
13410,11482.055,10000000
13411,11493.434,10000000
13412,11508.941,10000000
13413,11492.438,10000000
13414,11487.974,10000000
13415,11491.177,10000000
13416,11495.746,10000000
13417,11500.897,10000000
13418,11493.534,10000000
13419,11481.354,10000000
13420,11464.294,10000000
13421,11455.835,10000000
13422,11465.303,10000000
13423,11475.121,10000000
13424,11470.535,10000000
13425,11491.419,10000000
13426,11471.481,10000000
13427,11469.213,10000000
13428,11493.914,10000000
13429,11492.872,10000000
13430,11456.040,10000000
13431,11491.753,10000000
13432,11489.349,10000000
13433,11475.558,10000000
13434,11480.138,10000000
13435,11484.062,10000000
13436,11455.897,10000000
13437,11446.580,10000000
13438,11420.167,10000000
13439,11425.605,10000000
13440,11457.011,10000000
13441,11442.188,10000000
13442,11422.709,10000000
13443,11443.151,10000000
13444,11458.890,10000000
13445,14177.176,10000000
13446,15352.196,10000000
13447,12988.934,10000000
13448,11982.163,10000000
13449,13266.569,10000000
13450,12123.534,10000000
13451,11698.091,10000000
13452,11546.309,10000000
13453,11494.764,10000000
13454,11459.519,10000000
13455,11460.213,10000000
13456,11441.333,10000000
13457,11447.367,10000000
13458,11430.279,10000000
13459,11425.943,10000000
13460,11444.205,10000000
13461,11440.653,10000000
13462,11420.897,10000000
13463,11437.018,10000000
13464,11436.519,10000000
13465,11430.744,10000000
13466,11431.571,10000000
13467,11436.225,10000000
13468,11424.266,10000000
13469,11426.762,10000000
13470,11399.807,10000000
13471,11398.967,10000000
13472,11438.060,10000000
13473,11415.966,10000000
13474,11401.479,10000000
13475,11410.807,10000000
13476,11395.770,10000000
13477,11388.377,10000000
13478,11398.035,10000000
13479,11429.494,10000000
13480,11402.712,10000000
13481,11401.125,10000000
13482,11414.776,10000000
13483,11406.555,10000000
13484,11395.537,10000000
13485,11401.792,10000000
13486,11403.048,10000000
13487,11403.792,10000000
13488,11408.751,10000000
13489,11396.989,10000000
13490,11379.304,10000000
13491,11396.198,10000000
13492,11405.265,10000000
13493,11414.424,10000000
13494,11385.986,10000000
13495,11415.509,10000000
13496,11404.607,10000000
13497,11403.811,10000000
13498,11413.383,10000000
13499,14112.874,10000000
13500,15216.793,10000000
13501,12824.512,10000000
13502,11910.745,10000000
13503,11695.978,10000000
13504,11520.472,10000000
13505,11443.785,10000000
13506,11427.708,10000000
13507,11409.762,10000000
13508,11381.737,10000000
13509,11412.087,10000000
13510,11382.916,10000000
13511,11374.914,10000000
13512,11386.305,10000000
13513,11397.170,10000000
13514,11389.271,10000000
13515,11397.854,10000000
13516,11432.557,10000000
13517,11395.986,10000000
13518,11406.155,10000000
13519,11403.362,10000000
13520,11396.404,10000000
13521,11387.491,10000000
13522,11381.775,10000000
13523,11366.982,10000000
13524,11357.726,10000000
13525,11363.916,10000000
13526,11387.434,10000000
13527,11344.320,10000000
13528,11349.848,10000000
13529,11357.732,10000000
13530,11358.145,10000000
13531,11365.633,10000000
13532,11369.336,10000000
13533,11356.188,10000000
13534,11371.000,10000000
13535,11375.293,10000000
13536,11378.919,10000000
13537,11343.295,10000000
13538,11353.397,10000000
13539,11349.632,10000000
13540,11345.045,10000000
13541,11356.564,10000000
13542,11337.428,10000000
13543,11311.509,10000000
13544,11318.342,10000000
13545,11337.181,10000000
13546,11319.416,10000000
13547,11320.884,10000000
13548,11350.182,10000000
13549,11328.372,10000000
13550,11353.729,10000000
13551,11356.342,10000000
13552,11340.747,10000000
13553,14050.049,10000000
13554,15005.213,10000000
13555,12685.771,10000000
13556,11827.927,10000000
13557,11629.684,10000000
13558,11441.321,10000000
13559,11379.691,10000000
13560,11356.947,10000000
13561,11332.837,10000000
13562,11333.673,10000000
13563,11341.271,10000000
13564,11311.436,10000000
13565,11344.655,10000000
13566,11338.188,10000000
13567,11320.588,10000000
13568,11353.017,10000000
13569,11347.231,10000000
13570,11345.123,10000000
13571,11347.338,10000000
13572,11341.417,10000000
13573,11336.744,10000000
13574,11352.288,10000000
13575,11329.422,10000000
13576,11340.329,10000000
13577,11336.963,10000000
13578,11337.340,10000000
13579,11335.975,10000000
13580,11329.638,10000000
13581,11311.910,10000000
13582,11343.906,10000000
13583,11327.160,10000000
13584,11353.480,10000000
13585,11324.593,10000000
13586,11315.744,10000000
13587,11307.500,10000000
13588,11292.649,10000000
13589,11270.368,10000000
13590,11308.975,10000000
13591,11280.352,10000000
13592,11286.520,10000000
13593,11329.213,10000000
13594,11288.879,10000000
13595,11311.526,10000000
13596,11290.823,10000000
13597,11309.563,10000000
13598,11330.979,10000000
13599,11311.445,10000000
13600,11313.837,10000000
13601,11305.105,10000000
13602,11301.814,10000000
13603,11311.353,10000000
13604,11299.326,10000000
13605,11294.145,10000000
13606,11391.048,10000000
13607,13962.938,10000000
13608,14692.358,10000000
13609,12539.635,10000000
13610,11837.284,10000000
13611,11546.577,10000000
13612,11390.863,10000000
13613,11352.210,10000000
13614,11328.444,10000000
13615,11325.228,10000000
13616,11307.788,10000000
13617,11296.215,10000000
13618,11302.641,10000000
13619,11306.506,10000000
13620,11304.468,10000000
13621,11279.274,10000000
13622,11279.741,10000000
13623,11265.989,10000000
13624,11285.813,10000000
13625,11275.101,10000000
13626,11284.579,10000000
13627,11296.791,10000000
13628,11272.028,10000000
13629,11279.905,10000000
13630,11288.064,10000000
13631,11297.271,10000000
13632,11307.905,10000000
13633,11276.665,10000000
13634,11289.921,10000000
13635,11288.810,10000000
13636,11270.135,10000000
13637,11292.424,10000000
13638,11266.785,10000000
13639,11257.656,10000000
13640,11288.312,10000000
13641,11291.555,10000000
13642,11270.468,10000000
13643,11297.098,10000000
13644,11307.144,10000000
13645,11283.408,10000000
13646,11305.659,10000000
13647,11287.096,10000000
13648,11269.846,10000000
13649,11278.072,10000000
13650,11261.831,10000000
13651,11268.313,10000000
13652,11277.714,10000000
13653,11269.481,10000000
13654,11273.758,10000000
13655,11245.752,10000000
13656,11244.454,10000000
13657,11264.116,10000000
13658,11296.735,10000000
13659,11254.836,10000000
13660,11500.330,10000000
13661,13892.620,10000000
13662,14379.292,10000000
13663,12401.695,10000000
13664,11883.574,10000000
13665,11491.658,10000000
13666,11343.544,10000000
13667,11280.417,10000000
13668,11273.580,10000000
13669,11256.178,10000000
13670,11242.827,10000000
13671,11225.056,10000000
13672,11225.410,10000000
13673,11246.676,10000000
13674,11233.929,10000000
13675,11258.486,10000000
13676,11206.700,10000000
13677,11248.279,10000000
13678,11240.791,10000000
13679,11231.544,10000000
13680,11232.593,10000000
13681,11230.301,10000000
13682,11238.700,10000000
13683,11223.729,10000000
13684,11195.248,10000000
13685,11238.770,10000000
13686,11208.321,10000000
13687,11214.378,10000000
13688,11255.281,10000000
13689,11245.872,10000000
13690,11234.682,10000000
13691,11251.584,10000000
13692,11274.407,10000000
13693,11242.775,10000000
13694,11216.149,10000000
13695,11232.464,10000000
13696,11233.133,10000000
13697,11221.842,10000000
13698,11230.490,10000000
13699,11240.652,10000000
13700,11218.770,10000000
13701,11222.247,10000000
13702,11229.564,10000000
13703,11229.541,10000000
13704,11208.079,10000000
13705,11224.738,10000000
13706,11202.892,10000000
13707,11200.114,10000000
13708,11187.798,10000000
13709,11189.553,10000000
13710,11209.501,10000000
13711,11174.271,10000000
13712,11203.271,10000000
13713,11203.646,10000000
13714,11599.161,10000000
13715,13824.764,10000000
13716,14111.767,10000000
13717,12259.267,10000000
13718,12002.631,10000000
13719,12423.951,10000000
13720,11654.266,10000000
13721,11364.822,10000000
13722,11257.272,10000000
13723,11209.581,10000000
13724,11188.069,10000000
13725,11176.256,10000000
13726,11186.795,10000000
13727,11190.691,10000000
13728,11165.556,10000000
13729,11188.577,10000000
13730,11193.809,10000000
13731,11164.795,10000000
13732,11168.447,10000000
13733,11178.814,10000000
13734,11174.229,10000000
13735,11178.600,10000000
13736,11157.551,10000000
13737,11170.828,10000000
13738,11169.752,10000000
13739,11189.540,10000000
13740,11171.965,10000000
13741,11173.332,10000000
13742,11174.124,10000000
13743,11171.466,10000000
13744,11164.946,10000000
13745,11168.908,10000000
13746,11170.042,10000000
13747,11178.689,10000000
13748,11158.977,10000000
13749,11158.947,10000000
13750,11151.209,10000000
13751,11163.700,10000000
13752,11153.849,10000000
13753,11146.380,10000000
13754,11158.721,10000000
13755,11166.170,10000000
13756,11154.050,10000000
13757,11162.543,10000000
13758,11150.350,10000000
13759,11136.623,10000000
13760,11154.305,10000000
13761,11111.480,10000000
13762,11145.267,10000000
13763,11128.684,10000000
13764,11146.013,10000000
13765,11158.937,10000000
13766,11150.293,10000000
13767,11115.406,10000000
13768,11661.724,10000000
13769,13721.864,10000000
13770,13820.592,10000000
13771,12100.357,10000000
13772,11656.851,10000000
13773,11317.634,10000000
13774,11226.347,10000000
13775,11152.603,10000000
13776,11152.437,10000000
13777,11143.220,10000000
13778,11122.877,10000000
13779,11159.638,10000000
13780,11139.813,10000000
13781,11139.250,10000000
13782,11126.056,10000000
13783,11119.649,10000000
13784,11146.000,10000000
13785,11136.291,10000000
13786,11132.003,10000000
13787,11141.866,10000000
13788,11130.377,10000000
13789,11130.624,10000000
13790,11128.698,10000000
13791,11124.115,10000000
13792,11123.494,10000000
13793,11124.569,10000000
13794,11120.979,10000000
13795,11138.907,10000000
13796,11149.745,10000000
13797,11138.458,10000000
13798,11131.031,10000000
13799,11139.082,10000000
13800,11114.774,10000000
13801,11129.549,10000000
13802,11108.015,10000000
13803,11082.077,10000000
13804,11093.620,10000000
13805,11103.923,10000000
13806,11063.453,10000000
13807,11100.830,10000000
13808,11082.484,10000000
13809,11103.552,10000000
13810,11108.144,10000000
13811,11078.044,10000000
13812,11107.924,10000000
13813,11108.835,10000000
13814,11082.165,10000000
13815,11106.026,10000000
13816,11062.975,10000000
13817,11063.393,10000000
13818,11085.996,10000000
13819,11078.493,10000000
13820,11079.949,10000000
13821,11072.735,10000000
13822,11763.291,10000000
13823,13670.851,10000000
13824,13586.610,10000000
13825,11993.552,10000000
13826,11726.135,10000000
13827,11557.813,10000000
13828,11518.978,10000000
13829,11489.287,10000000
13830,11499.726,10000000
13831,11519.005,10000000
13832,11501.335,10000000
13833,11421.499,10000000
13834,11403.604,10000000
13835,11407.563,10000000
13836,11416.402,10000000
13837,11433.082,10000000
13838,11440.929,10000000
13839,11460.218,10000000
13840,11479.063,10000000
13841,11479.695,10000000
13842,11475.136,10000000
13843,11475.512,10000000
13844,11497.798,10000000
13845,11478.891,10000000
13846,11475.605,10000000
13847,11411.299,10000000
13848,11401.327,10000000
13849,11415.869,10000000
13850,11431.591,10000000
13851,11412.098,10000000
13852,11413.166,10000000
13853,11428.228,10000000
13854,11442.866,10000000
13855,11458.443,10000000
13856,11459.687,10000000
13857,11455.171,10000000
13858,11456.472,10000000
13859,11469.497,10000000
13860,11429.695,10000000
13861,11378.897,10000000
13862,11374.595,10000000
13863,11375.551,10000000
13864,11380.160,10000000
13865,11374.769,10000000
13866,11396.254,10000000
13867,11406.896,10000000
13868,11427.482,10000000
13869,11424.945,10000000
13870,11407.831,10000000
13871,11415.349,10000000
13872,11429.713,10000000
13873,11444.970,10000000
13874,11434.788,10000000
13875,11357.073,10000000
13876,12053.946,10000000
13877,13664.344,10000000
13878,13449.470,10000000
13879,12146.235,10000000
13880,11815.129,10000000
13881,11568.533,10000000
13882,11473.152,10000000
13883,11422.300,10000000
13884,11437.183,10000000
13885,11435.480,10000000
13886,11416.304,10000000
13887,11423.829,10000000
13888,11406.486,10000000
13889,11372.842,10000000
13890,11343.800,10000000
13891,11365.921,10000000
13892,11336.148,10000000
13893,11380.961,10000000
13894,11372.914,10000000
13895,11374.805,10000000
13896,11393.799,10000000
13897,11405.372,10000000
13898,11408.053,10000000
13899,11416.958,10000000
13900,11433.216,10000000
13901,11436.808,10000000
13902,11420.242,10000000
13903,11384.881,10000000
13904,11357.087,10000000
13905,11324.586,10000000
13906,11341.954,10000000
13907,11380.247,10000000
13908,11366.286,10000000
13909,11376.547,10000000
13910,11364.210,10000000
13911,11375.691,10000000
13912,11388.729,10000000
13913,11398.813,10000000
13914,11423.480,10000000
13915,11399.800,10000000
13916,11392.112,10000000
13917,11340.401,10000000
13918,11319.173,10000000
13919,11343.140,10000000
13920,11333.637,10000000
13921,11335.230,10000000
13922,11359.161,10000000
13923,11380.763,10000000
13924,11370.968,10000000
13925,11393.941,10000000
13926,11366.576,10000000
13927,11384.671,10000000
13928,11381.745,10000000
13929,11391.756,10000000
13930,12107.595,10000000
13931,13594.717,10000000
13932,13241.291,10000000
13933,12029.939,10000000
13934,11752.291,10000000
13935,11478.151,10000000
13936,11404.205,10000000
13937,11351.536,10000000
13938,11355.664,10000000
13939,11330.248,10000000
13940,11343.988,10000000
13941,11367.713,10000000
13942,11361.414,10000000
13943,11355.542,10000000
13944,11366.556,10000000
13945,11313.320,10000000
13946,11300.541,10000000
13947,11297.442,10000000
13948,11305.024,10000000
13949,11306.416,10000000
13950,11300.719,10000000
13951,11316.549,10000000
13952,11321.638,10000000
13953,11315.109,10000000
13954,11328.708,10000000
13955,11329.771,10000000
13956,11328.024,10000000
13957,11307.912,10000000
13958,11302.395,10000000
13959,11289.218,10000000
13960,11261.062,10000000
13961,11284.974,10000000
13962,11302.098,10000000
13963,11304.100,10000000
13964,11318.470,10000000
13965,11312.229,10000000
13966,11323.476,10000000
13967,11322.062,10000000
13968,11323.501,10000000
13969,11298.387,10000000
13970,11295.994,10000000
13971,11337.563,10000000
13972,11334.003,10000000
13973,11273.983,10000000
13974,11248.088,10000000
13975,11274.454,10000000
13976,11284.110,10000000
13977,11297.758,10000000
13978,11282.773,10000000
13979,11285.136,10000000
13980,11276.163,10000000
13981,11307.407,10000000
13982,11272.531,10000000
13983,11310.500,10000000
13984,12097.015,10000000
13985,13474.546,10000000
13986,13090.180,10000000
13987,11895.914,10000000
13988,12348.617,10000000
13989,11886.623,10000000
13990,11251.716,10000000
13991,11036.540,10000000
13992,10923.626,10000000
13993,10912.212,10000000
13994,10901.500,10000000
13995,10914.926,10000000
13996,10883.882,10000000
13997,10919.493,10000000
13998,10887.912,10000000
13999,10902.420,10000000
14000,10901.427,10000000
14001,10885.550,10000000
14002,10887.871,10000000
14003,10861.030,10000000
14004,10884.650,10000000
14005,10867.807,10000000
14006,10892.075,10000000
14007,10897.632,10000000
14008,10898.176,10000000
14009,10891.049,10000000
14010,10893.381,10000000
14011,10884.911,10000000
14012,10897.413,10000000
14013,10877.008,10000000
14014,10898.970,10000000
14015,10876.011,10000000
14016,10893.121,10000000
14017,10883.324,10000000
14018,10900.613,10000000
14019,10905.313,10000000
14020,10867.685,10000000
14021,10882.024,10000000
14022,10866.171,10000000
14023,10860.637,10000000
14024,10844.228,10000000
14025,10820.058,10000000
14026,10845.982,10000000
14027,10831.836,10000000
14028,10868.033,10000000
14029,10843.897,10000000
14030,10824.354,10000000
14031,10853.580,10000000
14032,10841.977,10000000
14033,10861.381,10000000
14034,10828.384,10000000
14035,10848.018,10000000
14036,10829.920,10000000
14037,10841.808,10000000
14038,11865.909,10000000
14039,13287.026,10000000
14040,12700.813,10000000
14041,11500.032,10000000
14042,11207.136,10000000
14043,10979.492,10000000
14044,10873.656,10000000
14045,10851.799,10000000
14046,10817.832,10000000
14047,10824.694,10000000
14048,10820.154,10000000
14049,10815.823,10000000
14050,10826.131,10000000
14051,10820.447,10000000
14052,10846.561,10000000
14053,10849.090,10000000
14054,10857.113,10000000
14055,10851.963,10000000
14056,10835.244,10000000
14057,10824.564,10000000
14058,10810.696,10000000
14059,10813.325,10000000
14060,10802.936,10000000
14061,10813.298,10000000
14062,10794.776,10000000
14063,10790.257,10000000
14064,10811.051,10000000
14065,10795.651,10000000
14066,10813.215,10000000
14067,10792.249,10000000
14068,10800.477,10000000
14069,10800.246,10000000
14070,10811.452,10000000
14071,10813.237,10000000
14072,10810.152,10000000
14073,10817.907,10000000
14074,10812.118,10000000
14075,10807.214,10000000
14076,10780.003,10000000
14077,10795.319,10000000
14078,10789.147,10000000
14079,10799.530,10000000
14080,10792.006,10000000
14081,10788.233,10000000
14082,10807.794,10000000
14083,10795.039,10000000
14084,10795.507,10000000
14085,10801.475,10000000
14086,10796.102,10000000
14087,10806.112,10000000
14088,10785.486,10000000
14089,10804.601,10000000
14090,10789.834,10000000
14091,10775.771,10000000
14092,11866.856,10000000
14093,13201.204,10000000
14094,12525.796,10000000
14095,11413.339,10000000
14096,11128.020,10000000
14097,10932.973,10000000
14098,10852.386,10000000
14099,10810.829,10000000
14100,10787.980,10000000
14101,10782.987,10000000
14102,10796.426,10000000
14103,10782.107,10000000
14104,10765.555,10000000
14105,10772.152,10000000
14106,10767.684,10000000
14107,10770.825,10000000
14108,10777.850,10000000
14109,10762.601,10000000
14110,10782.269,10000000
14111,10744.096,10000000
14112,10757.520,10000000
14113,10762.929,10000000
14114,10755.715,10000000
14115,10770.389,10000000
14116,10752.748,10000000
14117,10786.065,10000000
14118,10768.766,10000000
14119,10779.747,10000000
14120,10773.965,10000000
14121,10740.091,10000000
14122,10757.960,10000000
14123,10746.209,10000000
14124,10770.436,10000000
14125,10748.562,10000000
14126,10734.245,10000000
14127,10737.547,10000000
14128,10730.526,10000000
14129,10752.753,10000000
14130,10725.705,10000000
14131,10734.813,10000000
14132,10741.900,10000000
14133,10727.014,10000000
14134,10751.538,10000000
14135,10741.384,10000000
14136,10744.923,10000000
14137,10734.607,10000000
14138,10734.396,10000000
14139,10757.008,10000000
14140,10749.954,10000000
14141,10738.938,10000000
14142,10744.351,10000000
14143,10740.339,10000000
14144,10725.668,10000000
14145,10746.394,10000000
14146,11879.276,10000000
14147,13104.341,10000000
14148,12339.962,10000000
14149,11328.845,10000000
14150,11066.808,10000000
14151,10859.680,10000000
14152,10797.077,10000000
14153,10734.933,10000000
14154,10744.759,10000000
14155,10736.807,10000000
14156,10746.391,10000000
14157,10734.520,10000000
14158,10711.763,10000000
14159,10720.112,10000000
14160,10718.268,10000000
14161,10704.886,10000000
14162,10720.742,10000000
14163,10702.890,10000000
14164,10709.148,10000000
14165,10695.438,10000000
14166,10729.860,10000000
14167,10713.166,10000000
14168,10726.509,10000000
14169,10722.375,10000000
14170,10735.002,10000000
14171,10704.345,10000000
14172,10712.670,10000000
14173,10680.559,10000000
14174,10702.316,10000000
14175,10700.756,10000000
14176,10695.998,10000000
14177,10695.736,10000000
14178,10702.067,10000000
14179,10682.877,10000000
14180,10688.434,10000000
14181,10700.478,10000000
14182,10678.819,10000000
14183,10683.849,10000000
14184,10667.479,10000000
14185,10683.970,10000000
14186,10682.813,10000000
14187,10677.429,10000000
14188,10693.541,10000000
14189,10685.224,10000000
14190,10690.103,10000000
14191,10686.947,10000000
14192,10672.961,10000000
14193,10697.034,10000000
14194,10696.485,10000000
14195,10681.641,10000000
14196,10681.428,10000000
14197,10698.164,10000000
14198,10677.713,10000000
14199,10685.125,10000000
14200,11881.363,10000000
14201,13026.715,10000000
14202,12180.294,10000000
14203,11205.593,10000000
14204,10956.898,10000000
14205,10771.363,10000000
14206,10708.508,10000000
14207,10678.941,10000000
14208,10653.706,10000000
14209,10670.416,10000000
14210,10670.799,10000000
14211,10661.584,10000000
14212,10657.641,10000000
14213,10666.642,10000000
14214,10655.286,10000000
14215,10674.527,10000000
14216,10656.879,10000000
14217,10648.807,10000000
14218,10666.493,10000000
14219,10662.745,10000000
14220,10663.777,10000000
14221,10650.746,10000000
14222,10657.435,10000000
14223,10649.700,10000000
14224,10674.063,10000000
14225,10646.957,10000000
14226,10657.737,10000000
14227,10663.486,10000000
14228,10645.378,10000000
14229,10639.540,10000000
14230,10648.846,10000000
14231,10642.220,10000000
14232,10637.231,10000000
14233,10647.835,10000000
14234,10655.314,10000000
14235,10651.750,10000000
14236,10632.551,10000000
14237,10635.015,10000000
14238,10624.396,10000000
14239,10620.387,10000000
14240,10633.831,10000000
14241,10626.127,10000000
14242,10636.091,10000000
14243,10624.883,10000000
14244,10614.878,10000000
14245,10606.934,10000000
14246,10620.499,10000000
14247,10613.455,10000000
14248,10610.792,10000000
14249,10610.878,10000000
14250,10594.895,10000000
14251,10611.865,10000000
14252,10589.824,10000000
14253,10612.805,10000000
14254,11843.976,10000000
14255,12921.344,10000000
14256,12005.766,10000000
14257,11107.416,10000000
14258,12026.287,10000000
14259,11177.027,10000000
14260,10789.368,10000000
14261,10663.606,10000000
14262,10622.506,10000000
14263,10607.187,10000000
14264,10606.150,10000000
14265,10599.257,10000000
14266,10626.194,10000000
14267,10591.724,10000000
14268,10608.818,10000000
14269,10592.571,10000000
14270,10595.720,10000000
14271,10604.572,10000000
14272,10586.313,10000000
14273,10598.331,10000000
14274,10592.340,10000000
14275,10573.996,10000000
14276,10580.838,10000000
14277,10589.668,10000000
14278,10592.098,10000000
14279,10589.474,10000000
14280,10603.012,10000000
14281,10597.576,10000000
14282,10588.583,10000000
14283,10598.195,10000000
14284,10588.344,10000000
14285,10571.601,10000000
14286,10570.129,10000000
14287,10580.310,10000000
14288,10576.061,10000000
14289,10564.632,10000000
14290,10546.567,10000000
14291,10524.375,10000000
14292,10562.163,10000000
14293,10563.093,10000000
14294,10561.651,10000000
14295,10583.653,10000000
14296,10548.861,10000000
14297,10566.489,10000000
14298,10550.288,10000000
14299,10546.140,10000000
14300,10556.478,10000000
14301,10549.445,10000000
14302,10569.985,10000000
14303,10579.431,10000000
14304,10555.147,10000000
14305,10564.222,10000000
14306,10566.160,10000000
14307,10555.575,10000000
14308,11819.480,10000000
14309,12842.199,10000000
14310,11861.731,10000000
14311,11012.873,10000000
14312,10823.502,10000000
14313,10665.764,10000000
14314,10603.707,10000000
14315,10554.086,10000000
14316,10570.184,10000000
14317,10564.160,10000000
14318,10547.051,10000000
14319,10545.659,10000000
14320,10526.557,10000000
14321,10554.395,10000000
14322,10556.445,10000000
14323,10549.294,10000000
14324,10554.714,10000000
14325,10543.627,10000000
14326,10551.039,10000000
14327,10538.127,10000000
14328,10554.022,10000000
14329,10532.697,10000000
14330,10537.238,10000000
14331,10541.826,10000000
14332,10528.160,10000000
14333,10519.452,10000000
14334,10538.162,10000000
14335,10558.112,10000000
14336,10533.440,10000000
14337,10527.563,10000000
14338,10519.808,10000000
14339,10533.125,10000000
14340,10546.929,10000000
14341,10528.000,10000000
14342,10523.495,10000000
14343,10535.284,10000000
14344,10529.608,10000000
14345,10543.783,10000000
14346,10525.539,10000000
14347,10522.283,10000000
14348,10499.420,10000000
14349,10520.199,10000000
14350,10500.023,10000000
14351,10518.039,10000000
14352,10499.186,10000000
14353,10474.759,10000000
14354,10500.531,10000000
14355,10495.590,10000000
14356,10494.723,10000000
14357,10489.846,10000000
14358,10521.391,10000000
14359,10495.900,10000000
14360,10528.841,10000000
14361,10530.147,10000000
14362,11832.617,10000000
14363,12774.776,10000000
14364,11754.930,10000000
14365,10978.689,10000000
14366,10766.806,10000000
14367,10602.293,10000000
14368,10532.084,10000000
14369,10519.700,10000000
14370,10506.346,10000000
14371,10515.652,10000000
14372,10509.797,10000000
14373,10509.886,10000000
14374,10513.208,10000000
14375,10507.346,10000000
14376,10506.282,10000000
14377,10509.540,10000000
14378,10508.979,10000000
14379,10518.415,10000000
14380,10508.934,10000000
14381,10500.004,10000000
14382,10502.152,10000000
14383,10479.907,10000000
14384,10491.290,10000000
14385,10487.095,10000000
14386,10479.852,10000000
14387,10471.728,10000000
14388,10484.449,10000000
14389,10476.160,10000000
14390,10462.000,10000000
14391,10469.527,10000000
14392,10446.370,10000000
14393,10469.650,10000000
14394,10446.400,10000000
14395,10470.795,10000000
14396,10480.450,10000000
14397,10484.995,10000000
14398,10482.301,10000000
14399,10478.743,10000000
14400,10477.831,10000000
14401,10496.062,10000000
14402,10475.102,10000000
14403,10481.852,10000000
14404,10465.382,10000000
14405,10467.509,10000000
14406,10488.407,10000000
14407,10473.908,10000000
14408,10487.790,10000000
14409,10461.234,10000000
14410,10449.627,10000000
14411,10477.726,10000000
14412,10454.326,10000000
14413,10446.883,10000000
14414,10457.270,10000000
14415,10469.825,10000000
14416,11799.072,10000000
14417,12657.692,10000000
14418,11581.520,10000000
14419,10841.133,10000000
14420,10654.534,10000000
14421,10531.607,10000000
14422,10472.925,10000000
14423,10455.936,10000000
14424,10422.630,10000000
14425,10442.135,10000000
14426,10431.195,10000000
14427,10433.404,10000000
14428,10430.678,10000000
14429,10444.148,10000000
14430,10437.343,10000000
14431,10437.544,10000000
14432,10453.097,10000000
14433,10437.679,10000000
14434,10468.638,10000000
14435,10439.173,10000000
14436,10427.291,10000000
14437,10423.835,10000000
14438,10435.406,10000000
14439,10420.534,10000000
14440,10426.487,10000000
14441,10418.201,10000000
14442,10433.809,10000000
14443,10413.475,10000000
14444,10438.997,10000000
14445,10414.875,10000000
14446,10441.207,10000000
14447,10419.522,10000000
14448,10422.829,10000000
14449,10413.522,10000000
14450,10422.408,10000000
14451,10409.261,10000000
14452,10426.653,10000000
14453,10414.373,10000000
14454,10434.252,10000000
14455,10440.574,10000000
14456,10428.685,10000000
14457,10419.874,10000000
14458,10417.546,10000000
14459,10431.879,10000000
14460,10412.314,10000000
14461,10420.608,10000000
14462,10396.665,10000000
14463,10414.888,10000000
14464,10402.561,10000000
14465,10399.532,10000000
14466,10390.341,10000000
14467,10404.615,10000000
14468,10397.467,10000000
14469,10393.155,10000000
14470,11729.578,10000000
14471,12552.468,10000000
14472,11446.648,10000000
14473,10760.205,10000000
14474,10621.687,10000000
14475,10475.021,10000000
14476,10431.482,10000000
14477,10408.538,10000000
14478,10396.243,10000000
14479,10389.840,10000000
14480,10391.317,10000000
14481,10400.432,10000000
14482,10383.460,10000000
14483,10381.691,10000000
14484,10378.057,10000000
14485,10364.835,10000000
14486,10371.112,10000000
14487,10373.493,10000000
14488,10373.670,10000000
14489,10387.325,10000000
14490,10392.071,10000000
14491,10380.468,10000000
14492,10386.036,10000000
14493,10369.270,10000000
14494,10390.291,10000000
14495,10373.176,10000000
14496,10368.104,10000000
14497,10372.435,10000000
14498,10364.079,10000000
14499,10358.080,10000000
14500,10346.140,10000000
14501,10362.547,10000000
14502,10343.139,10000000
14503,10356.708,10000000
14504,10363.028,10000000
14505,10355.473,10000000
14506,10349.835,10000000
14507,10358.006,10000000
14508,10344.801,10000000
14509,10353.309,10000000
14510,10355.625,10000000
14511,10357.380,10000000
14512,10359.776,10000000
14513,10343.462,10000000
14514,10327.081,10000000
14515,10329.431,10000000
14516,10318.246,10000000
14517,10353.928,10000000
14518,10349.882,10000000
14519,10343.980,10000000
14520,10357.780,10000000
14521,10346.628,10000000
14522,10335.542,10000000
14523,10323.336,10000000
14524,11699.055,10000000
14525,12463.967,10000000
14526,11324.417,10000000
14527,10692.196,10000000
14528,11529.335,10000000
14529,10763.940,10000000
14530,10508.585,10000000
14531,10412.878,10000000
14532,10356.572,10000000
14533,10333.254,10000000
14534,10321.736,10000000
14535,10321.453,10000000
14536,10312.084,10000000
14537,10329.536,10000000
14538,10311.754,10000000
14539,10323.873,10000000
14540,10299.262,10000000
14541,10312.168,10000000
14542,10314.475,10000000
14543,10314.086,10000000
14544,10309.462,10000000
14545,10318.507,10000000
14546,10302.786,10000000
14547,10321.110,10000000
14548,10319.271,10000000
14549,10326.308,10000000
14550,10332.719,10000000
14551,10310.845,10000000
14552,10319.298,10000000
14553,10298.633,10000000
14554,10293.239,10000000
14555,10303.595,10000000
14556,10300.406,10000000
14557,10306.915,10000000
14558,10295.224,10000000
14559,10314.270,10000000
14560,10293.394,10000000
14561,10294.812,10000000
14562,10298.743,10000000
14563,10290.683,10000000
14564,10299.758,10000000
14565,10294.033,10000000
14566,10311.846,10000000
14567,10304.748,10000000
14568,10286.175,10000000
14569,10296.367,10000000
14570,10285.281,10000000
14571,10282.051,10000000
14572,10265.454,10000000
14573,10274.192,10000000
14574,10290.948,10000000
14575,10289.363,10000000
14576,10296.118,10000000
14577,10284.205,10000000
14578,11659.843,10000000
14579,12385.141,10000000
14580,11212.721,10000000
14581,10614.712,10000000
14582,10478.073,10000000
14583,10347.561,10000000
14584,10314.182,10000000
14585,10309.216,10000000
14586,10262.512,10000000
14587,10282.900,10000000
14588,10270.429,10000000
14589,10284.918,10000000
14590,10266.813,10000000
14591,10263.219,10000000
14592,10265.784,10000000
14593,10270.670,10000000
14594,10292.135,10000000
14595,10262.848,10000000
14596,10282.978,10000000
14597,10267.123,10000000
14598,10277.353,10000000
14599,10268.035,10000000
14600,10249.521,10000000
14601,10246.175,10000000
14602,10251.404,10000000
14603,10246.118,10000000
14604,10242.987,10000000
14605,10247.898,10000000
14606,10260.900,10000000
14607,10245.464,10000000
14608,10250.011,10000000
14609,10247.681,10000000
14610,10251.607,10000000
14611,10241.170,10000000
14612,10243.960,10000000
14613,10244.597,10000000
14614,10243.008,10000000
14615,10226.645,10000000
14616,10230.040,10000000
14617,10236.832,10000000
14618,10242.372,10000000
14619,10253.849,10000000
14620,10244.974,10000000
14621,10247.604,10000000
14622,10234.107,10000000
14623,10239.542,10000000
14624,10230.454,10000000
14625,10223.978,10000000
14626,10234.371,10000000
14627,10220.452,10000000
14628,10235.316,10000000
14629,10227.303,10000000
14630,10243.333,10000000
14631,10225.349,10000000
14632,11632.900,10000000
14633,12298.973,10000000
14634,11099.422,10000000
14635,10533.174,10000000
14636,10397.109,10000000
14637,10279.215,10000000
14638,10236.571,10000000
14639,10219.733,10000000
14640,10207.673,10000000
14641,10210.793,10000000
14642,10229.034,10000000
14643,10217.254,10000000
14644,10188.056,10000000
14645,10213.773,10000000
14646,10187.987,10000000
14647,10212.161,10000000
14648,10190.834,10000000
14649,10195.633,10000000
14650,10205.949,10000000
14651,10209.578,10000000
14652,10206.235,10000000
14653,10178.892,10000000
14654,10188.082,10000000
14655,10187.449,10000000
14656,10173.288,10000000
14657,10187.644,10000000
14658,10191.752,10000000
14659,10190.617,10000000
14660,10193.928,10000000
14661,10190.800,10000000
14662,10189.094,10000000
14663,10209.998,10000000
14664,10203.463,10000000
14665,10213.052,10000000
14666,10194.570,10000000
14667,10190.138,10000000
14668,10204.726,10000000
14669,10186.894,10000000
14670,10190.794,10000000
14671,10177.067,10000000
14672,10184.374,10000000
14673,10184.789,10000000
14674,10166.340,10000000
14675,10177.285,10000000
14676,10168.840,10000000
14677,10182.065,10000000
14678,10172.877,10000000
14679,10175.459,10000000
14680,10207.368,10000000
14681,10187.410,10000000
14682,10202.666,10000000
14683,10200.449,10000000
14684,10190.944,10000000
14685,10181.033,10000000
14686,11582.081,10000000
14687,12203.253,10000000
14688,10980.988,10000000
14689,10447.616,10000000
14690,10329.957,10000000
14691,10216.346,10000000
14692,10177.632,10000000
14693,10168.895,10000000
14694,10147.553,10000000
14695,10161.078,10000000
14696,10153.410,10000000
14697,10149.813,10000000
14698,10148.974,10000000
14699,10138.310,10000000
14700,10149.210,10000000
14701,10142.177,10000000
14702,10135.655,10000000
14703,10130.197,10000000
14704,10132.709,10000000
14705,10137.760,10000000
14706,10140.890,10000000
14707,10150.217,10000000
14708,10149.967,10000000
14709,10139.636,10000000
14710,10135.208,10000000
14711,10173.388,10000000
14712,10151.970,10000000
14713,10160.794,10000000
14714,10147.679,10000000
14715,10137.771,10000000
14716,10140.422,10000000
14717,10161.914,10000000
14718,10149.556,10000000
14719,10163.938,10000000
14720,10146.886,10000000
14721,10145.044,10000000
14722,10143.666,10000000
14723,10146.875,10000000
14724,10151.286,10000000
14725,10132.265,10000000
14726,10151.963,10000000
14727,10131.572,10000000
14728,10139.432,10000000
14729,10140.191,10000000
14730,10146.648,10000000
14731,10134.190,10000000
14732,10133.035,10000000
14733,10128.959,10000000
14734,10128.693,10000000
14735,10111.839,10000000
14736,10118.193,10000000
14737,10122.362,10000000
14738,10108.531,10000000
14739,10124.227,10000000
14740,11535.633,10000000
14741,12138.566,10000000
14742,10896.909,10000000
14743,10393.625,10000000
14744,10287.465,10000000
14745,10178.285,10000000
14746,10153.868,10000000
14747,10134.521,10000000
14748,10125.692,10000000
14749,10131.230,10000000
14750,10118.533,10000000
14751,10108.995,10000000
14752,10108.260,10000000
14753,10102.875,10000000
14754,10113.895,10000000
14755,10099.974,10000000
14756,10107.514,10000000
14757,10087.765,10000000
14758,10099.314,10000000
14759,10080.847,10000000
14760,10101.961,10000000
14761,10077.710,10000000
14762,10092.714,10000000
14763,10086.813,10000000
14764,10108.008,10000000
14765,10122.618,10000000
14766,10100.230,10000000
14767,10117.158,10000000
14768,10098.052,10000000
14769,10086.099,10000000
14770,10083.071,10000000
14771,10097.026,10000000
14772,10109.089,10000000
14773,10088.519,10000000
14774,10106.037,10000000
14775,10083.215,10000000
14776,10084.133,10000000
14777,10074.493,10000000
14778,10071.326,10000000
14779,10084.129,10000000
14780,10073.695,10000000
14781,10061.613,10000000
14782,10045.991,10000000
14783,10077.391,10000000
14784,10075.665,10000000
14785,10088.583,10000000
14786,10085.063,10000000
14787,10064.707,10000000
14788,10064.524,10000000
14789,10050.753,10000000
14790,10064.555,10000000
14791,10059.547,10000000
14792,10067.354,10000000
14793,10064.034,10000000
14794,11506.751,10000000
14795,12045.152,10000000
14796,10783.711,10000000
14797,10310.987,10000000
14798,10909.419,10000000
14799,10393.454,10000000
14800,10201.277,10000000
14801,10144.233,10000000
14802,10104.650,10000000
14803,10081.662,10000000
14804,10089.032,10000000
14805,10080.628,10000000
14806,10081.339,10000000
14807,10074.009,10000000
14808,10062.654,10000000
14809,10066.062,10000000
14810,10055.158,10000000
14811,10077.441,10000000
14812,10043.625,10000000
14813,10056.793,10000000
14814,10040.993,10000000
14815,10056.171,10000000
14816,10042.300,10000000
14817,10043.089,10000000
14818,10030.016,10000000
14819,10034.249,10000000
14820,10025.997,10000000
14821,10023.859,10000000
14822,10026.204,10000000
14823,10027.197,10000000
14824,10037.251,10000000
14825,10029.239,10000000
14826,10032.942,10000000
14827,10028.438,10000000
14828,10033.584,10000000
14829,10039.670,10000000
14830,10021.216,10000000
14831,10018.243,10000000
14832,10021.669,10000000
14833,10027.328,10000000
14834,10017.347,10000000
14835,10016.452,10000000
14836,10025.428,10000000
14837,10036.878,10000000
14838,10017.581,10000000
14839,10020.422,10000000
14840,10013.624,10000000
14841,10014.452,10000000
14842,10022.594,10000000
14843,10033.524,10000000
14844,10019.928,10000000
14845,10037.808,10000000
14846,10026.241,10000000
14847,10055.354,10000000
14848,11437.704,10000000
14849,11855.121,10000000
14850,10696.840,10000000
14851,10259.723,10000000
14852,10338.946,10000000
14853,10260.212,10000000
14854,10248.563,10000000
14855,10239.406,10000000
14856,10256.598,10000000
14857,10259.453,10000000
14858,10258.725,10000000
14859,10270.373,10000000
14860,10261.844,10000000
14861,10271.435,10000000
14862,10263.811,10000000
14863,10273.256,10000000
14864,10293.126,10000000
14865,10280.091,10000000
14866,10271.847,10000000
14867,10220.531,10000000
14868,10227.214,10000000
14869,10231.534,10000000
14870,10254.896,10000000
14871,10259.290,10000000
14872,10280.353,10000000
14873,10261.699,10000000
14874,10270.315,10000000
14875,10294.169,10000000
14876,10301.145,10000000
14877,10299.811,10000000
14878,10291.340,10000000
14879,10292.416,10000000
14880,10247.530,10000000
14881,10236.820,10000000
14882,10234.999,10000000
14883,10238.347,10000000
14884,10242.065,10000000
14885,10241.139,10000000
14886,10230.102,10000000
14887,10247.751,10000000
14888,10254.803,10000000
14889,10264.954,10000000
14890,10255.196,10000000
14891,10235.436,10000000
14892,10238.600,10000000
14893,10255.401,10000000
14894,10241.134,10000000
14895,10191.591,10000000
14896,10197.575,10000000
14897,10230.688,10000000
14898,10240.030,10000000
14899,10242.345,10000000
14900,10226.132,10000000
14901,10349.697,10000000
14902,11506.154,10000000
14903,11786.850,10000000
14904,10833.865,10000000
14905,10534.935,10000000
14906,10352.455,10000000
14907,10275.243,10000000
14908,10222.867,10000000
14909,10196.473,10000000
14910,10216.052,10000000
14911,10218.830,10000000
14912,10228.044,10000000
14913,10240.354,10000000
14914,10217.224,10000000
14915,10229.074,10000000
14916,10248.168,10000000
14917,10217.681,10000000
14918,10246.404,10000000
14919,10243.230,10000000
14920,10244.621,10000000
14921,10237.323,10000000
14922,10200.717,10000000
14923,10191.215,10000000
14924,10165.341,10000000
14925,10188.022,10000000
14926,10173.224,10000000
14927,10174.200,10000000
14928,10180.854,10000000
14929,10192.728,10000000
14930,10213.262,10000000
14931,10201.072,10000000
14932,10199.226,10000000
14933,10218.649,10000000
14934,10241.685,10000000
14935,10213.989,10000000
14936,10164.065,10000000
14937,10148.938,10000000
14938,10143.606,10000000
14939,10157.086,10000000
14940,10187.018,10000000
14941,10208.166,10000000
14942,10197.335,10000000
14943,10204.273,10000000
14944,10179.821,10000000
14945,10173.076,10000000
14946,10196.113,10000000
14947,10203.510,10000000
14948,10227.452,10000000
14949,10203.816,10000000
14950,10171.959,10000000
14951,10143.766,10000000
14952,10155.438,10000000
14953,10170.528,10000000
14954,10170.853,10000000
14955,10369.653,10000000
14956,11439.753,10000000
14957,11623.410,10000000
14958,10709.442,10000000
14959,10435.942,10000000
14960,10299.948,10000000
14961,10228.730,10000000
14962,10206.187,10000000
14963,10187.843,10000000
14964,10153.341,10000000
14965,10154.161,10000000
14966,10165.411,10000000
14967,10168.247,10000000
14968,10179.365,10000000
14969,10171.239,10000000
14970,10181.334,10000000
14971,10161.078,10000000
14972,10171.834,10000000
14973,10177.741,10000000
14974,10182.627,10000000
14975,10181.158,10000000
14976,10177.550,10000000
14977,10173.432,10000000
14978,10130.750,10000000
14979,10155.270,10000000
14980,10128.026,10000000
14981,10159.301,10000000
14982,10139.616,10000000
14983,10159.294,10000000
14984,10156.580,10000000
14985,10187.866,10000000
14986,10195.552,10000000
14987,10225.098,10000000
14988,10215.647,10000000
14989,10200.309,10000000
14990,10198.163,10000000
14991,10152.373,10000000
14992,10159.945,10000000
14993,10150.870,10000000
14994,10149.657,10000000
14995,10159.591,10000000
14996,10161.159,10000000
14997,10171.794,10000000
14998,10170.757,10000000
14999,10189.011,10000000
15000,10187.150,10000000
15001,10183.268,10000000
15002,10190.516,10000000
15003,10203.742,10000000
15004,10170.206,10000000
15005,10147.860,10000000
15006,10116.828,10000000
15007,10118.234,10000000
15008,10138.353,10000000
15009,10381.143,10000000
15010,11381.303,10000000
15011,11486.346,10000000
15012,10630.548,10000000
15013,10463.929,10000000
15014,10107.790,10000000
15015,9979.028,10000000
15016,9903.297,10000000
15017,9894.425,10000000
15018,9876.288,10000000
15019,9884.458,10000000
15020,9882.406,10000000
15021,9889.727,10000000
15022,9859.503,10000000
15023,9888.041,10000000
15024,9891.118,10000000
15025,9875.570,10000000
15026,9887.908,10000000
15027,9872.459,10000000
15028,9885.817,10000000
15029,9872.160,10000000
15030,9865.582,10000000
15031,9862.118,10000000
15032,9863.217,10000000
15033,9860.943,10000000
15034,9877.854,10000000
15035,9867.226,10000000
15036,9877.523,10000000
15037,9863.214,10000000
15038,9879.771,10000000
15039,9886.561,10000000
15040,9879.010,10000000
15041,9878.632,10000000
15042,9872.478,10000000
15043,9874.988,10000000
15044,9858.405,10000000
15045,9861.195,10000000
15046,9853.515,10000000
15047,9855.985,10000000
15048,9854.953,10000000
15049,9850.441,10000000
15050,9859.064,10000000
15051,9855.535,10000000
15052,9852.800,10000000
15053,9863.914,10000000
15054,9857.905,10000000
15055,9844.160,10000000
15056,9841.103,10000000
15057,9846.997,10000000
15058,9856.405,10000000
15059,9858.246,10000000
15060,9843.686,10000000
15061,9844.930,10000000
15062,9840.666,10000000
15063,10169.480,10000000
15064,11251.017,10000000
15065,11270.577,10000000
15066,10341.202,10000000
15067,10369.149,10000000
15068,10433.388,10000000
15069,10066.297,10000000
15070,9912.649,10000000
15071,9878.747,10000000
15072,9847.783,10000000
15073,9851.358,10000000
15074,9830.662,10000000
15075,9850.902,10000000
15076,9834.784,10000000
15077,9831.025,10000000
15078,9820.718,10000000
15079,9826.119,10000000
15080,9818.521,10000000
15081,9822.322,10000000
15082,9835.477,10000000
15083,9818.042,10000000
15084,9824.137,10000000
15085,9828.771,10000000
15086,9809.596,10000000
15087,9816.661,10000000
15088,9829.689,10000000
15089,9830.879,10000000
15090,9820.287,10000000
15091,9812.996,10000000
15092,9816.176,10000000
15093,9816.504,10000000
15094,9812.128,10000000
15095,9804.707,10000000
15096,9826.301,10000000
15097,9816.604,10000000
15098,9819.934,10000000
15099,9823.212,10000000
15100,9814.541,10000000
15101,9810.343,10000000
15102,9812.187,10000000
15103,9804.438,10000000
15104,9818.772,10000000
15105,9803.894,10000000
15106,9819.218,10000000
15107,9807.288,10000000
15108,9805.565,10000000
15109,9806.035,10000000
15110,9811.397,10000000
15111,9833.048,10000000
15112,9827.854,10000000
15113,9822.071,10000000
15114,9798.975,10000000
15115,9807.092,10000000
15116,9809.619,10000000
15117,10204.779,10000000
15118,11223.433,10000000
15119,11140.098,10000000
15120,10280.762,10000000
15121,10059.547,10000000
15122,9889.262,10000000
15123,9827.343,10000000
15124,9821.448,10000000
15125,9786.407,10000000
15126,9823.444,10000000
15127,9785.077,10000000
15128,9800.908,10000000
15129,9794.654,10000000
15130,9801.015,10000000
15131,9786.219,10000000
15132,9781.159,10000000
15133,9785.141,10000000
15134,9778.950,10000000
15135,9781.927,10000000
15136,9776.197,10000000
15137,9787.424,10000000
15138,9782.556,10000000
15139,9788.211,10000000
15140,9771.101,10000000
15141,9786.154,10000000
15142,9794.530,10000000
15143,9794.974,10000000
15144,9776.501,10000000
15145,9762.872,10000000
15146,9780.374,10000000
15147,9752.243,10000000
15148,9779.130,10000000
15149,9781.935,10000000
15150,9779.814,10000000
15151,9785.601,10000000
15152,9766.280,10000000
15153,9787.507,10000000
15154,9763.427,10000000
15155,9776.762,10000000
15156,9753.647,10000000
15157,9775.061,10000000
15158,9747.149,10000000
15159,9761.822,10000000
15160,9741.907,10000000
15161,9753.556,10000000
15162,9747.117,10000000
15163,9746.103,10000000
15164,9734.780,10000000
15165,9747.316,10000000
15166,9751.573,10000000
15167,9758.525,10000000
15168,9740.356,10000000
15169,9754.136,10000000
15170,9762.574,10000000
15171,10201.802,10000000
15172,11153.374,10000000
15173,10985.832,10000000
15174,10189.457,10000000
15175,9991.222,10000000
15176,9845.368,10000000
15177,9781.353,10000000
15178,9783.288,10000000
15179,9759.941,10000000
15180,9757.720,10000000
15181,9746.176,10000000
15182,9756.090,10000000
15183,9747.854,10000000
15184,9737.550,10000000
15185,9741.349,10000000
15186,9740.692,10000000
15187,9748.992,10000000
15188,9732.836,10000000
15189,9738.243,10000000
15190,9730.558,10000000
15191,9741.835,10000000
15192,9721.181,10000000
15193,9742.477,10000000
15194,9744.578,10000000
15195,9748.667,10000000
15196,9745.195,10000000
15197,9740.976,10000000
15198,9724.199,10000000
15199,9742.572,10000000
15200,9733.721,10000000
15201,9743.708,10000000
15202,9726.557,10000000
15203,9737.640,10000000
15204,9713.302,10000000
15205,9722.889,10000000
15206,9754.089,10000000
15207,9734.189,10000000
15208,9737.422,10000000
15209,9723.471,10000000
15210,9734.367,10000000
15211,9691.271,10000000
15212,9725.732,10000000
15213,9709.901,10000000
15214,9706.358,10000000
15215,9719.384,10000000
15216,9735.273,10000000
15217,9731.130,10000000
15218,9721.426,10000000
15219,9711.726,10000000
15220,9703.603,10000000
15221,9693.166,10000000
15222,9678.254,10000000
15223,9678.669,10000000
15224,9695.382,10000000
15225,10209.125,10000000
15226,11104.750,10000000
15227,10880.109,10000000
15228,10136.188,10000000
15229,9951.569,10000000
15230,9795.467,10000000
15231,9721.606,10000000
15232,9708.093,10000000
15233,9691.056,10000000
15234,9701.169,10000000
15235,9712.817,10000000
15236,9700.703,10000000
15237,9700.043,10000000
15238,9691.287,10000000
15239,9703.276,10000000
15240,9700.644,10000000
15241,9691.474,10000000
15242,9681.783,10000000
15243,9694.247,10000000
15244,9676.451,10000000
15245,9708.454,10000000
15246,9697.137,10000000
15247,9704.084,10000000
15248,9695.096,10000000
15249,9695.812,10000000
15250,9687.977,10000000
15251,9701.790,10000000
15252,9673.716,10000000
15253,9687.175,10000000
15254,9685.327,10000000
15255,9688.236,10000000
15256,9687.026,10000000
15257,9691.736,10000000
15258,9661.011,10000000
15259,9683.817,10000000
15260,9673.164,10000000
15261,9698.970,10000000
15262,9684.375,10000000
15263,9691.417,10000000
15264,9698.769,10000000
15265,9694.510,10000000
15266,9687.594,10000000
15267,9693.124,10000000
15268,9693.844,10000000
15269,9688.631,10000000
15270,9661.367,10000000
15271,9662.879,10000000
15272,9679.737,10000000
15273,9673.589,10000000
15274,9661.478,10000000
15275,9663.002,10000000
15276,9642.504,10000000
15277,9657.427,10000000
15278,9669.498,10000000
15279,10234.546,10000000
15280,11060.004,10000000
15281,10763.391,10000000
15282,10065.243,10000000
15283,9885.433,10000000
15284,9741.214,10000000
15285,9677.947,10000000
15286,9679.034,10000000
15287,9654.770,10000000
15288,9664.042,10000000
15289,9646.574,10000000
15290,9656.798,10000000
15291,9663.097,10000000
15292,9666.364,10000000
15293,9647.769,10000000
15294,9660.927,10000000
15295,9665.230,10000000
15296,9660.230,10000000
15297,9651.527,10000000
15298,9660.982,10000000
15299,9655.366,10000000
15300,9645.672,10000000
15301,9635.690,10000000
15302,9642.355,10000000
15303,9662.771,10000000
15304,9646.134,10000000
15305,9638.063,10000000
15306,9624.445,10000000
15307,9631.412,10000000
15308,9637.131,10000000
15309,9650.213,10000000
15310,9639.139,10000000
15311,9640.263,10000000
15312,9639.550,10000000
15313,9644.979,10000000
15314,9628.663,10000000
15315,9633.060,10000000
15316,9637.953,10000000
15317,9624.522,10000000
15318,9610.363,10000000
15319,9620.570,10000000
15320,9628.368,10000000
15321,9628.321,10000000
15322,9601.593,10000000
15323,9630.468,10000000
15324,9608.807,10000000
15325,9604.822,10000000
15326,9614.940,10000000
15327,9640.680,10000000
15328,9639.063,10000000
15329,9644.432,10000000
15330,9627.350,10000000
15331,9645.368,10000000
15332,9636.265,10000000
15333,10241.186,10000000
15334,11021.479,10000000
15335,10661.078,10000000
15336,10010.292,10000000
15337,10396.743,10000000
15338,10071.264,10000000
15339,9771.813,10000000
15340,9664.624,10000000
15341,9616.969,10000000
15342,9621.718,10000000
15343,9618.820,10000000
15344,9620.060,10000000
15345,9610.577,10000000
15346,9640.118,10000000
15347,9632.336,10000000
15348,9651.492,10000000
15349,9637.205,10000000
15350,9634.030,10000000
15351,9625.196,10000000
15352,9618.292,10000000
15353,9618.892,10000000
15354,9599.291,10000000
15355,9613.982,10000000
15356,9602.729,10000000
15357,9609.257,10000000
15358,9601.576,10000000
15359,9598.054,10000000
15360,9600.863,10000000
15361,9610.123,10000000
15362,9595.139,10000000
15363,9600.948,10000000
15364,9588.794,10000000
15365,9593.253,10000000
15366,9576.986,10000000
15367,9586.526,10000000
15368,9583.048,10000000
15369,9609.010,10000000
15370,9591.517,10000000
15371,9594.871,10000000
15372,9582.896,10000000
15373,9584.180,10000000
15374,9573.194,10000000
15375,9577.961,10000000
15376,9593.796,10000000
15377,9588.093,10000000
15378,9593.276,10000000
15379,9597.655,10000000
15380,9559.640,10000000
15381,9561.955,10000000
15382,9560.072,10000000
15383,9567.128,10000000
15384,9571.914,10000000
15385,9580.707,10000000
15386,9573.006,10000000
15387,10252.252,10000000
15388,10974.768,10000000
15389,10528.410,10000000
15390,9911.040,10000000
15391,9771.184,10000000
15392,9634.540,10000000
15393,9608.107,10000000
15394,9569.572,10000000
15395,9570.371,10000000
15396,9572.777,10000000
15397,9560.470,10000000
15398,9564.902,10000000
15399,9561.945,10000000
15400,9560.286,10000000
15401,9558.659,10000000
15402,9561.601,10000000
15403,9564.723,10000000
15404,9579.700,10000000
15405,9565.569,10000000
15406,9556.069,10000000
15407,9557.215,10000000
15408,9538.706,10000000
15409,9539.270,10000000
15410,9545.555,10000000
15411,9565.644,10000000
15412,9545.438,10000000
15413,9554.747,10000000
15414,9541.458,10000000
15415,9552.913,10000000
15416,9543.783,10000000
15417,9533.627,10000000
15418,9546.125,10000000
15419,9537.548,10000000
15420,9544.642,10000000
15421,9547.357,10000000
15422,9553.796,10000000
15423,9535.737,10000000
15424,9538.193,10000000
15425,9554.708,10000000
15426,9555.127,10000000
15427,9565.916,10000000
15428,9537.361,10000000
15429,9552.185,10000000
15430,9555.279,10000000
15431,9558.240,10000000
15432,9553.838,10000000
15433,9559.976,10000000
15434,9540.822,10000000
15435,9562.683,10000000
15436,9546.438,10000000
15437,9542.977,10000000
15438,9545.560,10000000
15439,9559.990,10000000
15440,9550.767,10000000
15441,10244.260,10000000
15442,10925.194,10000000
15443,10441.566,10000000
15444,9856.000,10000000
15445,9715.709,10000000
15446,9593.765,10000000
15447,9559.316,10000000
15448,9547.056,10000000
15449,9530.667,10000000
15450,9531.333,10000000
15451,9533.697,10000000
15452,9525.795,10000000
15453,9516.273,10000000
15454,9524.612,10000000
15455,9523.210,10000000
15456,9524.324,10000000
15457,9516.140,10000000
15458,9517.645,10000000
15459,9527.415,10000000
15460,9522.549,10000000
15461,9513.089,10000000
15462,9516.029,10000000
15463,9513.380,10000000
15464,9516.380,10000000
15465,9535.158,10000000
15466,9525.881,10000000
15467,9535.977,10000000
15468,9517.148,10000000
15469,9514.203,10000000
15470,9532.739,10000000
15471,9534.840,10000000
15472,9515.866,10000000
15473,9519.750,10000000
15474,9519.110,10000000
15475,9525.348,10000000
15476,9516.501,10000000
15477,9513.294,10000000
15478,9515.690,10000000
15479,9523.021,10000000
15480,9510.885,10000000
15481,9531.260,10000000
15482,9516.124,10000000
15483,9525.277,10000000
15484,9510.202,10000000
15485,9529.419,10000000
15486,9515.684,10000000
15487,9507.306,10000000
15488,9496.324,10000000
15489,9495.153,10000000
15490,9496.387,10000000
15491,9497.594,10000000
15492,9503.000,10000000
15493,9495.941,10000000
15494,9497.516,10000000
15495,10230.215,10000000
15496,10871.956,10000000
15497,10359.662,10000000
15498,9804.664,10000000
15499,9662.289,10000000
15500,9567.994,10000000
15501,9523.113,10000000
15502,9519.814,10000000
15503,9507.073,10000000
15504,9497.800,10000000
15505,9481.966,10000000
15506,9493.746,10000000
15507,9486.852,10000000
15508,9494.879,10000000
15509,9498.857,10000000
15510,9506.712,10000000
15511,9479.790,10000000
15512,9491.795,10000000
15513,9479.703,10000000
15514,9490.620,10000000
15515,9486.581,10000000
15516,9496.909,10000000
15517,9492.350,10000000
15518,9493.967,10000000
15519,9491.768,10000000
15520,9499.950,10000000
15521,9483.516,10000000
15522,9481.319,10000000
15523,9487.316,10000000
15524,9477.491,10000000
15525,9486.016,10000000
15526,9484.691,10000000
15527,9469.908,10000000
15528,9467.728,10000000
15529,9479.030,10000000
15530,9480.361,10000000
15531,9477.015,10000000
15532,9468.860,10000000
15533,9475.553,10000000
15534,9473.635,10000000
15535,9473.734,10000000
15536,9462.034,10000000
15537,9481.931,10000000
15538,9478.188,10000000
15539,9459.788,10000000
15540,9482.206,10000000
15541,9473.524,10000000
15542,9479.267,10000000
15543,9464.553,10000000
15544,9472.143,10000000
15545,9458.789,10000000
15546,9471.004,10000000
15547,9483.607,10000000
15548,9479.232,10000000
15549,10245.220,10000000
15550,10851.748,10000000
15551,10265.347,10000000
15552,9747.596,10000000
15553,9619.104,10000000
15554,9510.911,10000000
15555,9465.405,10000000
15556,9453.242,10000000
15557,9446.784,10000000
15558,9464.162,10000000
15559,9447.757,10000000
15560,9445.401,10000000
15561,9454.846,10000000
15562,9457.866,10000000
15563,9451.618,10000000
15564,9450.484,10000000
15565,9449.472,10000000
15566,9440.917,10000000
15567,9427.623,10000000
15568,9446.924,10000000
15569,9448.215,10000000
15570,9456.712,10000000
15571,9448.531,10000000
15572,9427.547,10000000
15573,9426.587,10000000
15574,9428.298,10000000
15575,9428.941,10000000
15576,9449.854,10000000
15577,9451.502,10000000
15578,9449.893,10000000
15579,9439.075,10000000
15580,9441.039,10000000
15581,9440.127,10000000
15582,9430.355,10000000
15583,9436.059,10000000
15584,9420.604,10000000
15585,9433.818,10000000
15586,9412.260,10000000
15587,9419.771,10000000
15588,9420.843,10000000
15589,9406.810,10000000
15590,9422.709,10000000
15591,9437.811,10000000
15592,9439.265,10000000
15593,9421.748,10000000
15594,9428.793,10000000
15595,9410.005,10000000
15596,9421.979,10000000
15597,9422.686,10000000
15598,9427.675,10000000
15599,9439.180,10000000
15600,9433.652,10000000
15601,9404.887,10000000
15602,9421.046,10000000
15603,10208.234,10000000
15604,10783.285,10000000
15605,10153.892,10000000
15606,9660.565,10000000
15607,10275.739,10000000
15608,9730.384,10000000
15609,9528.890,10000000
15610,9441.330,10000000
15611,9430.061,10000000
15612,9430.966,10000000
15613,9437.537,10000000
15614,9416.797,10000000
15615,9432.818,10000000
15616,9414.554,10000000
15617,9409.261,10000000
15618,9406.908,10000000
15619,9395.609,10000000
15620,9398.910,10000000
15621,9396.069,10000000
15622,9388.583,10000000
15623,9408.245,10000000
15624,9415.385,10000000
15625,9418.858,10000000
15626,9422.504,10000000
15627,9404.147,10000000
15628,9411.959,10000000
15629,9419.184,10000000
15630,9430.703,10000000
15631,9413.477,10000000
15632,9410.368,10000000
15633,9398.262,10000000
15634,9405.484,10000000
15635,9375.958,10000000
15636,9392.455,10000000
15637,9397.303,10000000
15638,9409.577,10000000
15639,9404.209,10000000
15640,9397.961,10000000
15641,9388.844,10000000
15642,9375.566,10000000
15643,9387.072,10000000
15644,9378.045,10000000
15645,9370.833,10000000
15646,9373.573,10000000
15647,9392.063,10000000
15648,9387.658,10000000
15649,9375.700,10000000
15650,9396.871,10000000
15651,9384.056,10000000
15652,9387.023,10000000
15653,9389.463,10000000
15654,9391.786,10000000
15655,9375.704,10000000
15656,9375.313,10000000
15657,10183.184,10000000
15658,10725.244,10000000
15659,10052.353,10000000
15660,9617.434,10000000
15661,9520.684,10000000
15662,9431.463,10000000
15663,9388.933,10000000
15664,9380.838,10000000
15665,9390.976,10000000
15666,9389.182,10000000
15667,9359.025,10000000
15668,9387.189,10000000
15669,9369.724,10000000
15670,9378.159,10000000
15671,9371.182,10000000
15672,9381.421,10000000
15673,9357.131,10000000
15674,9359.537,10000000
15675,9362.226,10000000
15676,9376.849,10000000
15677,9350.033,10000000
15678,9356.187,10000000
15679,9361.775,10000000
15680,9353.671,10000000
15681,9370.566,10000000
15682,9357.842,10000000
15683,9359.232,10000000
15684,9362.802,10000000
15685,9369.018,10000000
15686,9378.191,10000000
15687,9378.393,10000000
15688,9350.987,10000000
15689,9367.055,10000000
15690,9362.937,10000000
15691,9379.629,10000000
15692,9370.419,10000000
15693,9354.975,10000000
15694,9373.635,10000000
15695,9366.558,10000000
15696,9361.803,10000000
15697,9360.115,10000000
15698,9366.421,10000000
15699,9362.040,10000000
15700,9368.931,10000000
15701,9363.205,10000000
15702,9357.942,10000000
15703,9345.589,10000000
15704,9361.179,10000000
15705,9335.661,10000000
15706,9353.982,10000000
15707,9355.146,10000000
15708,9363.063,10000000
15709,9347.181,10000000
15710,9358.073,10000000
15711,10203.679,10000000
15712,10707.685,10000000
15713,9993.787,10000000
15714,9579.315,10000000
15715,9475.124,10000000
15716,9404.824,10000000
15717,9371.354,10000000
15718,9340.660,10000000
15719,9350.848,10000000
15720,9354.587,10000000
15721,9357.106,10000000
15722,9349.532,10000000
15723,9347.093,10000000
15724,9326.355,10000000
15725,9338.485,10000000
15726,9334.492,10000000
15727,9344.804,10000000
15728,9326.172,10000000
15729,9336.289,10000000
15730,9322.092,10000000
15731,9355.471,10000000
15732,9329.948,10000000
15733,9334.900,10000000
15734,9329.434,10000000
15735,9335.617,10000000
15736,9330.839,10000000
15737,9343.179,10000000
15738,9327.903,10000000
15739,9338.599,10000000
15740,9333.599,10000000
15741,9334.914,10000000
15742,9339.053,10000000
15743,9332.042,10000000
15744,9337.383,10000000
15745,9346.705,10000000
15746,9350.915,10000000
15747,9350.527,10000000
15748,9329.567,10000000
15749,9341.866,10000000
15750,9325.942,10000000
15751,9348.586,10000000
15752,9339.981,10000000
15753,9342.660,10000000
15754,9336.722,10000000
15755,9338.444,10000000
15756,9342.861,10000000
15757,9334.260,10000000
15758,9321.728,10000000
15759,9321.906,10000000
15760,9309.032,10000000
15761,9332.272,10000000
15762,9333.016,10000000
15763,9322.923,10000000
15764,9328.058,10000000
15765,10189.146,10000000
15766,10664.954,10000000
15767,9929.171,10000000
15768,9538.697,10000000
15769,9438.858,10000000
15770,9355.553,10000000
15771,9320.120,10000000
15772,9321.048,10000000
15773,9313.042,10000000
15774,9311.233,10000000
15775,9304.211,10000000
15776,9322.188,10000000
15777,9326.813,10000000
15778,9328.028,10000000
15779,9320.517,10000000
15780,9308.440,10000000
15781,9299.078,10000000
15782,9294.479,10000000
15783,9296.756,10000000
15784,9309.381,10000000
15785,9311.701,10000000
15786,9295.571,10000000
15787,9304.731,10000000
15788,9285.755,10000000
15789,9289.756,10000000
15790,9286.395,10000000
15791,9301.158,10000000
15792,9299.923,10000000
15793,9309.025,10000000
15794,9305.563,10000000
15795,9302.989,10000000
15796,9305.836,10000000
15797,9309.270,10000000
15798,9295.555,10000000
15799,9299.188,10000000
15800,9285.917,10000000
15801,9290.637,10000000
15802,9269.161,10000000
15803,9284.576,10000000
15804,9287.318,10000000
15805,9275.376,10000000
15806,9248.985,10000000
15807,9242.288,10000000
15808,9285.647,10000000
15809,9273.366,10000000
15810,9286.366,10000000
15811,9278.355,10000000
15812,9277.590,10000000
15813,9269.563,10000000
15814,9283.343,10000000
15815,9270.101,10000000
15816,9260.959,10000000
15817,9275.075,10000000
15818,9272.453,10000000
15819,10147.886,10000000
15820,10589.994,10000000
15821,9849.231,10000000
15822,9476.440,10000000
15823,9393.102,10000000
15824,9307.516,10000000
15825,9282.366,10000000
15826,9270.940,10000000
15827,9279.488,10000000
15828,9280.477,10000000
15829,9285.111,10000000
15830,9276.099,10000000
15831,9270.276,10000000
15832,9271.001,10000000
15833,9256.703,10000000
15834,9273.056,10000000
15835,9262.725,10000000
15836,9274.793,10000000
15837,9259.918,10000000
15838,9253.807,10000000
15839,9257.597,10000000
15840,9256.204,10000000
15841,9247.898,10000000
15842,9221.845,10000000
15843,9253.758,10000000
15844,9240.653,10000000
15845,9255.286,10000000
15846,9245.834,10000000
15847,9259.904,10000000
15848,9247.868,10000000
15849,9252.808,10000000
15850,9236.290,10000000
15851,9249.322,10000000
15852,9244.988,10000000
15853,9252.864,10000000
15854,9249.959,10000000
15855,9257.017,10000000
15856,9256.764,10000000
15857,9253.462,10000000
15858,9247.661,10000000
15859,9254.337,10000000
15860,9251.885,10000000
15861,9261.062,10000000
15862,9269.554,10000000
15863,9252.816,10000000
15864,9256.373,10000000
15865,9248.988,10000000
15866,9245.216,10000000
15867,9255.418,10000000
15868,9249.043,10000000
15869,9259.498,10000000
15870,9247.600,10000000
15871,9242.181,10000000
15872,9225.473,10000000
15873,10128.270,10000000
15874,10556.718,10000000
15875,9782.756,10000000
15876,9424.887,10000000
15877,9985.513,10000000
15878,9610.058,10000000
15879,9495.527,10000000
15880,9449.755,10000000
15881,9439.587,10000000
15882,9427.572,10000000
15883,9443.904,10000000
15884,9435.203,10000000
15885,9420.180,10000000
15886,9434.363,10000000
15887,9442.460,10000000
15888,9428.935,10000000
15889,9442.047,10000000
15890,9441.730,10000000
15891,9429.295,10000000
15892,9419.297,10000000
15893,9406.478,10000000
15894,9416.726,10000000
15895,9405.587,10000000
15896,9413.747,10000000
15897,9432.216,10000000
15898,9429.313,10000000
15899,9418.554,10000000
15900,9412.091,10000000
15901,9421.387,10000000
15902,9433.879,10000000
15903,9433.646,10000000
15904,9433.896,10000000
15905,9429.547,10000000
15906,9398.964,10000000
15907,9391.997,10000000
15908,9405.950,10000000
15909,9404.697,10000000
15910,9406.089,10000000
15911,9420.210,10000000
15912,9432.508,10000000
15913,9423.161,10000000
15914,9420.913,10000000
15915,9426.122,10000000
15916,9421.507,10000000
15917,9428.961,10000000
15918,9432.446,10000000
15919,9414.335,10000000
15920,9412.691,10000000
15921,9379.646,10000000
15922,9388.438,10000000
15923,9382.563,10000000
15924,9388.225,10000000
15925,9388.285,10000000
15926,9385.734,10000000
15927,10204.062,10000000
15928,10547.770,10000000
15929,9842.305,10000000
15930,9564.824,10000000
15931,9507.923,10000000
15932,9473.303,10000000
15933,9434.696,10000000
15934,9409.732,10000000
15935,9387.274,10000000
15936,9380.723,10000000
15937,9390.323,10000000
15938,9405.104,10000000
15939,9403.654,10000000
15940,9390.146,10000000
15941,9384.630,10000000
15942,9391.912,10000000
15943,9414.583,10000000
15944,9409.624,10000000
15945,9418.422,10000000
15946,9424.465,10000000
15947,9421.401,10000000
15948,9397.111,10000000
15949,9358.430,10000000
15950,9358.019,10000000
15951,9357.201,10000000
15952,9350.629,10000000
15953,9367.729,10000000
15954,9377.860,10000000
15955,9358.003,10000000
15956,9363.300,10000000
15957,9367.841,10000000
15958,9398.131,10000000
15959,9391.577,10000000
15960,9389.264,10000000
15961,9403.413,10000000
15962,9384.443,10000000
15963,9352.499,10000000
15964,9347.477,10000000
15965,9358.430,10000000
15966,9365.201,10000000
15967,9351.743,10000000
15968,9376.563,10000000
15969,9369.605,10000000
15970,9378.384,10000000
15971,9377.221,10000000
15972,9390.585,10000000
15973,9385.010,10000000
15974,9379.314,10000000
15975,9380.815,10000000
15976,9370.998,10000000
15977,9336.940,10000000
15978,9321.599,10000000
15979,9334.455,10000000
15980,9342.329,10000000
15981,10170.761,10000000
15982,10488.054,10000000
15983,9787.220,10000000
15984,9514.555,10000000
15985,9469.015,10000000
15986,9418.793,10000000
15987,9407.343,10000000
15988,9393.253,10000000
15989,9395.710,10000000
15990,9365.100,10000000
15991,9338.387,10000000
15992,9332.058,10000000
15993,9335.564,10000000
15994,9327.072,10000000
15995,9322.649,10000000
15996,9340.959,10000000
15997,9343.992,10000000
15998,9337.165,10000000
15999,9335.914,10000000
16000,9358.115,10000000
16001,9355.208,10000000
16002,9366.786,10000000
16003,9362.215,10000000
16004,9359.245,10000000
16005,9320.834,10000000
16006,9328.961,10000000
16007,9313.652,10000000
16008,9306.326,10000000
16009,9332.061,10000000
16010,9322.687,10000000
16011,9340.595,10000000
16012,9345.895,10000000
16013,9339.118,10000000
16014,9354.542,10000000
16015,9347.469,10000000
16016,9362.464,10000000
16017,9357.463,10000000
16018,9364.373,10000000
16019,9319.271,10000000
16020,9314.566,10000000
16021,9309.707,10000000
16022,9324.573,10000000
16023,9330.946,10000000
16024,9327.435,10000000
16025,9337.733,10000000
16026,9341.511,10000000
16027,9337.791,10000000
16028,9332.628,10000000
16029,9362.213,10000000
16030,9351.787,10000000
16031,9351.758,10000000
16032,9362.650,10000000
16033,9321.648,10000000
16034,9294.812,10000000
16035,10123.715,10000000
16036,10400.836,10000000
16037,9699.119,10000000
16038,9446.567,10000000
16039,9314.098,10000000
16040,9202.725,10000000
16041,9163.104,10000000
16042,9143.614,10000000
16043,9136.097,10000000
16044,9125.481,10000000
16045,9135.444,10000000
16046,9130.147,10000000
16047,9126.017,10000000
16048,9139.855,10000000
16049,9137.227,10000000
16050,9140.146,10000000
16051,9133.441,10000000
16052,9139.872,10000000
16053,9133.690,10000000
16054,9141.292,10000000
16055,9135.640,10000000
16056,9125.271,10000000
16057,9153.245,10000000
16058,9135.374,10000000
16059,9157.260,10000000
16060,9151.884,10000000
16061,9131.881,10000000
16062,9153.414,10000000
16063,9147.729,10000000
16064,9153.074,10000000
16065,9137.287,10000000
16066,9130.360,10000000
16067,9129.053,10000000
16068,9121.985,10000000
16069,9115.233,10000000
16070,9119.528,10000000
16071,9134.586,10000000
16072,9132.609,10000000
16073,9116.702,10000000
16074,9128.069,10000000
16075,9126.703,10000000
16076,9144.073,10000000
16077,9137.319,10000000
16078,9140.648,10000000
16079,9126.087,10000000
16080,9113.664,10000000
16081,9124.964,10000000
16082,9121.166,10000000
16083,9131.568,10000000
16084,9144.506,10000000
16085,9138.244,10000000
16086,9138.762,10000000
16087,9131.384,10000000
16088,9148.729,10000000
16089,10052.153,10000000
16090,10298.739,10000000
16091,9549.047,10000000
16092,9320.817,10000000
16093,9202.496,10000000
16094,9134.947,10000000
16095,9119.329,10000000
16096,9121.638,10000000
16097,9120.968,10000000
16098,9119.454,10000000
16099,9119.856,10000000
16100,9122.353,10000000
16101,9122.416,10000000
16102,9123.880,10000000
16103,9123.698,10000000
16104,9132.169,10000000
16105,9121.831,10000000
16106,9111.415,10000000
16107,9129.744,10000000
16108,9124.732,10000000
16109,9119.048,10000000
16110,9100.244,10000000
16111,9105.796,10000000
16112,9116.831,10000000
16113,9117.536,10000000
16114,9127.946,10000000
16115,9124.295,10000000
16116,9111.730,10000000
16117,9123.094,10000000
16118,9124.476,10000000
16119,9121.326,10000000
16120,9125.584,10000000
16121,9110.958,10000000
16122,9114.223,10000000
16123,9119.352,10000000
16124,9099.619,10000000
16125,9104.954,10000000
16126,9085.415,10000000
16127,9086.500,10000000
16128,9094.206,10000000
16129,9087.327,10000000
16130,9092.451,10000000
16131,9100.222,10000000
16132,9101.721,10000000
16133,9090.853,10000000
16134,9095.262,10000000
16135,9101.024,10000000
16136,9082.245,10000000
16137,9097.920,10000000
16138,9106.817,10000000
16139,9098.605,10000000
16140,9102.502,10000000
16141,9087.928,10000000
16142,9178.418,10000000
16143,10028.833,10000000
16144,10194.128,10000000
16145,9487.169,10000000
16146,9322.111,10000000
16147,9563.450,10000000
16148,9253.757,10000000
16149,9151.271,10000000
16150,9108.403,10000000
16151,9110.671,10000000
16152,9099.316,10000000
16153,9090.033,10000000
16154,9105.877,10000000
16155,9097.430,10000000
16156,9090.751,10000000
16157,9079.796,10000000
16158,9069.391,10000000
16159,9076.684,10000000
16160,9061.022,10000000
16161,9101.351,10000000
16162,9089.593,10000000
16163,9101.295,10000000
16164,9079.625,10000000
16165,9083.444,10000000
16166,9077.178,10000000
16167,9071.232,10000000
16168,9093.283,10000000
16169,9088.521,10000000
16170,9073.231,10000000
16171,9079.051,10000000
16172,9075.744,10000000
16173,9072.188,10000000
16174,9073.382,10000000
16175,9085.614,10000000
16176,9083.173,10000000
16177,9069.042,10000000
16178,9056.900,10000000
16179,9052.479,10000000
16180,9070.855,10000000
16181,9070.933,10000000
16182,9065.898,10000000
16183,9074.139,10000000
16184,9077.057,10000000
16185,9078.970,10000000
16186,9069.510,10000000
16187,9084.137,10000000
16188,9081.768,10000000
16189,9065.292,10000000
16190,9063.090,10000000
16191,9081.518,10000000
16192,9065.615,10000000
16193,9048.329,10000000
16194,9050.895,10000000
16195,9051.320,10000000
16196,9204.394,10000000
16197,10008.188,10000000
16198,10103.460,10000000
16199,9426.002,10000000
16200,9282.439,10000000
16201,9131.328,10000000
16202,9099.104,10000000
16203,9086.088,10000000
16204,9053.691,10000000
16205,9064.042,10000000
16206,9067.056,10000000
16207,9052.453,10000000
16208,9044.477,10000000
16209,9065.027,10000000
16210,9061.946,10000000
16211,9047.960,10000000
16212,9035.449,10000000
16213,9047.870,10000000
16214,9043.253,10000000
16215,9048.275,10000000
16216,9057.876,10000000
16217,9041.315,10000000
16218,9041.991,10000000
16219,9042.749,10000000
16220,9039.464,10000000
16221,9046.485,10000000
16222,9047.403,10000000
16223,9026.604,10000000
16224,9044.179,10000000
16225,9057.734,10000000
16226,9042.962,10000000
16227,9022.993,10000000
16228,9040.166,10000000
16229,9049.917,10000000
16230,9022.184,10000000
16231,9037.840,10000000
16232,9038.396,10000000
16233,9026.255,10000000
16234,9042.708,10000000
16235,9042.937,10000000
16236,9055.315,10000000
16237,9049.829,10000000
16238,9054.624,10000000
16239,9037.388,10000000
16240,9042.507,10000000
16241,9031.326,10000000
16242,9046.690,10000000
16243,9043.238,10000000
16244,9047.254,10000000
16245,9025.500,10000000
16246,9037.246,10000000
16247,9023.262,10000000
16248,9023.737,10000000
16249,9030.727,10000000
16250,9243.372,10000000
16251,9990.248,10000000
16252,10009.449,10000000
16253,9385.646,10000000
16254,9228.359,10000000
16255,9092.661,10000000
16256,9063.632,10000000
16257,9046.404,10000000
16258,9047.813,10000000
16259,9042.740,10000000
16260,9050.983,10000000
16261,9043.852,10000000
16262,9026.044,10000000
16263,9033.872,10000000
16264,9020.926,10000000
16265,9033.613,10000000
16266,9026.247,10000000
16267,9027.202,10000000
16268,9028.685,10000000
16269,9050.822,10000000
16270,9032.886,10000000
16271,9028.763,10000000
16272,9022.675,10000000
16273,9013.887,10000000
16274,9029.774,10000000
16275,9032.500,10000000
16276,9023.792,10000000
16277,9017.056,10000000
16278,9018.722,10000000
16279,9015.107,10000000
16280,9013.799,10000000
16281,9008.352,10000000
16282,9026.107,10000000
16283,9030.164,10000000
16284,9027.936,10000000
16285,9028.844,10000000
16286,9012.268,10000000
16287,9013.962,10000000
16288,9009.739,10000000
16289,9009.014,10000000
16290,9030.071,10000000
16291,9018.984,10000000
16292,9031.831,10000000
16293,9028.402,10000000
16294,9024.581,10000000
16295,9027.422,10000000
16296,9023.994,10000000
16297,9022.314,10000000
16298,9026.979,10000000
16299,9016.169,10000000
16300,9021.278,10000000
16301,9018.387,10000000
16302,9015.443,10000000
16303,9007.088,10000000
16304,9260.710,10000000
16305,9977.817,10000000
16306,9954.707,10000000
16307,9341.447,10000000
16308,9185.629,10000000
16309,9081.781,10000000
16310,9016.159,10000000
16311,9008.328,10000000
16312,8983.592,10000000
16313,8999.407,10000000
16314,9007.802,10000000
16315,9009.909,10000000
16316,9016.234,10000000
16317,9021.992,10000000
16318,9028.421,10000000
16319,9001.573,10000000
16320,9001.650,10000000
16321,9014.354,10000000
16322,9009.200,10000000
16323,8995.352,10000000
16324,8996.345,10000000
16325,8991.389,10000000
16326,8979.651,10000000
16327,8983.588,10000000
16328,8986.269,10000000
16329,8992.382,10000000
16330,8998.307,10000000
16331,8991.611,10000000
16332,9003.220,10000000
16333,9007.539,10000000
16334,8998.293,10000000
16335,8988.467,10000000
16336,8990.960,10000000
16337,8990.971,10000000
16338,8983.962,10000000
16339,8994.296,10000000
16340,8985.694,10000000
16341,8973.633,10000000
16342,8984.139,10000000
16343,8976.074,10000000
16344,8983.557,10000000
16345,8984.999,10000000
16346,8978.891,10000000
16347,8971.885,10000000
16348,8979.858,10000000
16349,8979.643,10000000
16350,8984.763,10000000
16351,8995.155,10000000
16352,8989.888,10000000
16353,8987.938,10000000
16354,8995.465,10000000
16355,8986.504,10000000
16356,8985.900,10000000
16357,8990.129,10000000
16358,9271.223,10000000
16359,9950.837,10000000
16360,9853.231,10000000
16361,9283.982,10000000
16362,9167.479,10000000
16363,9055.304,10000000
16364,9021.309,10000000
16365,8986.583,10000000
16366,9005.825,10000000
16367,8988.738,10000000
16368,8995.644,10000000
16369,8993.564,10000000
16370,8980.378,10000000
16371,8969.893,10000000
16372,8968.790,10000000
16373,8953.194,10000000
16374,8966.663,10000000
16375,8969.460,10000000
16376,8961.729,10000000
16377,8968.384,10000000
16378,8966.605,10000000
16379,8966.218,10000000
16380,8975.868,10000000
16381,8956.216,10000000
16382,8970.873,10000000
16383,8964.752,10000000
16384,8962.213,10000000
16385,8950.672,10000000
16386,8954.019,10000000
16387,8953.644,10000000
16388,8944.733,10000000
16389,8965.748,10000000
16390,8964.751,10000000
16391,8955.512,10000000
16392,8947.632,10000000
16393,8966.001,10000000
16394,8953.190,10000000
16395,8965.263,10000000
16396,8972.682,10000000
16397,8975.935,10000000
16398,8976.263,10000000
16399,8959.992,10000000
16400,8976.339,10000000
16401,8975.173,10000000
16402,8971.832,10000000
16403,8959.291,10000000
16404,8940.131,10000000
16405,8945.104,10000000
16406,8937.972,10000000
16407,8926.630,10000000
16408,8944.306,10000000
16409,8946.305,10000000
16410,8939.418,10000000
16411,8941.236,10000000
16412,9304.135,10000000
16413,9934.807,10000000
16414,9769.744,10000000
16415,9230.497,10000000
16416,9408.743,10000000
16417,9307.384,10000000
16418,9088.709,10000000
16419,8997.585,10000000
16420,8962.393,10000000
16421,8945.856,10000000
16422,8932.897,10000000
16423,8943.775,10000000
16424,8946.596,10000000
16425,8946.990,10000000
16426,8959.841,10000000
16427,8930.028,10000000
16428,8939.181,10000000
16429,8941.546,10000000
16430,8924.491,10000000
16431,8934.219,10000000
16432,8933.205,10000000
16433,8948.289,10000000
16434,8942.088,10000000
16435,8928.001,10000000
16436,8940.365,10000000
16437,8945.188,10000000
16438,8941.315,10000000
16439,8940.106,10000000
16440,8940.763,10000000
16441,8946.319,10000000
16442,8943.575,10000000
16443,8926.168,10000000
16444,8948.683,10000000
16445,8935.792,10000000
16446,8945.565,10000000
16447,8938.563,10000000
16448,8935.146,10000000
16449,8950.375,10000000
16450,8941.839,10000000
16451,8927.212,10000000
16452,8928.237,10000000
16453,8925.613,10000000
16454,8934.831,10000000
16455,8922.922,10000000
16456,8924.145,10000000
16457,8937.733,10000000
16458,8919.063,10000000
16459,8933.763,10000000
16460,8918.971,10000000
16461,8924.522,10000000
16462,8924.537,10000000
16463,8928.675,10000000
16464,8917.682,10000000
16465,8913.283,10000000
16466,9312.503,10000000
16467,9914.464,10000000
16468,9690.245,10000000
16469,9198.490,10000000
16470,9071.793,10000000
16471,8954.734,10000000
16472,8916.875,10000000
16473,8906.370,10000000
16474,8922.496,10000000
16475,8916.288,10000000
16476,8907.889,10000000
16477,8915.750,10000000
16478,8916.740,10000000
16479,8925.603,10000000
16480,8906.740,10000000
16481,8891.850,10000000
16482,8901.881,10000000
16483,8893.196,10000000
16484,8919.521,10000000
16485,8905.411,10000000
16486,8893.898,10000000
16487,8898.570,10000000
16488,8888.904,10000000
16489,8912.618,10000000
16490,8899.641,10000000
16491,8894.042,10000000
16492,8904.759,10000000
16493,8913.946,10000000
16494,8920.661,10000000
16495,8912.537,10000000
16496,8896.338,10000000
16497,8888.384,10000000
16498,8888.431,10000000
16499,8907.285,10000000
16500,8898.017,10000000
16501,8903.803,10000000
16502,8917.794,10000000
16503,8910.286,10000000
16504,8924.855,10000000
16505,8919.397,10000000
16506,8912.009,10000000
16507,8928.978,10000000
16508,8923.197,10000000
16509,8925.007,10000000
16510,8916.799,10000000
16511,8915.994,10000000
16512,8906.972,10000000
16513,8915.635,10000000
16514,8924.689,10000000
16515,8906.916,10000000
16516,8897.829,10000000
16517,8899.726,10000000
16518,8886.772,10000000
16519,8912.847,10000000
16520,9332.523,10000000
16521,9901.769,10000000
16522,9635.210,10000000
16523,9170.184,10000000
16524,9078.819,10000000
16525,8969.395,10000000
16526,8914.718,10000000
16527,8929.033,10000000
16528,8915.246,10000000
16529,8914.509,10000000
16530,8918.832,10000000
16531,8905.563,10000000
16532,8882.182,10000000
16533,8893.373,10000000
16534,8899.192,10000000
16535,8897.292,10000000
16536,8905.521,10000000
16537,8897.467,10000000
16538,8879.820,10000000
16539,8883.817,10000000
16540,8886.930,10000000
16541,8891.351,10000000
16542,8892.956,10000000
16543,8880.253,10000000
16544,8885.733,10000000
16545,8875.307,10000000
16546,8878.388,10000000
16547,8887.778,10000000
16548,8894.078,10000000
16549,8886.364,10000000
16550,8879.111,10000000
16551,8874.556,10000000
16552,8879.042,10000000
16553,8884.848,10000000
16554,8888.684,10000000
16555,8876.485,10000000
16556,8874.548,10000000
16557,8867.820,10000000
16558,8878.190,10000000
16559,8870.111,10000000
16560,8875.688,10000000
16561,8873.686,10000000
16562,8877.507,10000000
16563,8865.792,10000000
16564,8873.865,10000000
16565,8873.176,10000000
16566,8876.668,10000000
16567,8869.407,10000000
16568,8873.219,10000000
16569,8884.279,10000000
16570,8878.021,10000000
16571,8870.474,10000000
16572,8874.369,10000000
16573,8856.479,10000000
16574,9326.416,10000000
16575,9852.684,10000000
16576,9548.457,10000000
16577,9107.348,10000000
16578,9004.143,10000000
16579,8914.869,10000000
16580,8890.517,10000000
16581,8867.571,10000000
16582,8875.054,10000000
16583,8859.745,10000000
16584,8865.431,10000000
16585,8874.764,10000000
16586,8864.804,10000000
16587,8872.131,10000000
16588,8873.103,10000000
16589,8873.222,10000000
16590,8885.028,10000000
16591,8875.522,10000000
16592,8873.556,10000000
16593,8864.137,10000000
16594,8867.121,10000000
16595,8863.112,10000000
16596,8867.030,10000000
16597,8876.700,10000000
16598,8883.530,10000000
16599,8857.490,10000000
16600,8853.271,10000000
16601,8860.194,10000000
16602,8863.576,10000000
16603,8863.333,10000000
16604,8849.906,10000000
16605,8859.896,10000000
16606,8876.603,10000000
16607,8878.877,10000000
16608,8876.051,10000000
16609,8867.611,10000000
16610,8872.833,10000000
16611,8876.688,10000000
16612,8873.507,10000000
16613,8859.398,10000000
16614,8863.673,10000000
16615,8856.076,10000000
16616,8858.287,10000000
16617,8875.929,10000000
16618,8847.853,10000000
16619,8864.279,10000000
16620,8849.832,10000000
16621,8844.247,10000000
16622,8858.901,10000000
16623,8860.600,10000000
16624,8858.896,10000000
16625,8867.786,10000000
16626,8860.555,10000000
16627,8863.440,10000000
16628,9341.809,10000000
16629,9833.068,10000000
16630,9486.343,10000000
16631,9067.494,10000000
16632,8972.777,10000000
16633,8891.991,10000000
16634,8871.205,10000000
16635,8854.733,10000000
16636,8838.037,10000000
16637,8836.478,10000000
16638,8832.894,10000000
16639,8834.385,10000000
16640,8842.241,10000000
16641,8838.984,10000000
16642,8848.217,10000000
16643,8834.571,10000000
16644,8827.980,10000000
16645,8842.566,10000000
16646,8838.736,10000000
16647,8855.051,10000000
16648,8844.174,10000000
16649,8855.280,10000000
16650,8849.326,10000000
16651,8824.097,10000000
16652,8837.765,10000000
16653,8840.672,10000000
16654,8829.091,10000000
16655,8842.024,10000000
16656,8846.413,10000000
16657,8832.106,10000000
16658,8824.279,10000000
16659,8826.994,10000000
16660,8829.306,10000000
16661,8832.031,10000000
16662,8833.294,10000000
16663,8823.547,10000000
16664,8807.469,10000000
16665,8819.928,10000000
16666,8819.688,10000000
16667,8810.111,10000000
16668,8826.354,10000000
16669,8810.838,10000000
16670,8807.497,10000000
16671,8816.639,10000000
16672,8819.835,10000000
16673,8807.415,10000000
16674,8811.248,10000000
16675,8813.684,10000000
16676,8818.515,10000000
16677,8810.323,10000000
16678,8823.381,10000000
16679,8813.673,10000000
16680,8811.997,10000000
16681,8813.367,10000000
16682,9351.312,10000000
16683,9817.058,10000000
16684,9434.197,10000000
16685,9033.604,10000000
16686,9427.711,10000000
16687,9090.658,10000000
16688,8928.663,10000000
16689,8850.901,10000000
16690,8836.316,10000000
16691,8834.539,10000000
16692,8812.080,10000000
16693,8808.554,10000000
16694,8808.442,10000000
16695,8811.905,10000000
16696,8814.466,10000000
16697,8814.946,10000000
16698,8809.040,10000000
16699,8828.567,10000000
16700,8832.084,10000000
16701,8810.447,10000000
16702,8824.206,10000000
16703,8817.467,10000000
16704,8811.448,10000000
16705,8810.007,10000000
16706,8804.336,10000000
16707,8792.266,10000000
16708,8799.862,10000000
16709,8798.752,10000000
16710,8813.958,10000000
16711,8803.665,10000000
16712,8793.973,10000000
16713,8799.081,10000000
16714,8787.508,10000000
16715,8801.918,10000000
16716,8814.210,10000000
16717,8810.102,10000000
16718,8803.743,10000000
16719,8816.999,10000000
16720,8812.639,10000000
16721,8820.996,10000000
16722,8806.803,10000000
16723,8795.081,10000000
16724,8792.431,10000000
16725,8792.117,10000000
16726,8794.182,10000000
16727,8814.258,10000000
16728,8803.786,10000000
16729,8799.812,10000000
16730,8809.212,10000000
16731,8811.604,10000000
16732,8814.857,10000000
16733,8803.770,10000000
16734,8815.671,10000000
16735,8789.042,10000000
16736,9348.777,10000000
16737,9797.012,10000000
16738,9377.938,10000000
16739,9015.350,10000000
16740,8912.832,10000000
16741,8841.363,10000000
16742,8821.775,10000000
16743,8797.826,10000000
16744,8794.515,10000000
16745,8786.156,10000000
16746,8800.230,10000000
16747,8808.499,10000000
16748,8788.119,10000000
16749,8793.628,10000000
16750,8820.244,10000000
16751,8797.981,10000000
16752,8801.531,10000000
16753,8807.429,10000000
16754,8787.146,10000000
16755,8793.112,10000000
16756,8790.596,10000000
16757,8781.806,10000000
16758,8783.019,10000000
16759,8788.438,10000000
16760,8787.972,10000000
16761,8784.182,10000000
16762,8781.204,10000000
16763,8790.498,10000000
16764,8791.841,10000000
16765,8793.135,10000000
16766,8810.582,10000000
16767,8812.043,10000000
16768,8794.877,10000000
16769,8798.195,10000000
16770,8791.506,10000000
16771,8784.541,10000000
16772,8784.463,10000000
16773,8781.018,10000000
16774,8781.543,10000000
16775,8759.190,10000000
16776,8764.329,10000000
16777,8777.369,10000000
16778,8751.610,10000000
16779,8755.275,10000000
16780,8758.003,10000000
16781,8779.859,10000000
16782,8779.535,10000000
16783,8775.427,10000000
16784,8791.903,10000000
16785,8792.547,10000000
16786,8786.236,10000000
16787,8786.319,10000000
16788,8783.938,10000000
16789,8770.924,10000000
16790,9359.779,10000000
16791,9768.117,10000000
16792,9310.016,10000000
16793,8963.974,10000000
16794,8899.250,10000000
16795,8822.689,10000000
16796,8807.444,10000000
16797,8788.741,10000000
16798,8783.434,10000000
16799,8779.536,10000000
16800,8780.105,10000000
16801,8795.679,10000000
16802,8780.177,10000000
16803,8777.921,10000000
16804,8779.798,10000000
16805,8780.776,10000000
16806,8772.612,10000000
16807,8765.248,10000000
16808,8769.414,10000000
16809,8760.740,10000000
16810,8769.306,10000000
16811,8778.488,10000000
16812,8780.418,10000000
16813,8773.423,10000000
16814,8776.379,10000000
16815,8793.981,10000000
16816,8777.416,10000000
16817,8790.528,10000000
16818,8782.358,10000000
16819,8779.191,10000000
16820,8770.852,10000000
16821,8781.482,10000000
16822,8766.907,10000000
16823,8771.209,10000000
16824,8768.838,10000000
16825,8763.785,10000000
16826,8774.297,10000000
16827,8762.035,10000000
16828,8771.451,10000000
16829,8774.429,10000000
16830,8770.509,10000000
16831,8777.187,10000000
16832,8768.804,10000000
16833,8779.722,10000000
16834,8779.807,10000000
16835,8774.335,10000000
16836,8769.179,10000000
16837,8789.411,10000000
16838,8770.487,10000000
16839,8760.631,10000000
16840,8766.890,10000000
16841,8766.322,10000000
16842,8765.277,10000000
16843,8763.988,10000000
16844,9357.775,10000000
16845,9757.874,10000000
16846,9293.067,10000000
16847,8959.276,10000000
16848,8865.938,10000000
16849,8788.546,10000000
16850,8788.884,10000000
16851,8774.032,10000000
16852,8771.981,10000000
16853,8782.267,10000000
16854,8771.259,10000000
16855,8765.352,10000000
16856,8762.702,10000000
16857,8751.785,10000000
16858,8761.331,10000000
16859,8754.379,10000000
16860,8748.150,10000000
16861,8759.609,10000000
16862,8743.597,10000000
16863,8757.450,10000000
16864,8753.342,10000000
16865,8761.379,10000000
16866,8755.310,10000000
16867,8762.742,10000000
16868,8750.419,10000000
16869,8759.996,10000000
16870,8780.939,10000000
16871,8760.440,10000000
16872,8768.509,10000000
16873,8775.500,10000000
16874,8769.100,10000000
16875,8756.524,10000000
16876,8756.229,10000000
16877,8757.212,10000000
16878,8751.361,10000000
16879,8741.997,10000000
16880,8756.638,10000000
16881,8757.803,10000000
16882,8755.670,10000000
16883,8761.546,10000000
16884,8754.782,10000000
16885,8756.022,10000000
16886,8765.763,10000000
16887,8746.285,10000000
16888,8749.198,10000000
16889,8734.400,10000000
16890,8743.090,10000000
16891,8734.155,10000000
16892,8738.438,10000000
16893,8746.502,10000000
16894,8743.964,10000000
16895,8747.605,10000000
16896,8761.414,10000000
16897,8766.096,10000000
16898,9380.917,10000000
16899,9754.014,10000000
16900,9244.638,10000000
16901,8916.836,10000000
16902,8935.055,10000000
16903,8914.593,10000000
16904,8933.156,10000000
16905,8934.675,10000000
16906,8924.823,10000000
16907,8896.741,10000000
16908,8893.652,10000000
16909,8889.199,10000000
16910,8907.108,10000000
16911,8896.429,10000000
16912,8880.517,10000000
16913,8885.396,10000000
16914,8898.657,10000000
16915,8893.266,10000000
16916,8893.742,10000000
16917,8918.416,10000000
16918,8908.691,10000000
16919,8910.611,10000000
16920,8898.843,10000000
16921,8867.434,10000000
16922,8871.774,10000000
16923,8868.898,10000000
16924,8867.126,10000000
16925,8874.118,10000000
16926,8869.335,10000000
16927,8870.192,10000000
16928,8883.208,10000000
16929,8877.590,10000000
16930,8887.461,10000000
16931,8881.948,10000000
16932,8896.483,10000000
16933,8897.365,10000000
16934,8880.547,10000000
16935,8858.988,10000000
16936,8840.510,10000000
16937,8847.632,10000000
16938,8842.436,10000000
16939,8854.236,10000000
16940,8867.177,10000000
16941,8864.870,10000000
16942,8868.794,10000000
16943,8873.501,10000000
16944,8884.995,10000000
16945,8888.197,10000000
16946,8882.044,10000000
16947,8885.809,10000000
16948,8872.723,10000000
16949,8851.499,10000000
16950,8848.002,10000000
16951,8854.228,10000000
16952,9428.096,10000000
16953,9748.501,10000000
16954,9278.059,10000000
16955,9007.971,10000000
16956,9381.531,10000000
16957,9053.176,10000000
16958,8948.803,10000000
16959,8918.789,10000000
16960,8887.271,10000000
16961,8881.964,10000000
16962,8857.180,10000000
16963,8847.307,10000000
16964,8850.492,10000000
16965,8859.957,10000000
16966,8869.569,10000000
16967,8857.604,10000000
16968,8858.176,10000000
16969,8864.158,10000000
16970,8867.372,10000000
16971,8881.402,10000000
16972,8883.165,10000000
16973,8875.643,10000000
16974,8893.844,10000000
16975,8869.627,10000000
16976,8854.884,10000000
16977,8847.958,10000000
16978,8843.688,10000000
16979,8862.998,10000000
16980,8868.322,10000000
16981,8865.110,10000000
16982,8873.865,10000000
16983,8874.299,10000000
16984,8887.910,10000000
16985,8885.599,10000000
16986,8888.216,10000000
16987,8885.890,10000000
16988,8872.929,10000000
16989,8862.729,10000000
16990,8848.722,10000000
16991,8851.191,10000000
16992,8854.923,10000000
16993,8855.401,10000000
16994,8860.393,10000000
16995,8863.659,10000000
16996,8869.227,10000000
16997,8875.752,10000000
16998,8880.965,10000000
16999,8873.908,10000000
17000,8886.012,10000000
17001,8871.047,10000000
17002,8871.480,10000000
17003,8860.165,10000000
17004,8845.785,10000000
17005,8837.967,10000000
17006,9429.268,10000000
17007,9740.024,10000000
17008,9237.429,10000000
17009,8999.924,10000000
17010,8960.566,10000000
17011,8924.130,10000000
17012,8902.643,10000000
17013,8889.364,10000000
17014,8901.110,10000000
17015,8896.121,10000000
17016,8876.522,10000000
17017,8882.465,10000000
17018,8840.729,10000000
17019,8847.619,10000000
17020,8846.813,10000000
17021,8837.679,10000000
17022,8830.377,10000000
17023,8821.780,10000000
17024,8823.109,10000000
17025,8841.909,10000000
17026,8856.215,10000000
17027,8857.308,10000000
17028,8869.965,10000000
17029,8862.274,10000000
17030,8867.630,10000000
17031,8834.509,10000000
17032,8831.035,10000000
17033,8832.490,10000000
17034,8849.046,10000000
17035,8854.496,10000000
17036,8850.138,10000000
17037,8843.077,10000000
17038,8849.836,10000000
17039,8868.637,10000000
17040,8862.446,10000000
17041,8863.216,10000000
17042,8864.146,10000000
17043,8854.771,10000000
17044,8855.461,10000000
17045,8837.991,10000000
17046,8828.643,10000000
17047,8834.166,10000000
17048,8839.515,10000000
17049,8848.511,10000000
17050,8858.412,10000000
17051,8850.578,10000000
17052,8839.064,10000000
17053,8843.157,10000000
17054,8844.323,10000000
17055,8839.871,10000000
17056,8841.098,10000000
17057,8847.948,10000000
17058,8864.260,10000000
17059,8851.326,10000000
17060,9437.337,10000000
17061,9713.439,10000000
17062,9199.521,10000000
17063,8975.786,10000000
17064,8870.787,10000000
17065,8769.579,10000000
17066,8725.237,10000000
17067,8712.573,10000000
17068,8705.287,10000000
17069,8713.459,10000000
17070,8693.374,10000000
17071,8698.776,10000000
17072,8685.964,10000000
17073,8684.665,10000000
17074,8704.866,10000000
17075,8693.286,10000000
17076,8689.978,10000000
17077,8682.017,10000000
17078,8684.707,10000000
17079,8684.717,10000000
17080,8677.054,10000000
17081,8685.045,10000000
17082,8694.857,10000000
17083,8680.743,10000000
17084,8676.209,10000000
17085,8675.471,10000000
17086,8671.556,10000000
17087,8667.429,10000000
17088,8670.524,10000000
17089,8664.155,10000000
17090,8662.467,10000000
17091,8666.071,10000000
17092,8657.388,10000000
17093,8662.459,10000000
17094,8656.198,10000000
17095,8659.487,10000000
17096,8663.651,10000000
17097,8659.297,10000000
17098,8662.600,10000000
17099,8668.790,10000000
17100,8678.773,10000000
17101,8679.738,10000000
17102,8661.821,10000000
17103,8663.948,10000000
17104,8673.199,10000000
17105,8663.816,10000000
17106,8648.566,10000000
17107,8656.315,10000000
17108,8659.891,10000000
17109,8664.476,10000000
17110,8673.552,10000000
17111,8670.235,10000000
17112,8681.999,10000000
17113,8677.070,10000000
17114,9366.667,10000000
17115,9680.147,10000000
17116,9078.254,10000000
17117,8834.448,10000000
17118,8742.092,10000000
17119,8703.248,10000000
17120,8692.375,10000000
17121,8681.564,10000000
17122,8665.222,10000000
17123,8670.750,10000000
17124,8666.351,10000000
17125,8669.708,10000000
17126,8651.835,10000000
17127,8660.199,10000000
17128,8647.213,10000000
17129,8649.762,10000000
17130,8650.476,10000000
17131,8663.391,10000000
17132,8652.797,10000000
17133,8648.949,10000000
17134,8657.222,10000000
17135,8653.717,10000000
17136,8652.287,10000000
17137,8641.111,10000000
17138,8644.154,10000000
17139,8657.954,10000000
17140,8658.827,10000000
17141,8654.009,10000000
17142,8657.786,10000000
17143,8664.025,10000000
17144,8644.740,10000000
17145,8644.310,10000000
17146,8662.210,10000000
17147,8658.737,10000000
17148,8664.938,10000000
17149,8668.416,10000000
17150,8660.971,10000000
17151,8686.865,10000000
17152,8672.229,10000000
17153,8667.146,10000000
17154,8669.387,10000000
17155,8660.151,10000000
17156,8651.508,10000000
17157,8647.273,10000000
17158,8656.472,10000000
17159,8649.781,10000000
17160,8638.215,10000000
17161,8654.587,10000000
17162,8659.360,10000000
17163,8651.243,10000000
17164,8656.469,10000000
17165,8662.915,10000000
17166,8660.283,10000000
17167,8655.748,10000000
17168,9364.771,10000000
17169,9667.729,10000000
17170,9035.104,10000000
17171,8794.441,10000000
17172,8731.911,10000000
17173,8689.736,10000000
17174,8676.202,10000000
17175,8673.503,10000000
17176,8659.191,10000000
17177,8663.507,10000000
17178,8655.617,10000000
17179,8652.795,10000000
17180,8649.551,10000000
17181,8651.657,10000000
17182,8657.521,10000000
17183,8645.799,10000000
17184,8649.360,10000000
17185,8650.394,10000000
17186,8645.319,10000000
17187,8675.359,10000000
17188,8656.692,10000000
17189,8645.145,10000000
17190,8654.464,10000000
17191,8636.208,10000000
17192,8635.712,10000000
17193,8635.531,10000000
17194,8638.919,10000000
17195,8633.914,10000000
17196,8655.350,10000000
17197,8640.304,10000000
17198,8642.102,10000000
17199,8637.068,10000000
17200,8647.817,10000000
17201,8649.886,10000000
17202,8649.449,10000000
17203,8646.905,10000000
17204,8649.985,10000000
17205,8629.347,10000000
17206,8632.532,10000000
17207,8629.383,10000000
17208,8624.271,10000000
17209,8630.578,10000000
17210,8635.499,10000000
17211,8632.283,10000000
17212,8639.797,10000000
17213,8630.362,10000000
17214,8629.034,10000000
17215,8620.535,10000000
17216,8632.769,10000000
17217,8640.930,10000000
17218,8642.415,10000000
17219,8627.757,10000000
17220,8642.496,10000000
17221,8628.941,10000000
17222,9352.191,10000000
17223,9630.263,10000000
17224,9002.781,10000000
17225,8757.310,10000000
17226,9057.186,10000000
17227,8791.219,10000000
17228,8685.360,10000000
17229,8635.826,10000000
17230,8627.862,10000000
17231,8636.113,10000000
17232,8621.794,10000000
17233,8627.146,10000000
17234,8617.081,10000000
17235,8615.856,10000000
17236,8625.552,10000000
17237,8624.063,10000000
17238,8628.112,10000000
17239,8615.296,10000000
17240,8621.354,10000000
17241,8617.095,10000000
17242,8632.200,10000000
17243,8625.542,10000000
17244,8615.044,10000000
17245,8611.835,10000000
17246,8611.861,10000000
17247,8616.473,10000000
17248,8621.718,10000000
17249,8625.723,10000000
17250,8617.551,10000000
17251,8625.477,10000000
17252,8619.985,10000000
17253,8619.272,10000000
17254,8605.587,10000000
17255,8618.563,10000000
17256,8617.079,10000000
17257,8612.711,10000000
17258,8626.161,10000000
17259,8610.996,10000000
17260,8611.854,10000000
17261,8618.722,10000000
17262,8614.184,10000000
17263,8622.056,10000000
17264,8622.730,10000000
17265,8608.346,10000000
17266,8612.041,10000000
17267,8620.463,10000000
17268,8599.341,10000000
17269,8621.221,10000000
17270,8612.625,10000000
17271,8611.912,10000000
17272,8628.736,10000000
17273,8619.139,10000000
17274,8616.683,10000000
17275,8641.760,10000000
17276,9354.407,10000000
17277,9589.372,10000000
17278,8993.838,10000000
17279,8774.919,10000000
17280,8706.271,10000000
17281,8645.858,10000000
17282,8635.397,10000000
17283,8635.336,10000000
17284,8634.833,10000000
17285,8617.364,10000000
17286,8619.031,10000000
17287,8622.680,10000000
17288,8628.950,10000000
17289,8637.311,10000000
17290,8627.526,10000000
17291,8634.076,10000000
17292,8634.928,10000000
17293,8618.302,10000000
17294,8624.550,10000000
17295,8620.862,10000000
17296,8615.867,10000000
17297,8621.446,10000000
17298,8622.840,10000000
17299,8619.377,10000000
17300,8616.646,10000000
17301,8626.463,10000000
17302,8624.572,10000000
17303,8611.220,10000000
17304,8618.359,10000000
17305,8625.515,10000000
17306,8621.135,10000000
17307,8616.185,10000000
17308,8626.677,10000000
17309,8624.384,10000000
17310,8616.980,10000000
17311,8631.137,10000000
17312,8617.504,10000000
17313,8599.037,10000000
17314,8602.381,10000000
17315,8600.849,10000000
17316,8604.673,10000000
17317,8605.750,10000000
17318,8597.774,10000000
17319,8607.259,10000000
17320,8619.240,10000000
17321,8596.397,10000000
17322,8586.007,10000000
17323,8604.897,10000000
17324,8614.631,10000000
17325,8601.940,10000000
17326,8617.233,10000000
17327,8611.627,10000000
17328,8602.532,10000000
17329,8658.239,10000000
17330,9338.977,10000000
17331,9495.887,10000000
17332,8924.377,10000000
17333,8774.801,10000000
17334,8674.372,10000000
17335,8628.800,10000000
17336,8610.744,10000000
17337,8601.900,10000000
17338,8608.283,10000000
17339,8597.903,10000000
17340,8617.956,10000000
17341,8609.211,10000000
17342,8604.110,10000000
17343,8604.941,10000000
17344,8591.183,10000000
17345,8596.056,10000000
17346,8581.970,10000000
17347,8595.306,10000000
17348,8587.063,10000000
17349,8597.367,10000000
17350,8597.694,10000000
17351,8587.310,10000000
17352,8598.240,10000000
17353,8601.198,10000000
17354,8591.484,10000000
17355,8591.112,10000000
17356,8582.293,10000000
17357,8603.374,10000000
17358,8595.351,10000000
17359,8590.629,10000000
17360,8593.362,10000000
17361,8599.491,10000000
17362,8600.768,10000000
17363,8584.279,10000000
17364,8598.150,10000000
17365,8587.959,10000000
17366,8586.019,10000000
17367,8587.654,10000000
17368,8593.950,10000000
17369,8571.268,10000000
17370,8581.259,10000000
17371,8579.324,10000000
17372,8586.299,10000000
17373,8570.197,10000000
17374,8576.978,10000000
17375,8582.380,10000000
17376,8586.072,10000000
17377,8596.457,10000000
17378,8596.725,10000000
17379,8594.452,10000000
17380,8590.552,10000000
17381,8585.055,10000000
17382,8589.710,10000000
17383,8710.561,10000000
17384,9349.760,10000000
17385,9446.294,10000000
17386,8907.193,10000000
17387,8765.008,10000000
17388,8646.951,10000000
17389,8605.764,10000000
17390,8604.181,10000000
17391,8589.325,10000000
17392,8593.253,10000000
17393,8603.137,10000000
17394,8604.393,10000000
17395,8592.617,10000000
17396,8583.263,10000000
17397,8592.104,10000000
17398,8591.071,10000000
17399,8599.282,10000000
17400,8594.531,10000000
17401,8603.852,10000000
17402,8583.491,10000000
17403,8580.175,10000000
17404,8593.612,10000000
17405,8593.139,10000000
17406,8586.423,10000000
17407,8583.327,10000000
17408,8586.093,10000000
17409,8590.221,10000000
17410,8594.733,10000000
17411,8588.759,10000000
17412,8572.996,10000000
17413,8565.688,10000000
17414,8576.416,10000000
17415,8578.034,10000000
17416,8579.843,10000000
17417,8588.484,10000000
17418,8581.828,10000000
17419,8576.569,10000000
17420,8580.340,10000000
17421,8571.816,10000000
17422,8568.549,10000000
17423,8575.450,10000000
17424,8580.088,10000000
17425,8564.224,10000000
17426,8555.347,10000000
17427,8569.404,10000000
17428,8567.976,10000000
17429,8565.880,10000000
17430,8584.952,10000000
17431,8577.006,10000000
17432,8579.257,10000000
17433,8581.266,10000000
17434,8580.546,10000000
17435,8589.603,10000000
17436,8575.604,10000000
17437,8739.882,10000000
17438,9356.904,10000000
17439,9399.731,10000000
17440,8889.529,10000000
17441,8761.073,10000000
17442,8660.678,10000000
17443,8626.378,10000000
17444,8586.037,10000000
17445,8579.539,10000000
17446,8583.047,10000000
17447,8581.113,10000000
17448,8570.060,10000000
17449,8565.630,10000000
17450,8599.678,10000000
17451,8589.798,10000000
17452,8596.320,10000000
17453,8589.641,10000000
17454,8585.217,10000000
17455,8587.187,10000000
17456,8585.132,10000000
17457,8583.562,10000000
17458,8594.919,10000000
17459,8577.832,10000000
17460,8580.134,10000000
17461,8574.530,10000000
17462,8575.835,10000000
17463,8591.209,10000000
17464,8574.866,10000000
17465,8578.527,10000000
17466,8575.619,10000000
17467,8569.012,10000000
17468,8571.724,10000000
17469,8567.013,10000000
17470,8565.663,10000000
17471,8568.072,10000000
17472,8559.965,10000000
17473,8570.672,10000000
17474,8566.400,10000000
17475,8565.381,10000000
17476,8575.564,10000000
17477,8554.902,10000000
17478,8553.662,10000000
17479,8559.114,10000000
17480,8561.230,10000000
17481,8556.826,10000000
17482,8572.817,10000000
17483,8567.307,10000000
17484,8568.433,10000000
17485,8572.062,10000000
17486,8562.113,10000000
17487,8558.491,10000000
17488,8557.668,10000000
17489,8557.736,10000000
17490,8536.830,10000000
17491,8739.326,10000000
17492,9313.441,10000000
17493,9296.560,10000000
17494,8824.507,10000000
17495,8861.540,10000000
17496,8895.489,10000000
17497,8673.937,10000000
17498,8599.065,10000000
17499,8574.885,10000000
17500,8560.971,10000000
17501,8552.825,10000000
17502,8546.496,10000000
17503,8550.611,10000000
17504,8552.266,10000000
17505,8545.157,10000000
17506,8535.871,10000000
17507,8536.896,10000000
17508,8525.490,10000000
17509,8550.719,10000000
17510,8530.848,10000000
17511,8536.625,10000000
17512,8538.923,10000000
17513,8533.948,10000000
17514,8557.470,10000000
17515,8548.098,10000000
17516,8544.409,10000000
17517,8543.423,10000000
17518,8540.276,10000000
17519,8537.814,10000000
17520,8520.893,10000000
17521,8551.359,10000000
17522,8549.927,10000000
17523,8520.739,10000000
17524,8533.438,10000000
17525,8530.968,10000000
17526,8537.832,10000000
17527,8543.015,10000000
17528,8546.994,10000000
17529,8531.447,10000000
17530,8535.282,10000000
17531,8552.804,10000000
17532,8547.118,10000000
17533,8549.708,10000000
17534,8543.592,10000000
17535,8562.434,10000000
17536,8553.809,10000000
17537,8551.224,10000000
17538,8530.831,10000000
17539,8524.930,10000000
17540,8528.075,10000000
17541,8524.350,10000000
17542,8522.608,10000000
17543,8527.461,10000000
17544,8526.144,10000000
17545,8776.091,10000000
17546,9317.908,10000000
17547,9249.603,10000000
17548,8805.835,10000000
17549,8687.608,10000000
17550,8601.072,10000000
17551,8553.247,10000000
17552,8538.979,10000000
17553,8532.049,10000000
17554,8529.405,10000000
17555,8525.336,10000000
17556,8523.720,10000000
17557,8522.240,10000000
17558,8526.238,10000000
17559,8538.879,10000000
17560,8535.734,10000000
17561,8525.826,10000000
17562,8521.000,10000000
17563,8536.711,10000000
17564,8547.226,10000000
17565,8530.041,10000000
17566,8521.200,10000000
17567,8541.838,10000000
17568,8526.677,10000000
17569,8532.742,10000000
17570,8536.585,10000000
17571,8524.558,10000000
17572,8531.999,10000000
17573,8524.312,10000000
17574,8534.424,10000000
17575,8512.274,10000000
17576,8529.668,10000000
17577,8535.322,10000000
17578,8526.607,10000000
17579,8525.082,10000000
17580,8533.657,10000000
17581,8528.400,10000000
17582,8531.129,10000000
17583,8535.645,10000000
17584,8523.669,10000000
17585,8527.154,10000000
17586,8529.006,10000000
17587,8535.364,10000000
17588,8544.985,10000000
17589,8526.526,10000000
17590,8528.237,10000000
17591,8530.442,10000000
17592,8523.717,10000000
17593,8523.820,10000000
17594,8512.005,10000000
17595,8539.228,10000000
17596,8529.489,10000000
17597,8514.611,10000000
17598,8518.890,10000000
17599,8799.357,10000000
17600,9321.680,10000000
17601,9209.745,10000000
17602,8765.621,10000000
17603,8659.071,10000000
17604,8562.767,10000000
17605,8538.564,10000000
17606,8519.863,10000000
17607,8513.334,10000000
17608,8516.568,10000000
17609,8529.643,10000000
17610,8508.972,10000000
17611,8523.489,10000000
17612,8520.952,10000000
17613,8518.036,10000000
17614,8516.153,10000000
17615,8513.870,10000000
17616,8526.951,10000000
17617,8529.105,10000000
17618,8519.860,10000000
17619,8509.189,10000000
17620,8508.591,10000000
17621,8516.243,10000000
17622,8507.071,10000000
17623,8515.390,10000000
17624,8505.567,10000000
17625,8509.300,10000000
17626,8514.752,10000000
17627,8508.111,10000000
17628,8516.003,10000000
17629,8522.466,10000000
17630,8518.881,10000000
17631,8517.231,10000000
17632,8524.623,10000000
17633,8521.785,10000000
17634,8527.723,10000000
17635,8522.354,10000000
17636,8499.048,10000000
17637,8511.986,10000000
17638,8507.486,10000000
17639,8508.985,10000000
17640,8508.620,10000000
17641,8491.417,10000000
17642,8509.405,10000000
17643,8495.770,10000000
17644,8492.720,10000000
17645,8501.403,10000000
17646,8499.881,10000000
17647,8510.402,10000000
17648,8516.008,10000000
17649,8519.175,10000000
17650,8527.622,10000000
17651,8503.844,10000000
17652,8493.793,10000000
17653,8818.520,10000000
17654,9315.699,10000000
17655,9153.991,10000000
17656,8726.964,10000000
17657,8624.532,10000000
17658,8547.041,10000000
17659,8515.727,10000000
17660,8505.955,10000000
17661,8512.279,10000000
17662,8506.270,10000000
17663,8504.874,10000000
17664,8507.260,10000000
17665,8519.786,10000000
17666,8523.648,10000000
17667,8516.558,10000000
17668,8525.721,10000000
17669,8498.642,10000000
17670,8505.139,10000000
17671,8505.106,10000000
17672,8502.474,10000000
17673,8502.893,10000000
17674,8499.279,10000000
17675,8512.638,10000000
17676,8505.563,10000000
17677,8506.884,10000000
17678,8505.655,10000000
17679,8502.024,10000000
17680,8498.537,10000000
17681,8489.576,10000000
17682,8480.404,10000000
17683,8488.174,10000000
17684,8488.579,10000000
17685,8490.147,10000000
17686,8493.062,10000000
17687,8490.620,10000000
17688,8490.153,10000000
17689,8495.587,10000000
17690,8500.860,10000000
17691,8494.560,10000000
17692,8500.331,10000000
17693,8493.536,10000000
17694,8487.101,10000000
17695,8493.452,10000000
17696,8489.910,10000000
17697,8486.497,10000000
17698,8493.792,10000000
17699,8496.899,10000000
17700,8497.665,10000000
17701,8498.123,10000000
17702,8496.862,10000000
17703,8485.566,10000000
17704,8499.769,10000000
17705,8491.966,10000000
17706,8500.385,10000000
17707,8827.003,10000000
17708,9290.531,10000000
17709,9096.077,10000000
17710,8699.032,10000000
17711,8616.254,10000000
17712,8545.973,10000000
17713,8513.459,10000000
17714,8490.353,10000000
17715,8486.113,10000000
17716,8496.928,10000000
17717,8492.594,10000000
17718,8478.683,10000000
17719,8504.619,10000000
17720,8488.195,10000000
17721,8499.153,10000000
17722,8502.061,10000000
17723,8480.091,10000000
17724,8487.521,10000000
17725,8482.731,10000000
17726,8489.534,10000000
17727,8505.125,10000000
17728,8487.350,10000000
17729,8512.047,10000000
17730,8488.693,10000000
17731,8483.020,10000000
17732,8487.770,10000000
17733,8486.714,10000000
17734,8492.622,10000000
17735,8485.682,10000000
17736,8489.732,10000000
17737,8494.016,10000000
17738,8484.445,10000000
17739,8485.733,10000000
17740,8481.595,10000000
17741,8491.337,10000000
17742,8476.381,10000000
17743,8467.940,10000000
17744,8480.017,10000000
17745,8469.345,10000000
17746,8475.903,10000000
17747,8467.885,10000000
17748,8492.093,10000000
17749,8490.188,10000000
17750,8482.924,10000000
17751,8471.505,10000000
17752,8479.001,10000000
17753,8480.834,10000000
17754,8486.228,10000000
17755,8487.548,10000000
17756,8488.152,10000000
17757,8487.426,10000000
17758,8483.229,10000000
17759,8477.716,10000000
17760,8470.322,10000000
17761,8848.271,10000000
17762,9296.555,10000000
17763,9074.625,10000000
17764,8698.964,10000000
17765,8929.649,10000000
17766,8747.382,10000000
17767,8581.775,10000000
17768,8510.552,10000000
17769,8506.012,10000000
17770,8504.814,10000000
17771,8481.245,10000000
17772,8471.770,10000000
17773,8476.945,10000000
17774,8475.403,10000000
17775,8484.156,10000000
17776,8458.156,10000000
17777,8466.605,10000000
17778,8491.397,10000000
17779,8477.918,10000000
17780,8460.881,10000000
17781,8475.458,10000000
17782,8484.202,10000000
17783,8481.896,10000000
17784,8481.633,10000000
17785,8463.738,10000000
17786,8466.861,10000000
17787,8472.952,10000000
17788,8488.179,10000000
17789,8481.759,10000000
17790,8465.622,10000000
17791,8472.912,10000000
17792,8477.693,10000000
17793,8454.540,10000000
17794,8471.267,10000000
17795,8475.596,10000000
17796,8469.201,10000000
17797,8476.880,10000000
17798,8477.177,10000000
17799,8474.977,10000000
17800,8468.513,10000000
17801,8458.868,10000000
17802,8448.874,10000000
17803,8460.903,10000000
17804,8457.123,10000000
17805,8450.936,10000000
17806,8463.097,10000000
17807,8458.598,10000000
17808,8476.740,10000000
17809,8470.375,10000000
17810,8475.636,10000000
17811,8466.447,10000000
17812,8463.370,10000000
17813,8469.974,10000000
17814,8471.406,10000000
17815,8868.378,10000000
17816,9288.282,10000000
17817,9021.955,10000000
17818,8665.163,10000000
17819,8572.536,10000000
17820,8506.148,10000000
17821,8474.399,10000000
17822,8456.617,10000000
17823,8466.945,10000000
17824,8460.121,10000000
17825,8466.379,10000000
17826,8466.052,10000000
17827,8454.916,10000000
17828,8468.326,10000000
17829,8465.259,10000000
17830,8460.380,10000000
17831,8478.153,10000000
17832,8463.447,10000000
17833,8474.722,10000000
17834,8472.854,10000000
17835,8476.934,10000000
17836,8475.852,10000000
17837,8467.920,10000000
17838,8463.901,10000000
17839,8481.249,10000000
17840,8475.862,10000000
17841,8460.390,10000000
17842,8478.650,10000000
17843,8454.960,10000000
17844,8464.246,10000000
17845,8444.363,10000000
17846,8443.912,10000000
17847,8460.097,10000000
17848,8460.408,10000000
17849,8463.768,10000000
17850,8479.847,10000000
17851,8467.754,10000000
17852,8470.254,10000000
17853,8478.155,10000000
17854,8481.530,10000000
17855,8475.314,10000000
17856,8482.559,10000000
17857,8472.356,10000000
17858,8480.095,10000000
17859,8475.825,10000000
17860,8463.705,10000000
17861,8467.036,10000000
17862,8473.516,10000000
17863,8465.170,10000000
17864,8459.466,10000000
17865,8459.583,10000000
17866,8454.141,10000000
17867,8462.268,10000000
17868,8451.949,10000000
17869,8873.651,10000000
17870,9279.173,10000000
17871,8983.458,10000000
17872,8644.178,10000000
17873,8575.624,10000000
17874,8502.086,10000000
17875,8484.340,10000000
17876,8467.908,10000000
17877,8461.548,10000000
17878,8465.026,10000000
17879,8461.794,10000000
17880,8461.683,10000000
17881,8476.662,10000000
17882,8473.908,10000000
17883,8461.513,10000000
17884,8462.096,10000000
17885,8469.012,10000000
17886,8463.819,10000000
17887,8460.791,10000000
17888,8467.707,10000000
17889,8464.698,10000000
17890,8460.643,10000000
17891,8463.089,10000000
17892,8460.883,10000000
17893,8463.666,10000000
17894,8459.215,10000000
17895,8464.362,10000000
17896,8460.661,10000000
17897,8455.546,10000000
17898,8454.759,10000000
17899,8451.718,10000000
17900,8450.189,10000000
17901,8461.261,10000000
17902,8458.892,10000000
17903,8456.589,10000000
17904,8454.574,10000000
17905,8456.336,10000000
17906,8456.195,10000000
17907,8439.366,10000000
17908,8466.900,10000000
17909,8447.698,10000000
17910,8449.164,10000000
17911,8456.261,10000000
17912,8455.723,10000000
17913,8445.013,10000000
17914,8438.696,10000000
17915,8458.364,10000000
17916,8452.370,10000000
17917,8433.648,10000000
17918,8460.876,10000000
17919,8458.435,10000000
17920,8463.379,10000000
17921,8448.533,10000000
17922,8445.736,10000000
17923,8896.219,10000000
17924,9277.069,10000000
17925,8945.528,10000000
17926,8623.202,10000000
17927,8635.265,10000000
17928,8610.813,10000000
17929,8612.525,10000000
17930,8592.813,10000000
17931,8607.896,10000000
17932,8600.727,10000000
17933,8593.245,10000000
17934,8578.060,10000000
17935,8589.686,10000000
17936,8555.268,10000000
17937,8558.206,10000000
17938,8570.662,10000000
17939,8589.260,10000000
17940,8601.617,10000000
17941,8586.744,10000000
17942,8570.530,10000000
17943,8571.348,10000000
17944,8580.023,10000000
17945,8578.479,10000000
17946,8583.665,10000000
17947,8584.764,10000000
17948,8587.914,10000000
17949,8569.869,10000000
17950,8554.831,10000000
17951,8541.870,10000000
17952,8554.586,10000000
17953,8559.383,10000000
17954,8559.200,10000000
17955,8571.290,10000000
17956,8563.233,10000000
17957,8579.183,10000000
17958,8582.108,10000000
17959,8577.550,10000000
17960,8581.507,10000000
17961,8567.841,10000000
17962,8596.732,10000000
17963,8577.108,10000000
17964,8572.188,10000000
17965,8579.984,10000000
17966,8574.575,10000000
17967,8574.161,10000000
17968,8577.438,10000000
17969,8572.777,10000000
17970,8554.963,10000000
17971,8566.563,10000000
17972,8573.863,10000000
17973,8579.792,10000000
17974,8567.894,10000000
17975,8580.543,10000000
17976,8566.220,10000000
17977,8968.488,10000000
17978,9286.286,10000000
17979,8968.359,10000000
17980,8702.608,10000000
17981,8666.795,10000000
17982,8613.519,10000000
17983,8591.862,10000000
17984,8585.108,10000000
17985,8578.063,10000000
17986,8569.188,10000000
17987,8569.783,10000000
17988,8575.433,10000000
17989,8569.075,10000000
17990,8587.148,10000000
17991,8577.666,10000000
17992,8570.538,10000000
17993,8570.579,10000000
17994,8571.883,10000000
17995,8579.305,10000000
17996,8584.945,10000000
17997,8589.545,10000000
17998,8607.436,10000000
17999,8590.005,10000000
18000,8578.263,10000000
18001,8591.354,10000000
18002,8585.354,10000000
18003,8590.207,10000000
18004,8592.307,10000000
18005,8573.762,10000000
18006,8564.364,10000000
18007,8571.939,10000000
18008,8563.404,10000000
18009,8570.399,10000000
18010,8565.846,10000000
18011,8580.820,10000000
18012,8573.150,10000000
18013,8588.094,10000000
18014,8588.273,10000000
18015,8591.523,10000000
18016,8598.526,10000000
18017,8585.814,10000000
18018,8595.447,10000000
18019,8570.614,10000000
18020,8555.226,10000000
18021,8555.348,10000000
18022,8557.235,10000000
18023,8566.122,10000000
18024,8563.048,10000000
18025,8563.950,10000000
18026,8556.617,10000000
18027,8571.032,10000000
18028,8577.055,10000000
18029,8580.518,10000000
18030,8584.222,10000000
18031,8990.684,10000000
18032,9296.288,10000000
18033,8952.316,10000000
18034,8688.308,10000000
18035,9022.452,10000000
18036,8720.271,10000000
18037,8608.731,10000000
18038,8575.044,10000000
18039,8561.598,10000000
18040,8553.018,10000000
18041,8557.266,10000000
18042,8567.325,10000000
18043,8570.626,10000000
18044,8589.304,10000000
18045,8569.096,10000000
18046,8568.985,10000000
18047,8561.913,10000000
18048,8545.229,10000000
18049,8565.776,10000000
18050,8558.731,10000000
18051,8567.098,10000000
18052,8565.476,10000000
18053,8577.184,10000000
18054,8565.666,10000000
18055,8572.090,10000000
18056,8566.118,10000000
18057,8570.313,10000000
18058,8564.816,10000000
18059,8573.850,10000000
18060,8574.084,10000000
18061,8569.403,10000000
18062,8555.866,10000000
18063,8558.466,10000000
18064,8557.335,10000000
18065,8559.068,10000000
18066,8558.310,10000000
18067,8571.353,10000000
18068,8576.573,10000000
18069,8569.766,10000000
18070,8576.734,10000000
18071,8574.678,10000000
18072,8580.488,10000000
18073,8573.939,10000000
18074,8567.639,10000000
18075,8548.300,10000000
18076,8525.120,10000000
18077,8551.217,10000000
18078,8550.068,10000000
18079,8542.475,10000000
18080,8531.939,10000000
18081,8544.465,10000000
18082,8556.349,10000000
18083,8536.280,10000000
18084,8537.960,10000000
18085,8986.193,10000000
18086,9275.377,10000000
18087,8916.243,10000000
18088,8677.108,10000000
18089,8579.936,10000000
18090,8455.862,10000000
18091,8439.196,10000000
18092,8454.654,10000000
18093,8420.819,10000000
18094,8406.813,10000000
18095,8411.183,10000000
18096,8411.891,10000000
18097,8416.078,10000000
18098,8404.117,10000000
18099,8404.534,10000000
18100,8398.224,10000000
18101,8396.901,10000000
18102,8390.405,10000000
18103,8385.306,10000000
18104,8382.479,10000000
18105,8396.880,10000000
18106,8386.623,10000000
18107,8384.829,10000000
18108,8391.173,10000000
18109,8404.253,10000000
18110,8396.394,10000000
18111,8390.815,10000000
18112,8398.567,10000000
18113,8394.363,10000000
18114,8397.204,10000000
18115,8419.363,10000000
18116,8404.113,10000000
18117,8414.545,10000000
18118,8407.166,10000000
18119,8397.627,10000000
18120,8420.171,10000000
18121,8425.057,10000000
18122,8416.792,10000000
18123,8408.154,10000000
18124,8416.237,10000000
18125,8413.988,10000000
18126,8411.331,10000000
18127,8426.690,10000000
18128,8414.470,10000000
18129,8406.192,10000000
18130,8396.511,10000000
18131,8401.051,10000000
18132,8403.210,10000000
18133,8403.504,10000000
18134,8405.539,10000000
18135,8396.404,10000000
18136,8408.360,10000000
18137,8414.882,10000000
18138,8416.908,10000000
18139,8958.429,10000000
18140,9247.740,10000000
18141,8813.846,10000000
18142,8547.356,10000000
18143,8483.981,10000000
18144,8452.274,10000000
18145,8437.389,10000000
18146,8432.611,10000000
18147,8422.226,10000000
18148,8404.518,10000000
18149,8402.218,10000000
18150,8403.988,10000000
18151,8415.234,10000000
18152,8411.535,10000000
18153,8403.654,10000000
18154,8408.729,10000000
18155,8415.217,10000000
18156,8414.896,10000000
18157,8417.052,10000000
18158,8399.187,10000000
18159,8403.745,10000000
18160,8401.216,10000000
18161,8412.752,10000000
18162,8399.954,10000000
18163,8409.166,10000000
18164,8406.416,10000000
18165,8398.885,10000000
18166,8402.888,10000000
18167,8417.117,10000000
18168,8406.772,10000000
18169,8406.067,10000000
18170,8406.894,10000000
18171,8383.023,10000000
18172,8390.072,10000000
18173,8408.277,10000000
18174,8404.768,10000000
18175,8391.001,10000000
18176,8385.542,10000000
18177,8398.498,10000000
18178,8393.364,10000000
18179,8390.515,10000000
18180,8384.246,10000000
18181,8394.879,10000000
18182,8401.763,10000000
18183,8398.313,10000000
18184,8386.405,10000000
18185,8393.379,10000000
18186,8390.060,10000000
18187,8400.890,10000000
18188,8407.479,10000000
18189,8395.420,10000000
18190,8393.835,10000000
18191,8395.215,10000000
18192,8397.938,10000000
18193,8963.660,10000000
18194,9249.730,10000000
18195,8778.880,10000000
18196,8524.946,10000000
18197,8464.644,10000000
18198,8420.107,10000000
18199,8399.238,10000000
18200,8401.614,10000000
18201,8387.629,10000000
18202,8392.800,10000000
18203,8396.659,10000000
18204,8393.507,10000000
18205,8393.635,10000000
18206,8394.467,10000000
18207,8385.907,10000000
18208,8402.391,10000000
18209,8396.968,10000000
18210,8391.500,10000000
18211,8405.886,10000000
18212,8397.411,10000000
18213,8400.260,10000000
18214,8393.468,10000000
18215,8395.135,10000000
18216,8389.413,10000000
18217,8381.864,10000000
18218,8409.938,10000000
18219,8415.863,10000000
18220,8412.421,10000000
18221,8405.542,10000000
18222,8396.022,10000000
18223,8407.729,10000000
18224,8405.921,10000000
18225,8402.635,10000000
18226,8391.458,10000000
18227,8392.111,10000000
18228,8385.151,10000000
18229,8391.799,10000000
18230,8386.006,10000000
18231,8383.595,10000000
18232,8386.629,10000000
18233,8400.734,10000000
18234,8395.088,10000000
18235,8378.886,10000000
18236,8388.318,10000000
18237,8389.443,10000000
18238,8379.290,10000000
18239,8367.181,10000000
18240,8383.729,10000000
18241,8374.320,10000000
18242,8360.770,10000000
18243,8370.539,10000000
18244,8383.830,10000000
18245,8383.672,10000000
18246,8390.696,10000000
18247,8952.698,10000000
18248,9237.449,10000000
18249,8738.612,10000000
18250,8508.096,10000000
18251,8462.308,10000000
18252,8410.624,10000000
18253,8394.015,10000000
18254,8393.014,10000000
18255,8385.259,10000000
18256,8385.137,10000000
18257,8383.083,10000000
18258,8379.672,10000000
18259,8402.228,10000000
18260,8397.134,10000000
18261,8392.736,10000000
18262,8388.262,10000000
18263,8388.099,10000000
18264,8392.199,10000000
18265,8382.876,10000000
18266,8383.318,10000000
18267,8394.269,10000000
18268,8377.412,10000000
18269,8383.723,10000000
18270,8380.362,10000000
18271,8378.116,10000000
18272,8365.806,10000000
18273,8381.321,10000000
18274,8372.428,10000000
18275,8387.689,10000000
18276,8389.101,10000000
18277,8395.233,10000000
18278,8385.393,10000000
18279,8384.085,10000000
18280,8389.422,10000000
18281,8389.233,10000000
18282,8394.618,10000000
18283,8379.920,10000000
18284,8393.446,10000000
18285,8388.326,10000000
18286,8382.394,10000000
18287,8378.975,10000000
18288,8369.537,10000000
18289,8376.229,10000000
18290,8389.550,10000000
18291,8389.479,10000000
18292,8382.528,10000000
18293,8392.367,10000000
18294,8392.196,10000000
18295,8398.730,10000000
18296,8402.072,10000000
18297,8397.030,10000000
18298,8379.173,10000000
18299,8383.884,10000000
18300,8381.642,10000000
18301,8973.333,10000000
18302,9240.265,10000000
18303,8730.836,10000000
18304,8494.076,10000000
18305,8798.960,10000000
18306,8537.988,10000000
18307,8443.331,10000000
18308,8402.753,10000000
18309,8397.252,10000000
18310,8387.945,10000000
18311,8393.883,10000000
18312,8402.146,10000000
18313,8393.987,10000000
18314,8379.701,10000000
18315,8376.040,10000000
18316,8395.180,10000000
18317,8368.498,10000000
18318,8367.366,10000000
18319,8379.354,10000000
18320,8373.311,10000000
18321,8363.593,10000000
18322,8356.557,10000000
18323,8377.390,10000000
18324,8374.965,10000000
18325,8358.922,10000000
18326,8373.205,10000000
18327,8371.945,10000000
18328,8370.935,10000000
18329,8377.476,10000000
18330,8363.684,10000000
18331,8375.506,10000000
18332,8387.486,10000000
18333,8385.482,10000000
18334,8391.373,10000000
18335,8376.690,10000000
18336,8378.959,10000000
18337,8358.355,10000000
18338,8368.999,10000000
18339,8370.741,10000000
18340,8358.717,10000000
18341,8357.688,10000000
18342,8354.946,10000000
18343,8360.651,10000000
18344,8369.915,10000000
18345,8382.400,10000000
18346,8379.822,10000000
18347,8379.839,10000000
18348,8375.277,10000000
18349,8389.155,10000000
18350,8398.944,10000000
18351,8393.375,10000000
18352,8385.472,10000000
18353,8364.342,10000000
18354,8371.694,10000000
18355,8981.263,10000000
18356,9245.137,10000000
18357,8709.105,10000000
18358,8502.933,10000000
18359,8452.612,10000000
18360,8412.908,10000000
18361,8385.605,10000000
18362,8377.943,10000000
18363,8382.023,10000000
18364,8379.488,10000000
18365,8372.097,10000000
18366,8376.071,10000000
18367,8387.940,10000000
18368,8378.607,10000000
18369,8376.492,10000000
18370,8392.918,10000000
18371,8384.432,10000000
18372,8373.141,10000000
18373,8358.623,10000000
18374,8373.521,10000000
18375,8377.382,10000000
18376,8372.738,10000000
18377,8363.026,10000000
18378,8362.476,10000000
18379,8364.474,10000000
18380,8363.351,10000000
18381,8368.134,10000000
18382,8386.087,10000000
18383,8382.350,10000000
18384,8376.840,10000000
18385,8372.667,10000000
18386,8378.703,10000000
18387,8363.872,10000000
18388,8361.588,10000000
18389,8366.182,10000000
18390,8362.211,10000000
18391,8352.862,10000000
18392,8365.494,10000000
18393,8374.774,10000000
18394,8379.651,10000000
18395,8362.892,10000000
18396,8372.662,10000000
18397,8362.163,10000000
18398,8376.688,10000000
18399,8378.390,10000000
18400,8384.230,10000000
18401,8376.283,10000000
18402,8366.513,10000000
18403,8377.747,10000000
18404,8375.699,10000000
18405,8382.061,10000000
18406,8361.691,10000000
18407,8365.033,10000000
18408,8355.986,10000000
18409,8977.004,10000000
18410,9214.216,10000000
18411,8672.565,10000000
18412,8479.178,10000000
18413,8427.126,10000000
18414,8385.178,10000000
18415,8377.785,10000000
18416,8369.318,10000000
18417,8359.670,10000000
18418,8361.443,10000000
18419,8353.170,10000000
18420,8367.559,10000000
18421,8372.027,10000000
18422,8362.826,10000000
18423,8366.997,10000000
18424,8371.785,10000000
18425,8374.353,10000000
18426,8377.049,10000000
18427,8356.151,10000000
18428,8353.629,10000000
18429,8360.404,10000000
18430,8357.253,10000000
18431,8355.838,10000000
18432,8356.195,10000000
18433,8346.708,10000000
18434,8371.534,10000000
18435,8370.657,10000000
18436,8356.987,10000000
18437,8372.198,10000000
18438,8368.267,10000000
18439,8374.251,10000000
18440,8367.053,10000000
18441,8361.895,10000000
18442,8381.979,10000000
18443,8363.744,10000000
18444,8379.232,10000000
18445,8358.929,10000000
18446,8353.414,10000000
18447,8350.202,10000000
18448,8346.682,10000000
18449,8355.890,10000000
18450,8367.536,10000000
18451,8375.303,10000000
18452,8366.913,10000000
18453,8363.338,10000000
18454,8367.214,10000000
18455,8364.447,10000000
18456,8367.152,10000000
18457,8380.151,10000000
18458,8381.788,10000000
18459,8381.297,10000000
18460,8365.103,10000000
18461,8372.884,10000000
18462,8375.189,10000000
18463,8991.415,10000000
18464,9211.597,10000000
18465,8682.558,10000000
18466,8496.548,10000000
18467,8437.371,10000000
18468,8403.429,10000000
18469,8404.074,10000000
18470,8381.997,10000000
18471,8367.228,10000000
18472,8371.134,10000000
18473,8368.814,10000000
18474,8365.100,10000000
18475,8361.398,10000000
18476,8354.060,10000000
18477,8349.663,10000000
18478,8337.122,10000000
18479,8329.354,10000000
18480,8355.088,10000000
18481,8346.709,10000000
18482,8342.502,10000000
18483,8345.202,10000000
18484,8341.162,10000000
18485,8338.925,10000000
18486,8350.398,10000000
18487,8357.417,10000000
18488,8363.525,10000000
18489,8356.015,10000000
18490,8344.914,10000000
18491,8352.159,10000000
18492,8353.207,10000000
18493,8344.737,10000000
18494,8342.006,10000000
18495,8335.974,10000000
18496,8338.072,10000000
18497,8356.227,10000000
18498,8355.162,10000000
18499,8351.153,10000000
18500,8354.520,10000000
18501,8357.631,10000000
18502,8361.561,10000000
18503,8362.504,10000000
18504,8359.382,10000000
18505,8360.478,10000000
18506,8358.396,10000000
18507,8352.007,10000000
18508,8345.393,10000000
18509,8351.184,10000000
18510,8348.803,10000000
18511,8342.426,10000000
18512,8342.242,10000000
18513,8358.684,10000000
18514,8340.901,10000000
18515,8342.803,10000000
18516,8384.188,10000000
18517,8973.280,10000000
18518,9136.425,10000000
18519,8624.414,10000000
18520,8462.728,10000000
18521,8389.597,10000000
18522,8359.187,10000000
18523,8342.581,10000000
18524,8340.128,10000000
18525,8338.140,10000000
18526,8356.265,10000000
18527,8367.429,10000000
18528,8374.308,10000000
18529,8364.430,10000000
18530,8378.914,10000000
18531,8366.956,10000000
18532,8345.779,10000000
18533,8360.148,10000000
18534,8338.992,10000000
18535,8342.673,10000000
18536,8351.829,10000000
18537,8368.969,10000000
18538,8370.678,10000000
18539,8364.692,10000000
18540,8362.334,10000000
18541,8364.365,10000000
18542,8366.152,10000000
18543,8367.882,10000000
18544,8357.532,10000000
18545,8365.509,10000000
18546,8356.221,10000000
18547,8358.751,10000000
18548,8354.275,10000000
18549,8361.987,10000000
18550,8359.172,10000000
18551,8361.500,10000000
18552,8355.315,10000000
18553,8363.375,10000000
18554,8356.908,10000000
18555,8358.677,10000000
18556,8357.673,10000000
18557,8362.415,10000000
18558,8355.304,10000000
18559,8355.749,10000000
18560,8358.474,10000000
18561,8352.236,10000000
18562,8359.310,10000000
18563,8357.987,10000000
18564,8356.752,10000000
18565,8362.185,10000000
18566,8359.823,10000000
18567,8357.712,10000000
18568,8365.897,10000000
18569,8351.184,10000000
18570,8423.661,10000000
18571,9000.542,10000000
18572,9103.538,10000000
18573,8613.503,10000000
18574,8509.004,10000000
18575,8656.460,10000000
18576,8463.432,10000000
18577,8394.654,10000000
18578,8369.542,10000000
18579,8360.063,10000000
18580,8341.350,10000000
18581,8330.350,10000000
18582,8340.103,10000000
18583,8353.301,10000000
18584,8372.162,10000000
18585,8360.528,10000000
18586,8364.041,10000000
18587,8362.352,10000000
18588,8351.017,10000000
18589,8368.748,10000000
18590,8358.378,10000000
18591,8352.645,10000000
18592,8355.138,10000000
18593,8348.102,10000000
18594,8355.651,10000000
18595,8364.428,10000000
18596,8361.827,10000000
18597,8362.378,10000000
18598,8348.027,10000000
18599,8357.411,10000000
18600,8359.815,10000000
18601,8355.458,10000000
18602,8363.014,10000000
18603,8360.812,10000000
18604,8346.007,10000000
18605,8344.230,10000000
18606,8346.525,10000000
18607,8345.958,10000000
18608,8364.019,10000000
18609,8375.604,10000000
18610,8364.900,10000000
18611,8358.580,10000000
18612,8365.151,10000000
18613,8355.164,10000000
18614,8359.259,10000000
18615,8368.825,10000000
18616,8347.957,10000000
18617,8349.574,10000000
18618,8350.356,10000000
18619,8349.192,10000000
18620,8350.709,10000000
18621,8370.838,10000000
18622,8346.428,10000000
18623,8352.219,10000000
18624,8458.452,10000000
18625,8998.186,10000000
18626,9073.116,10000000
18627,8612.173,10000000
18628,8493.319,10000000
18629,8391.593,10000000
18630,8368.957,10000000
18631,8359.675,10000000
18632,8346.581,10000000
18633,8345.479,10000000
18634,8340.595,10000000
18635,8343.708,10000000
18636,8341.674,10000000
18637,8334.464,10000000
18638,8326.463,10000000
18639,8324.896,10000000
18640,8315.638,10000000
18641,8331.393,10000000
18642,8311.525,10000000
18643,8327.070,10000000
18644,8334.930,10000000
18645,8352.077,10000000
18646,8359.762,10000000
18647,8332.257,10000000
18648,8332.958,10000000
18649,8343.003,10000000
18650,8333.517,10000000
18651,8330.317,10000000
18652,8333.833,10000000
18653,8345.938,10000000
18654,8347.452,10000000
18655,8340.882,10000000
18656,8347.528,10000000
18657,8357.594,10000000
18658,8353.335,10000000
18659,8341.375,10000000
18660,8346.491,10000000
18661,8349.896,10000000
18662,8358.266,10000000
18663,8377.282,10000000
18664,8361.194,10000000
18665,8362.606,10000000
18666,8360.697,10000000
18667,8350.266,10000000
18668,8362.019,10000000
18669,8360.102,10000000
18670,8352.805,10000000
18671,8356.450,10000000
18672,8362.064,10000000
18673,8363.184,10000000
18674,8364.905,10000000
18675,8361.426,10000000
18676,8362.312,10000000
18677,8346.102,10000000
18678,8491.851,10000000
18679,9009.259,10000000
18680,9029.696,10000000
18681,8593.489,10000000
18682,8485.259,10000000
18683,8396.774,10000000
18684,8364.732,10000000
18685,8336.792,10000000
18686,8350.738,10000000
18687,8350.513,10000000
18688,8344.462,10000000
18689,8335.686,10000000
18690,8350.547,10000000
18691,8340.875,10000000
18692,8340.597,10000000
18693,8353.822,10000000
18694,8371.339,10000000
18695,8347.802,10000000
18696,8353.157,10000000
18697,8346.385,10000000
18698,8349.879,10000000
18699,8344.756,10000000
18700,8330.052,10000000
18701,8347.020,10000000
18702,8344.023,10000000
18703,8348.962,10000000
18704,8343.928,10000000
18705,8335.282,10000000
18706,8333.869,10000000
18707,8337.911,10000000
18708,8342.323,10000000
18709,8336.247,10000000
18710,8344.139,10000000
18711,8358.976,10000000
18712,8355.766,10000000
18713,8359.722,10000000
18714,8347.791,10000000
18715,8345.824,10000000
18716,8343.051,10000000
18717,8338.587,10000000
18718,8333.021,10000000
18719,8340.435,10000000
18720,8343.223,10000000
18721,8355.123,10000000
18722,8347.508,10000000
18723,8323.635,10000000
18724,8318.323,10000000
18725,8320.674,10000000
18726,8328.096,10000000
18727,8325.560,10000000
18728,8341.268,10000000
18729,8328.533,10000000
18730,8336.114,10000000
18731,8335.707,10000000
18732,8514.738,10000000
18733,9007.094,10000000
18734,8984.285,10000000
18735,8548.736,10000000
18736,8450.353,10000000
18737,8363.942,10000000
18738,8352.566,10000000
18739,8325.342,10000000
18740,8322.670,10000000
18741,8318.146,10000000
18742,8313.780,10000000
18743,8319.208,10000000
18744,8320.047,10000000
18745,8319.241,10000000
18746,8308.253,10000000
18747,8319.690,10000000
18748,8325.372,10000000
18749,8323.581,10000000
18750,8320.944,10000000
18751,8327.893,10000000
18752,8320.930,10000000
18753,8322.751,10000000
18754,8330.337,10000000
18755,8323.204,10000000
18756,8327.863,10000000
18757,8317.151,10000000
18758,8330.744,10000000
18759,8318.164,10000000
18760,8340.022,10000000
18761,8347.981,10000000
18762,8342.320,10000000
18763,8346.720,10000000
18764,8350.417,10000000
18765,8340.021,10000000
18766,8323.313,10000000
18767,8324.459,10000000
18768,8326.591,10000000
18769,8327.752,10000000
18770,8326.150,10000000
18771,8341.111,10000000
18772,8323.636,10000000
18773,8309.023,10000000
18774,8327.479,10000000
18775,8307.066,10000000
18776,8314.148,10000000
18777,8317.546,10000000
18778,8323.805,10000000
18779,8319.630,10000000
18780,8314.672,10000000
18781,8312.673,10000000
18782,8319.622,10000000
18783,8314.861,10000000
18784,8321.275,10000000
18785,8337.136,10000000
18786,8544.243,10000000
18787,9011.120,10000000
18788,8938.624,10000000
18789,8548.990,10000000
18790,8459.940,10000000
18791,8368.231,10000000
18792,8358.662,10000000
18793,8342.862,10000000
18794,8342.218,10000000
18795,8334.014,10000000
18796,8322.736,10000000
18797,8317.615,10000000
18798,8321.785,10000000
18799,8320.629,10000000
18800,8316.182,10000000
18801,8319.431,10000000
18802,8334.462,10000000
18803,8327.573,10000000
18804,8323.916,10000000
18805,8320.109,10000000
18806,8314.564,10000000
18807,8314.213,10000000
18808,8306.015,10000000
18809,8321.296,10000000
18810,8316.550,10000000
18811,8330.508,10000000
18812,8333.627,10000000
18813,8331.773,10000000
18814,8321.516,10000000
18815,8333.154,10000000
18816,8340.181,10000000
18817,8331.924,10000000
18818,8317.067,10000000
18819,8324.461,10000000
18820,8314.401,10000000
18821,8310.572,10000000
18822,8313.199,10000000
18823,8322.234,10000000
18824,8319.670,10000000
18825,8317.283,10000000
18826,8317.639,10000000
18827,8319.351,10000000
18828,8338.754,10000000
18829,8326.938,10000000
18830,8325.842,10000000
18831,8322.370,10000000
18832,8328.679,10000000
18833,8324.355,10000000
18834,8324.994,10000000
18835,8334.033,10000000
18836,8339.586,10000000
18837,8336.095,10000000
18838,8329.216,10000000
18839,8317.301,10000000
18840,8579.354,10000000
18841,9017.352,10000000
18842,8918.020,10000000
18843,8545.620,10000000
18844,8659.675,10000000
18845,8581.109,10000000
18846,8411.467,10000000
18847,8360.746,10000000
18848,8321.778,10000000
18849,8321.171,10000000
18850,8310.034,10000000
18851,8310.322,10000000
18852,8303.652,10000000
18853,8306.596,10000000
18854,8296.097,10000000
18855,8305.756,10000000
18856,8310.661,10000000
18857,8310.787,10000000
18858,8316.326,10000000
18859,8311.257,10000000
18860,8306.070,10000000
18861,8295.390,10000000
18862,8314.104,10000000
18863,8309.515,10000000
18864,8314.786,10000000
18865,8302.979,10000000
18866,8302.489,10000000
18867,8299.936,10000000
18868,8319.353,10000000
18869,8316.703,10000000
18870,8341.077,10000000
18871,8326.408,10000000
18872,8329.152,10000000
18873,8320.058,10000000
18874,8321.093,10000000
18875,8325.870,10000000
18876,8324.145,10000000
18877,8317.521,10000000
18878,8334.919,10000000
18879,8321.858,10000000
18880,8334.241,10000000
18881,8319.305,10000000
18882,8310.284,10000000
18883,8305.025,10000000
18884,8321.877,10000000
18885,8321.393,10000000
18886,8311.034,10000000
18887,8310.980,10000000
18888,8306.579,10000000
18889,8316.046,10000000
18890,8313.588,10000000
18891,8300.144,10000000
18892,8313.289,10000000
18893,8309.905,10000000
18894,8583.141,10000000
18895,9004.123,10000000
18896,8861.327,10000000
18897,8497.523,10000000
18898,8418.970,10000000
18899,8349.759,10000000
18900,8325.159,10000000
18901,8319.639,10000000
18902,8291.837,10000000
18903,8292.144,10000000
18904,8300.448,10000000
18905,8307.066,10000000
18906,8320.327,10000000
18907,8309.423,10000000
18908,8295.067,10000000
18909,8298.452,10000000
18910,8299.292,10000000
18911,8304.152,10000000
18912,8304.820,10000000
18913,8292.762,10000000
18914,8315.730,10000000
18915,8300.716,10000000
18916,8308.659,10000000
18917,8314.949,10000000
18918,8311.251,10000000
18919,8308.570,10000000
18920,8308.216,10000000
18921,8294.706,10000000
18922,8296.790,10000000
18923,8304.246,10000000
18924,8296.357,10000000
18925,8297.845,10000000
18926,8310.472,10000000
18927,8310.620,10000000
18928,8315.801,10000000
18929,8294.999,10000000
18930,8296.198,10000000
18931,8287.831,10000000
18932,8296.202,10000000
18933,8293.376,10000000
18934,8305.649,10000000
18935,8299.754,10000000
18936,8298.762,10000000
18937,8300.864,10000000
18938,8299.850,10000000
18939,8304.054,10000000
18940,8314.984,10000000
18941,8312.500,10000000
18942,8296.949,10000000
18943,8301.201,10000000
18944,8288.283,10000000
18945,8296.976,10000000
18946,8301.761,10000000
18947,8292.793,10000000
18948,8616.897,10000000
18949,9019.114,10000000
18950,8842.087,10000000
18951,8498.748,10000000
18952,8462.327,10000000
18953,8437.095,10000000
18954,8422.765,10000000
18955,8427.869,10000000
18956,8435.633,10000000
18957,8425.779,10000000
18958,8439.208,10000000
18959,8444.026,10000000
18960,8446.223,10000000
18961,8432.681,10000000
18962,8407.758,10000000
18963,8416.125,10000000
18964,8415.754,10000000
18965,8422.642,10000000
18966,8435.947,10000000
18967,8431.870,10000000
18968,8413.772,10000000
18969,8427.864,10000000
18970,8432.279,10000000
18971,8416.960,10000000
18972,8427.033,10000000
18973,8440.982,10000000
18974,8436.636,10000000
18975,8437.576,10000000
18976,8428.906,10000000
18977,8433.743,10000000
18978,8428.422,10000000
18979,8426.501,10000000
18980,8428.709,10000000
18981,8434.246,10000000
18982,8434.031,10000000
18983,8440.144,10000000
18984,8436.666,10000000
18985,8435.921,10000000
18986,8440.490,10000000
18987,8442.204,10000000
18988,8453.940,10000000
18989,8427.302,10000000
18990,8398.882,10000000
18991,8415.044,10000000
18992,8400.536,10000000
18993,8411.859,10000000
18994,8432.296,10000000
18995,8440.457,10000000
18996,8448.501,10000000
18997,8453.080,10000000
18998,8447.939,10000000
18999,8465.845,10000000
19000,8450.857,10000000
19001,8448.106,10000000
19002,8724.872,10000000
19003,9057.068,10000000
19004,8856.362,10000000
19005,8574.335,10000000
19006,8516.696,10000000
19007,8447.046,10000000
19008,8446.235,10000000
19009,8436.306,10000000
19010,8417.203,10000000
19011,8416.374,10000000
19012,8422.642,10000000
19013,8434.984,10000000
19014,8444.493,10000000
19015,8454.790,10000000
19016,8440.229,10000000
19017,8417.482,10000000
19018,8415.858,10000000
19019,8411.890,10000000
19020,8408.185,10000000
19021,8403.508,10000000
19022,8394.174,10000000
19023,8413.381,10000000
19024,8438.766,10000000
19025,8441.747,10000000
19026,8446.047,10000000
19027,8449.279,10000000
19028,8441.218,10000000
19029,8436.795,10000000
19030,8438.393,10000000
19031,8425.473,10000000
19032,8431.106,10000000
19033,8428.916,10000000
19034,8417.310,10000000
19035,8424.701,10000000
19036,8430.646,10000000
19037,8429.977,10000000
19038,8424.880,10000000
19039,8436.903,10000000
19040,8426.720,10000000
19041,8437.979,10000000
19042,8448.975,10000000
19043,8446.638,10000000
19044,8432.140,10000000
19045,8422.473,10000000
19046,8414.747,10000000
19047,8429.371,10000000
19048,8419.366,10000000
19049,8441.981,10000000
19050,8437.318,10000000
19051,8436.638,10000000
19052,8429.538,10000000
19053,8433.185,10000000
19054,8441.239,10000000
19055,8440.526,10000000
19056,8741.933,10000000
19057,9051.309,10000000
19058,8841.595,10000000
19059,8544.385,10000000
19060,8492.216,10000000
19061,8441.629,10000000
19062,8430.436,10000000
19063,8419.983,10000000
19064,8424.390,10000000
19065,8434.270,10000000
19066,8440.145,10000000
19067,8443.968,10000000
19068,8452.682,10000000
19069,8441.423,10000000
19070,8437.890,10000000
19071,8433.266,10000000
19072,8421.771,10000000
19073,8421.101,10000000
19074,8415.085,10000000
19075,8419.398,10000000
19076,8429.182,10000000
19077,8427.992,10000000
19078,8428.475,10000000
19079,8420.373,10000000
19080,8419.908,10000000
19081,8416.459,10000000
19082,8429.962,10000000
19083,8435.084,10000000
19084,8438.864,10000000
19085,8443.750,10000000
19086,8410.263,10000000
19087,8392.733,10000000
19088,8412.134,10000000
19089,8415.360,10000000
19090,8419.953,10000000
19091,8419.924,10000000
19092,8425.710,10000000
19093,8427.644,10000000
19094,8434.438,10000000
19095,8428.111,10000000
19096,8441.174,10000000
19097,8445.773,10000000
19098,8442.437,10000000
19099,8434.596,10000000
19100,8399.971,10000000
19101,8408.694,10000000
19102,8415.272,10000000
19103,8419.379,10000000
19104,8415.244,10000000
19105,8403.503,10000000
19106,8409.675,10000000
19107,8411.450,10000000
19108,8421.607,10000000
19109,8418.937,10000000
19110,8750.334,10000000
19111,9040.762,10000000
19112,8825.316,10000000
19113,8566.652,10000000
19114,8778.795,10000000
19115,8522.315,10000000
19116,8373.496,10000000
19117,8316.454,10000000
19118,8299.241,10000000
19119,8291.591,10000000
19120,8286.382,10000000
19121,8291.624,10000000
19122,8284.356,10000000
19123,8282.425,10000000
19124,8289.946,10000000
19125,8301.125,10000000
19126,8285.224,10000000
19127,8300.073,10000000
19128,8293.848,10000000
19129,8298.664,10000000
19130,8275.786,10000000
19131,8294.417,10000000
19132,8286.425,10000000
19133,8281.145,10000000
19134,8270.928,10000000
19135,8265.132,10000000
19136,8279.408,10000000
19137,8287.304,10000000
19138,8265.649,10000000
19139,8275.252,10000000
19140,8267.673,10000000
19141,8275.991,10000000
19142,8284.351,10000000
19143,8293.148,10000000
19144,8279.105,10000000
19145,8281.786,10000000
19146,8277.886,10000000
19147,8295.855,10000000
19148,8282.084,10000000
19149,8286.294,10000000
19150,8278.481,10000000
19151,8271.056,10000000
19152,8272.829,10000000
19153,8264.240,10000000
19154,8266.637,10000000
19155,8274.595,10000000
19156,8278.850,10000000
19157,8280.313,10000000
19158,8289.841,10000000
19159,8278.647,10000000
19160,8279.716,10000000
19161,8281.416,10000000
19162,8283.588,10000000
19163,8285.576,10000000
19164,8685.686,10000000
19165,9025.766,10000000
19166,8739.877,10000000
19167,8443.951,10000000
19168,8380.242,10000000
19169,8311.609,10000000
19170,8297.837,10000000
19171,8298.911,10000000
19172,8302.279,10000000
19173,8292.399,10000000
19174,8277.911,10000000
19175,8284.038,10000000
19176,8294.858,10000000
19177,8288.307,10000000
19178,8286.566,10000000
19179,8289.147,10000000
19180,8287.771,10000000
19181,8267.213,10000000
19182,8269.578,10000000
19183,8273.859,10000000
19184,8272.263,10000000
19185,8269.068,10000000
19186,8281.774,10000000
19187,8297.875,10000000
19188,8278.619,10000000
19189,8293.562,10000000
19190,8267.391,10000000
19191,8277.304,10000000
19192,8259.708,10000000
19193,8291.099,10000000
19194,8265.895,10000000
19195,8256.228,10000000
19196,8278.247,10000000
19197,8269.002,10000000
19198,8269.316,10000000
19199,8277.396,10000000
19200,8276.292,10000000
19201,8286.846,10000000
19202,8266.173,10000000
19203,8266.049,10000000
19204,8267.522,10000000
19205,8261.100,10000000
19206,8252.455,10000000
19207,8263.572,10000000
19208,8274.097,10000000
19209,8264.860,10000000
19210,8256.765,10000000
19211,8249.784,10000000
19212,8257.231,10000000
19213,8258.150,10000000
19214,8274.432,10000000
19215,8274.437,10000000
19216,8266.256,10000000
19217,8268.061,10000000
19218,8689.063,10000000
19219,9010.517,10000000
19220,8705.833,10000000
19221,8432.771,10000000
19222,8353.431,10000000
19223,8289.241,10000000
19224,8264.563,10000000
19225,8272.898,10000000
19226,8277.148,10000000
19227,8277.590,10000000
19228,8280.703,10000000
19229,8277.565,10000000
19230,8274.797,10000000
19231,8272.387,10000000
19232,8274.913,10000000
19233,8269.822,10000000
19234,8282.734,10000000
19235,8288.079,10000000
19236,8277.683,10000000
19237,8265.052,10000000
19238,8273.579,10000000
19239,8267.874,10000000
19240,8275.428,10000000
19241,8265.676,10000000
19242,8278.308,10000000
19243,8276.588,10000000
19244,8262.618,10000000
19245,8273.862,10000000
19246,8279.797,10000000
19247,8276.093,10000000
19248,8291.164,10000000
19249,8289.506,10000000
19250,8282.912,10000000
19251,8282.411,10000000
19252,8269.281,10000000
19253,8278.689,10000000
19254,8267.063,10000000
19255,8269.783,10000000
19256,8264.866,10000000
19257,8265.100,10000000
19258,8279.950,10000000
19259,8272.730,10000000
19260,8263.883,10000000
19261,8263.179,10000000
19262,8263.902,10000000
19263,8266.264,10000000
19264,8261.879,10000000
19265,8258.382,10000000
19266,8254.194,10000000
19267,8262.116,10000000
19268,8259.621,10000000
19269,8259.970,10000000
19270,8262.414,10000000
19271,8262.423,10000000
19272,8705.486,10000000
19273,9014.771,10000000
19274,8673.367,10000000
19275,8426.898,10000000
19276,8355.448,10000000
19277,8295.057,10000000
19278,8280.853,10000000
19279,8276.438,10000000
19280,8280.779,10000000
19281,8278.693,10000000
19282,8270.921,10000000
19283,8279.937,10000000
19284,8269.715,10000000
19285,8272.533,10000000
19286,8263.670,10000000
19287,8255.332,10000000
19288,8257.145,10000000
19289,8272.005,10000000
19290,8263.910,10000000
19291,8275.940,10000000
19292,8273.471,10000000
19293,8261.908,10000000
19294,8273.427,10000000
19295,8277.031,10000000
19296,8265.019,10000000
19297,8266.541,10000000
19298,8256.062,10000000
19299,8255.277,10000000
19300,8258.763,10000000
19301,8269.191,10000000
19302,8279.298,10000000
19303,8261.873,10000000
19304,8251.983,10000000
19305,8244.484,10000000
19306,8254.524,10000000
19307,8253.035,10000000
19308,8253.277,10000000
19309,8252.903,10000000
19310,8247.202,10000000
19311,8255.141,10000000
19312,8241.474,10000000
19313,8234.868,10000000
19314,8246.686,10000000
19315,8255.098,10000000
19316,8251.828,10000000
19317,8256.841,10000000
19318,8262.549,10000000
19319,8275.025,10000000
19320,8260.970,10000000
19321,8255.853,10000000
19322,8260.402,10000000
19323,8259.437,10000000
19324,8264.612,10000000
19325,8273.130,10000000
19326,8732.906,10000000
19327,9024.492,10000000
19328,8652.090,10000000
19329,8389.270,10000000
19330,8342.448,10000000
19331,8281.411,10000000
19332,8275.148,10000000
19333,8271.344,10000000
19334,8272.769,10000000
19335,8278.555,10000000
19336,8269.399,10000000
19337,8268.237,10000000
19338,8255.531,10000000
19339,8255.781,10000000
19340,8264.330,10000000
19341,8251.927,10000000
19342,8259.542,10000000
19343,8249.262,10000000
19344,8254.581,10000000
19345,8254.487,10000000
19346,8267.201,10000000
19347,8265.887,10000000
19348,8247.542,10000000
19349,8261.629,10000000
19350,8260.521,10000000
19351,8267.396,10000000
19352,8264.083,10000000
19353,8255.062,10000000
19354,8252.032,10000000
19355,8258.593,10000000
19356,8260.483,10000000
19357,8266.055,10000000
19358,8267.138,10000000
19359,8266.744,10000000
19360,8263.765,10000000
19361,8263.371,10000000
19362,8265.111,10000000
19363,8264.133,10000000
19364,8267.433,10000000
19365,8268.766,10000000
19366,8261.151,10000000
19367,8262.420,10000000
19368,8264.836,10000000
19369,8270.477,10000000
19370,8263.575,10000000
19371,8270.805,10000000
19372,8265.617,10000000
19373,8267.272,10000000
19374,8257.284,10000000
19375,8253.862,10000000
19376,8261.589,10000000
19377,8259.631,10000000
19378,8265.076,10000000
19379,8261.667,10000000
19380,8743.853,10000000
19381,9033.290,10000000
19382,8628.430,10000000
19383,8385.934,10000000
19384,8707.980,10000000
19385,8429.381,10000000
19386,8323.584,10000000
19387,8286.190,10000000
19388,8277.622,10000000
19389,8268.719,10000000
19390,8250.926,10000000
19391,8257.496,10000000
19392,8257.604,10000000
19393,8257.087,10000000
19394,8250.686,10000000
19395,8249.030,10000000
19396,8264.858,10000000
19397,8268.086,10000000
19398,8255.649,10000000
19399,8263.176,10000000
19400,8262.293,10000000
19401,8258.777,10000000
19402,8255.648,10000000
19403,8269.888,10000000
19404,8263.110,10000000
19405,8274.783,10000000
19406,8263.291,10000000
19407,8244.077,10000000
19408,8259.405,10000000
19409,8251.902,10000000
19410,8254.258,10000000
19411,8246.338,10000000
19412,8257.302,10000000
19413,8259.464,10000000
19414,8273.352,10000000
19415,8262.646,10000000
19416,8262.995,10000000
19417,8262.916,10000000
19418,8249.542,10000000
19419,8254.879,10000000
19420,8247.744,10000000
19421,8254.401,10000000
19422,8251.366,10000000
19423,8256.196,10000000
19424,8257.022,10000000
19425,8260.075,10000000
19426,8267.677,10000000
19427,8264.516,10000000
19428,8264.109,10000000
19429,8251.964,10000000
19430,8261.268,10000000
19431,8262.873,10000000
19432,8263.575,10000000
19433,8249.575,10000000
19434,8750.939,10000000
19435,9011.756,10000000
19436,8592.794,10000000
19437,8363.105,10000000
19438,8321.240,10000000
19439,8268.562,10000000
19440,8257.790,10000000
19441,8243.607,10000000
19442,8249.726,10000000
19443,8253.116,10000000
19444,8244.770,10000000
19445,8257.337,10000000
19446,8252.866,10000000
19447,8259.018,10000000
19448,8257.888,10000000
19449,8254.999,10000000
19450,8258.840,10000000
19451,8257.004,10000000
19452,8256.617,10000000
19453,8263.660,10000000
19454,8269.520,10000000
19455,8267.335,10000000
19456,8258.149,10000000
19457,8262.780,10000000
19458,8259.260,10000000
19459,8260.298,10000000
19460,8258.424,10000000
19461,8270.441,10000000
19462,8282.526,10000000
19463,8272.941,10000000
19464,8263.402,10000000
19465,8242.444,10000000
19466,8251.410,10000000
19467,8255.471,10000000
19468,8271.552,10000000
19469,8258.164,10000000
19470,8266.966,10000000
19471,8263.888,10000000
19472,8258.900,10000000
19473,8258.465,10000000
19474,8241.338,10000000
19475,8247.959,10000000
19476,8232.571,10000000
19477,8262.562,10000000
19478,8262.966,10000000
19479,8252.711,10000000
19480,8246.533,10000000
19481,8235.074,10000000
19482,8226.815,10000000
19483,8246.918,10000000
19484,8234.365,10000000
19485,8246.455,10000000
19486,8249.545,10000000
19487,8247.246,10000000
19488,8748.086,10000000
19489,9004.331,10000000
19490,8572.282,10000000
19491,8362.767,10000000
19492,8308.130,10000000
19493,8271.023,10000000
19494,8254.043,10000000
19495,8255.708,10000000
19496,8256.324,10000000
19497,8245.556,10000000
19498,8254.776,10000000
19499,8243.519,10000000
19500,8248.398,10000000
19501,8239.370,10000000
19502,8247.739,10000000
19503,8254.504,10000000
19504,8232.665,10000000
19505,8245.537,10000000
19506,8235.052,10000000
19507,8235.290,10000000
19508,8233.979,10000000
19509,8235.374,10000000
19510,8247.001,10000000
19511,8250.671,10000000
19512,8250.845,10000000
19513,8250.457,10000000
19514,8246.183,10000000
19515,8252.134,10000000
19516,8249.834,10000000
19517,8248.603,10000000
19518,8239.617,10000000
19519,8235.771,10000000
19520,8244.784,10000000
19521,8244.600,10000000
19522,8248.499,10000000
19523,8233.714,10000000
19524,8241.863,10000000
19525,8257.254,10000000
19526,8250.019,10000000
19527,8246.257,10000000
19528,8234.228,10000000
19529,8240.146,10000000
19530,8238.805,10000000
19531,8241.868,10000000
19532,8245.081,10000000
19533,8258.104,10000000
19534,8255.641,10000000
19535,8258.659,10000000
19536,8234.397,10000000
19537,8239.511,10000000
19538,8237.377,10000000
19539,8234.713,10000000
19540,8237.605,10000000
19541,8255.692,10000000
19542,8780.523,10000000
19543,9011.123,10000000
19544,8560.138,10000000
19545,8343.670,10000000
19546,8313.135,10000000
19547,8267.504,10000000
19548,8267.615,10000000
19549,8272.050,10000000
19550,8254.711,10000000
19551,8258.291,10000000
19552,8250.188,10000000
19553,8235.885,10000000
19554,8236.714,10000000
19555,8239.970,10000000
19556,8243.705,10000000
19557,8243.765,10000000
19558,8239.857,10000000
19559,8239.065,10000000
19560,8239.113,10000000
19561,8240.947,10000000
19562,8244.872,10000000
19563,8237.519,10000000
19564,8247.902,10000000
19565,8243.578,10000000
19566,8252.993,10000000
19567,8253.285,10000000
19568,8248.006,10000000
19569,8253.037,10000000
19570,8252.088,10000000
19571,8257.595,10000000
19572,8254.127,10000000
19573,8264.941,10000000
19574,8258.030,10000000
19575,8257.746,10000000
19576,8254.611,10000000
19577,8257.387,10000000
19578,8257.013,10000000
19579,8263.563,10000000
19580,8260.479,10000000
19581,8260.280,10000000
19582,8260.428,10000000
19583,8250.002,10000000
19584,8232.615,10000000
19585,8239.301,10000000
19586,8245.631,10000000
19587,8240.253,10000000
19588,8241.392,10000000
19589,8238.216,10000000
19590,8235.386,10000000
19591,8248.936,10000000
19592,8236.338,10000000
19593,8243.913,10000000
19594,8246.107,10000000
19595,8239.116,10000000
19596,8782.152,10000000
19597,9003.303,10000000
19598,8535.935,10000000
19599,8337.548,10000000
19600,8311.886,10000000
19601,8283.525,10000000
19602,8265.062,10000000
19603,8266.729,10000000
19604,8243.442,10000000
19605,8250.883,10000000
19606,8246.081,10000000
19607,8250.961,10000000
19608,8269.134,10000000
19609,8257.397,10000000
19610,8270.290,10000000
19611,8263.188,10000000
19612,8261.833,10000000
19613,8254.557,10000000
19614,8254.973,10000000
19615,8250.109,10000000
19616,8234.507,10000000
19617,8234.221,10000000
19618,8237.319,10000000
19619,8232.891,10000000
19620,8229.813,10000000
19621,8232.472,10000000
19622,8236.302,10000000
19623,8233.159,10000000
19624,8240.067,10000000
19625,8233.740,10000000
19626,8243.513,10000000
19627,8240.639,10000000
19628,8241.012,10000000
19629,8250.868,10000000
19630,8249.372,10000000
19631,8242.175,10000000
19632,8240.223,10000000
19633,8250.736,10000000
19634,8252.681,10000000
19635,8254.125,10000000
19636,8260.315,10000000
19637,8250.924,10000000
19638,8251.847,10000000
19639,8236.665,10000000
19640,8241.584,10000000
19641,8251.005,10000000
19642,8248.813,10000000
19643,8258.601,10000000
19644,8247.093,10000000
19645,8236.875,10000000
19646,8234.284,10000000
19647,8244.301,10000000
19648,8256.430,10000000
19649,8247.207,10000000
19650,8794.657,10000000
19651,9005.860,10000000
19652,8515.294,10000000
19653,8332.905,10000000
19654,8573.229,10000000
19655,8345.763,10000000
19656,8276.121,10000000
19657,8250.854,10000000
19658,8257.473,10000000
19659,8262.167,10000000
19660,8257.345,10000000
19661,8246.762,10000000
19662,8245.818,10000000
19663,8238.710,10000000
19664,8238.809,10000000
19665,8254.486,10000000
19666,8251.966,10000000
19667,8253.669,10000000
19668,8233.643,10000000
19669,8239.450,10000000
19670,8225.220,10000000
19671,8221.536,10000000
19672,8233.668,10000000
19673,8232.678,10000000
19674,8232.159,10000000
19675,8241.525,10000000
19676,8235.388,10000000
19677,8236.286,10000000
19678,8240.677,10000000
19679,8240.089,10000000
19680,8231.372,10000000
19681,8232.443,10000000
19682,8232.975,10000000
19683,8231.688,10000000
19684,8226.324,10000000
19685,8235.721,10000000
19686,8227.373,10000000
19687,8236.664,10000000
19688,8225.952,10000000
19689,8230.718,10000000
19690,8227.810,10000000
19691,8223.956,10000000
19692,8226.440,10000000
19693,8233.486,10000000
19694,8235.155,10000000
19695,8220.945,10000000
19696,8221.048,10000000
19697,8216.656,10000000
19698,8212.511,10000000
19699,8221.899,10000000
19700,8226.659,10000000
19701,8222.181,10000000
19702,8217.927,10000000
19703,8219.818,10000000
19704,8784.933,10000000
19705,8970.816,10000000
19706,8489.421,10000000
19707,8321.599,10000000
19708,8278.048,10000000
19709,8247.521,10000000
19710,8239.221,10000000
19711,8228.931,10000000
19712,8225.236,10000000
19713,8225.172,10000000
19714,8227.894,10000000
19715,8231.979,10000000
19716,8213.717,10000000
19717,8229.229,10000000
19718,8223.043,10000000
19719,8227.896,10000000
19720,8233.097,10000000
19721,8242.524,10000000
19722,8241.163,10000000
19723,8231.331,10000000
19724,8228.964,10000000
19725,8220.128,10000000
19726,8224.026,10000000
19727,8224.607,10000000
19728,8231.085,10000000
19729,8245.467,10000000
19730,8250.605,10000000
19731,8240.276,10000000
19732,8231.879,10000000
19733,8231.245,10000000
19734,8244.735,10000000
19735,8238.900,10000000
19736,8246.143,10000000
19737,8227.495,10000000
19738,8220.325,10000000
19739,8227.468,10000000
19740,8223.895,10000000
19741,8231.518,10000000
19742,8230.681,10000000
19743,8227.600,10000000
19744,8229.921,10000000
19745,8244.392,10000000
19746,8238.978,10000000
19747,8232.085,10000000
19748,8235.550,10000000
19749,8228.637,10000000
19750,8229.377,10000000
19751,8235.873,10000000
19752,8234.851,10000000
19753,8231.552,10000000
19754,8230.168,10000000
19755,8236.566,10000000
19756,8247.859,10000000
19757,8291.287,10000000
19758,8812.355,10000000
19759,8929.205,10000000
19760,8480.284,10000000
19761,8362.165,10000000
19762,8278.915,10000000
19763,8257.728,10000000
19764,8252.974,10000000
19765,8241.769,10000000
19766,8242.294,10000000
19767,8239.148,10000000
19768,8239.462,10000000
19769,8251.125,10000000
19770,8247.021,10000000
19771,8227.304,10000000
19772,8221.568,10000000
19773,8226.130,10000000
19774,8218.785,10000000
19775,8209.300,10000000
19776,8223.964,10000000
19777,8232.845,10000000
19778,8232.448,10000000
19779,8229.239,10000000
19780,8232.439,10000000
19781,8219.610,10000000
19782,8234.046,10000000
19783,8248.456,10000000
19784,8242.509,10000000
19785,8242.156,10000000
19786,8242.542,10000000
19787,8236.484,10000000
19788,8227.574,10000000
19789,8223.225,10000000
19790,8220.688,10000000
19791,8232.375,10000000
19792,8234.574,10000000
19793,8224.947,10000000
19794,8222.718,10000000
19795,8222.989,10000000
19796,8225.646,10000000
19797,8235.145,10000000
19798,8224.117,10000000
19799,8237.983,10000000
19800,8234.845,10000000
19801,8222.064,10000000
19802,8220.737,10000000
19803,8205.324,10000000
19804,8216.387,10000000
19805,8225.944,10000000
19806,8219.425,10000000
19807,8209.072,10000000
19808,8214.989,10000000
19809,8217.695,10000000
19810,8226.003,10000000
19811,8311.187,10000000
19812,8809.890,10000000
19813,8890.778,10000000
19814,8458.773,10000000
19815,8359.043,10000000
19816,8269.719,10000000
19817,8231.536,10000000
19818,8215.640,10000000
19819,8217.188,10000000
19820,8217.369,10000000
19821,8233.042,10000000
19822,8223.421,10000000
19823,8230.203,10000000
19824,8240.704,10000000
19825,8235.158,10000000
19826,8233.464,10000000
19827,8234.395,10000000
19828,8221.310,10000000
19829,8207.718,10000000
19830,8217.435,10000000
19831,8229.065,10000000
19832,8243.258,10000000
19833,8243.802,10000000
19834,8230.133,10000000
19835,8253.233,10000000
19836,8233.898,10000000
19837,8221.598,10000000
19838,8223.134,10000000
19839,8226.847,10000000
19840,8229.208,10000000
19841,8236.492,10000000
19842,8223.040,10000000
19843,8229.063,10000000
19844,8226.972,10000000
19845,8225.608,10000000
19846,8244.196,10000000
19847,8237.076,10000000
19848,8229.687,10000000
19849,8228.907,10000000
19850,8220.369,10000000
19851,8225.312,10000000
19852,8215.275,10000000
19853,8226.695,10000000
19854,8221.531,10000000
19855,8220.487,10000000
19856,8224.638,10000000
19857,8231.750,10000000
19858,8234.890,10000000
19859,8218.531,10000000
19860,8229.190,10000000
19861,8213.002,10000000
19862,8228.407,10000000
19863,8227.875,10000000
19864,8242.118,10000000
19865,8349.453,10000000
19866,8837.236,10000000
19867,8885.518,10000000
19868,8452.518,10000000
19869,8329.536,10000000
19870,8253.348,10000000
19871,8220.532,10000000
19872,8223.813,10000000
19873,8218.997,10000000
19874,8223.625,10000000
19875,8215.926,10000000
19876,8212.665,10000000
19877,8206.662,10000000
19878,8197.616,10000000
19879,8212.101,10000000
19880,8211.728,10000000
19881,8211.741,10000000
19882,8225.549,10000000
19883,8223.171,10000000
19884,8204.523,10000000
19885,8216.563,10000000
19886,8207.845,10000000
19887,8208.566,10000000
19888,8212.528,10000000
19889,8225.032,10000000
19890,8221.231,10000000
19891,8219.585,10000000
19892,8211.993,10000000
19893,8210.015,10000000
19894,8212.463,10000000
19895,8208.446,10000000
19896,8203.947,10000000
19897,8217.705,10000000
19898,8221.935,10000000
19899,8227.663,10000000
19900,8226.575,10000000
19901,8212.144,10000000
19902,8201.731,10000000
19903,8213.326,10000000
19904,8206.835,10000000
19905,8212.614,10000000
19906,8206.437,10000000
19907,8210.078,10000000
19908,8200.533,10000000
19909,8205.330,10000000
19910,8207.705,10000000
19911,8210.029,10000000
19912,8201.326,10000000
19913,8207.871,10000000
19914,8200.013,10000000
19915,8212.591,10000000
19916,8222.943,10000000
19917,8219.782,10000000
19918,8220.489,10000000
19919,8379.729,10000000
19920,8835.209,10000000
19921,8821.287,10000000
19922,8435.166,10000000
19923,8448.063,10000000
19924,8467.454,10000000
19925,8308.464,10000000
19926,8256.123,10000000
19927,8221.879,10000000
19928,8210.317,10000000
19929,8209.259,10000000
19930,8205.599,10000000
19931,8218.960,10000000
19932,8223.103,10000000
19933,8232.631,10000000
19934,8236.606,10000000
19935,8231.659,10000000
19936,8229.474,10000000
19937,8221.033,10000000
19938,8220.001,10000000
19939,8212.305,10000000
19940,8212.869,10000000
19941,8210.865,10000000
19942,8234.582,10000000
19943,8236.750,10000000
19944,8229.353,10000000
19945,8238.314,10000000
19946,8224.100,10000000
19947,8219.367,10000000
19948,8223.619,10000000
19949,8222.492,10000000
19950,8229.388,10000000
19951,8220.423,10000000
19952,8222.623,10000000
19953,8230.851,10000000
19954,8232.751,10000000
19955,8221.264,10000000
19956,8221.871,10000000
19957,8216.695,10000000
19958,8216.901,10000000
19959,8215.485,10000000
19960,8215.884,10000000
19961,8219.605,10000000
19962,8218.753,10000000
19963,8201.483,10000000
19964,8204.480,10000000
19965,8212.207,10000000
19966,8212.984,10000000
19967,8214.204,10000000
19968,8222.968,10000000
19969,8216.405,10000000
19970,8219.547,10000000
19971,8211.898,10000000
19972,8229.182,10000000
19973,8400.508,10000000
19974,8839.687,10000000
19975,8792.180,10000000
19976,8419.482,10000000
19977,8361.072,10000000
19978,8317.508,10000000
19979,8322.643,10000000
19980,8316.721,10000000
19981,8324.101,10000000
19982,8334.973,10000000
19983,8348.651,10000000
19984,8346.021,10000000
19985,8353.117,10000000
19986,8359.844,10000000
19987,8353.196,10000000
19988,8344.900,10000000
19989,8331.815,10000000
19990,8321.596,10000000
19991,8303.123,10000000
19992,8315.252,10000000
19993,8315.786,10000000
19994,8327.561,10000000
19995,8330.981,10000000
19996,8343.105,10000000
19997,8337.483,10000000
19998,8335.775,10000000
19999,8339.907,10000000
20000,8349.038,10000000
20001,8336.246,10000000
20002,8348.915,10000000
20003,8346.703,10000000
20004,8326.846,10000000
20005,8337.284,10000000
20006,8339.435,10000000
20007,8338.450,10000000
20008,8323.780,10000000
20009,8320.367,10000000
20010,8317.565,10000000
20011,8338.799,10000000
20012,8348.785,10000000
20013,8344.235,10000000
20014,8352.359,10000000
20015,8346.670,10000000
20016,8339.395,10000000
20017,8321.880,10000000
20018,8319.608,10000000
20019,8319.124,10000000
20020,8326.812,10000000
20021,8319.935,10000000
20022,8319.328,10000000
20023,8335.099,10000000
20024,8325.559,10000000
20025,8328.581,10000000
20026,8331.996,10000000
20027,8510.301,10000000
20028,8870.589,10000000
20029,8813.010,10000000
20030,8497.434,10000000
20031,8396.955,10000000
20032,8339.120,10000000
20033,8327.198,10000000
20034,8336.819,10000000
20035,8340.402,10000000
20036,8355.261,10000000
20037,8348.122,10000000
20038,8347.171,10000000
20039,8335.547,10000000
20040,8351.238,10000000
20041,8348.973,10000000
20042,8355.553,10000000
20043,8353.367,10000000
20044,8350.235,10000000
20045,8329.580,10000000
20046,8326.572,10000000
20047,8334.116,10000000
20048,8342.195,10000000
20049,8340.380,10000000
20050,8336.901,10000000
20051,8337.674,10000000
20052,8333.239,10000000
20053,8348.359,10000000
20054,8355.869,10000000
20055,8346.735,10000000
20056,8347.046,10000000
20057,8365.587,10000000
20058,8357.481,10000000
20059,8342.381,10000000
20060,8329.051,10000000
20061,8336.557,10000000
20062,8343.802,10000000
20063,8339.982,10000000
20064,8346.393,10000000
20065,8345.997,10000000
20066,8342.676,10000000
20067,8338.591,10000000
20068,8363.009,10000000
20069,8356.635,10000000
20070,8362.390,10000000
20071,8358.360,10000000
20072,8346.550,10000000
20073,8345.405,10000000
20074,8322.161,10000000
20075,8329.346,10000000
20076,8336.508,10000000
20077,8349.790,10000000
20078,8363.284,10000000
20079,8366.500,10000000
20080,8361.688,10000000
20081,8574.736,10000000
20082,8906.900,10000000
20083,8812.584,10000000
20084,8514.361,10000000
20085,8421.276,10000000
20086,8364.165,10000000
20087,8329.217,10000000
20088,8323.185,10000000
20089,8335.624,10000000
20090,8339.471,10000000
20091,8326.051,10000000
20092,8335.680,10000000
20093,8327.199,10000000
20094,8334.588,10000000
20095,8338.048,10000000
20096,8329.067,10000000
20097,8344.154,10000000
20098,8342.052,10000000
20099,8339.150,10000000
20100,8331.245,10000000
20101,8322.556,10000000
20102,8323.200,10000000
20103,8306.682,10000000
20104,8306.286,10000000
20105,8323.434,10000000
20106,8329.938,10000000
20107,8329.652,10000000
20108,8325.532,10000000
20109,8327.377,10000000
20110,8333.176,10000000
20111,8329.122,10000000
20112,8342.755,10000000
20113,8334.459,10000000
20114,8315.395,10000000
20115,8307.897,10000000
20116,8319.158,10000000
20117,8330.530,10000000
20118,8318.559,10000000
20119,8335.210,10000000
20120,8347.576,10000000
20121,8341.017,10000000
20122,8333.395,10000000
20123,8334.529,10000000
20124,8326.701,10000000
20125,8325.497,10000000
20126,8343.642,10000000
20127,8333.455,10000000
20128,8330.058,10000000
20129,8310.287,10000000
20130,8328.752,10000000
20131,8321.040,10000000
20132,8327.729,10000000
20133,8329.121,10000000
20134,8320.229,10000000
20135,8566.900,10000000
20136,8891.942,10000000
20137,8757.192,10000000
20138,8477.856,10000000
20139,8409.769,10000000
20140,8286.242,10000000
20141,8241.392,10000000
20142,8203.611,10000000
20143,8201.269,10000000
20144,8207.309,10000000
20145,8205.088,10000000
20146,8211.221,10000000
20147,8205.362,10000000
20148,8210.152,10000000
20149,8220.962,10000000
20150,8213.855,10000000
20151,8205.106,10000000
20152,8199.628,10000000
20153,8199.666,10000000
20154,8205.885,10000000
20155,8200.657,10000000
20156,8204.889,10000000
20157,8185.953,10000000
20158,8201.014,10000000
20159,8204.698,10000000
20160,8215.348,10000000
20161,8224.965,10000000
20162,8200.286,10000000
20163,8202.436,10000000
20164,8209.629,10000000
20165,8190.795,10000000
20166,8203.110,10000000
20167,8205.124,10000000
20168,8200.024,10000000
20169,8198.374,10000000
20170,8191.503,10000000
20171,8181.763,10000000
20172,8184.101,10000000
20173,8194.752,10000000
20174,8189.071,10000000
20175,8195.271,10000000
20176,8202.975,10000000
20177,8188.026,10000000
20178,8209.611,10000000
20179,8200.819,10000000
20180,8216.660,10000000
20181,8207.775,10000000
20182,8202.403,10000000
20183,8200.504,10000000
20184,8205.894,10000000
20185,8214.202,10000000
20186,8200.289,10000000
20187,8209.931,10000000
20188,8195.442,10000000
20189,8482.809,10000000
20190,8855.007,10000000
20191,8676.422,10000000
20192,8361.334,10000000
20193,8556.768,10000000
20194,8408.754,10000000
20195,8264.910,10000000
20196,8239.447,10000000
20197,8222.396,10000000
20198,8212.212,10000000
20199,8207.572,10000000
20200,8199.627,10000000
20201,8202.578,10000000
20202,8197.650,10000000
20203,8184.056,10000000
20204,8187.361,10000000
20205,8177.801,10000000
20206,8192.152,10000000
20207,8189.088,10000000
20208,8204.053,10000000
20209,8193.953,10000000
20210,8186.718,10000000
20211,8194.143,10000000
20212,8186.283,10000000
20213,8199.979,10000000
20214,8194.594,10000000
20215,8198.544,10000000
20216,8196.137,10000000
20217,8194.590,10000000
20218,8191.911,10000000
20219,8201.962,10000000
20220,8177.104,10000000
20221,8202.150,10000000
20222,8183.775,10000000
20223,8204.721,10000000
20224,8180.900,10000000
20225,8193.630,10000000
20226,8184.001,10000000
20227,8201.255,10000000
20228,8198.432,10000000
20229,8190.295,10000000
20230,8213.158,10000000
20231,8204.479,10000000
20232,8208.163,10000000
20233,8196.581,10000000
20234,8187.466,10000000
20235,8189.995,10000000
20236,8211.374,10000000
20237,8196.749,10000000
20238,8201.718,10000000
20239,8196.410,10000000
20240,8196.431,10000000
20241,8190.679,10000000
20242,8197.503,10000000
20243,8515.964,10000000
20244,8862.262,10000000
20245,8637.417,10000000
20246,8341.098,10000000
20247,8286.659,10000000
20248,8216.638,10000000
20249,8200.181,10000000
20250,8195.459,10000000
20251,8173.829,10000000
20252,8170.851,10000000
20253,8175.096,10000000
20254,8190.556,10000000
20255,8180.267,10000000
20256,8181.817,10000000
20257,8179.341,10000000
20258,8193.351,10000000
20259,8187.160,10000000
20260,8177.498,10000000
20261,8180.434,10000000
20262,8190.648,10000000
20263,8185.798,10000000
20264,8197.472,10000000
20265,8191.132,10000000
20266,8176.640,10000000
20267,8183.163,10000000
20268,8174.186,10000000
20269,8168.226,10000000
20270,8185.951,10000000
20271,8176.275,10000000
20272,8183.524,10000000
20273,8204.337,10000000
20274,8203.991,10000000
20275,8175.859,10000000
20276,8191.384,10000000
20277,8204.254,10000000
20278,8201.680,10000000
20279,8196.793,10000000
20280,8192.541,10000000
20281,8188.023,10000000
20282,8196.494,10000000
20283,8198.741,10000000
20284,8203.627,10000000
20285,8187.333,10000000
20286,8195.014,10000000
20287,8188.801,10000000
20288,8189.017,10000000
20289,8204.378,10000000
20290,8173.113,10000000
20291,8191.760,10000000
20292,8192.725,10000000
20293,8210.586,10000000
20294,8202.400,10000000
20295,8207.962,10000000
20296,8198.018,10000000
20297,8547.316,10000000
20298,8885.542,10000000
20299,8649.690,10000000
20300,8359.325,10000000
20301,8280.615,10000000
20302,8231.079,10000000
20303,8215.403,10000000
20304,8213.157,10000000
20305,8197.562,10000000
20306,8207.679,10000000
20307,8209.282,10000000
20308,8205.461,10000000
20309,8209.714,10000000
20310,8211.855,10000000
20311,8201.860,10000000
20312,8204.004,10000000
20313,8202.050,10000000
20314,8187.522,10000000
20315,8197.297,10000000
20316,8192.920,10000000
20317,8203.810,10000000
20318,8198.047,10000000
20319,8195.468,10000000
20320,8180.992,10000000
20321,8175.467,10000000
20322,8181.538,10000000
20323,8185.345,10000000
20324,8192.566,10000000
20325,8187.531,10000000
20326,8199.536,10000000
20327,8198.610,10000000
20328,8198.033,10000000
20329,8208.656,10000000
20330,8208.283,10000000
20331,8210.812,10000000
20332,8212.063,10000000
20333,8213.527,10000000
20334,8216.034,10000000
20335,8219.203,10000000
20336,8213.016,10000000
20337,8208.674,10000000
20338,8207.048,10000000
20339,8200.643,10000000
20340,8200.492,10000000
20341,8201.385,10000000
20342,8216.791,10000000
20343,8218.854,10000000
20344,8218.523,10000000
20345,8216.709,10000000
20346,8198.440,10000000
20347,8205.028,10000000
20348,8214.849,10000000
20349,8213.687,10000000
20350,8207.235,10000000
20351,8570.713,10000000
20352,8880.811,10000000
20353,8627.388,10000000
20354,8360.349,10000000
20355,8280.773,10000000
20356,8225.221,10000000
20357,8212.440,10000000
20358,8201.758,10000000
20359,8206.782,10000000
20360,8197.136,10000000
20361,8196.151,10000000
20362,8187.545,10000000
20363,8179.901,10000000
20364,8191.293,10000000
20365,8186.049,10000000
20366,8185.891,10000000
20367,8186.847,10000000
20368,8174.460,10000000
20369,8180.265,10000000
20370,8181.649,10000000
20371,8179.882,10000000
20372,8180.542,10000000
20373,8183.917,10000000
20374,8174.245,10000000
20375,8187.884,10000000
20376,8178.922,10000000
20377,8186.985,10000000
20378,8178.993,10000000
20379,8188.447,10000000
20380,8170.396,10000000
20381,8184.271,10000000
20382,8189.644,10000000
20383,8182.094,10000000
20384,8182.648,10000000
20385,8173.387,10000000
20386,8172.990,10000000
20387,8184.508,10000000
20388,8179.122,10000000
20389,8180.082,10000000
20390,8185.614,10000000
20391,8187.833,10000000
20392,8188.790,10000000
20393,8182.482,10000000
20394,8192.109,10000000
20395,8181.194,10000000
20396,8197.995,10000000
20397,8205.366,10000000
20398,8198.186,10000000
20399,8216.018,10000000
20400,8214.028,10000000
20401,8191.911,10000000
20402,8209.867,10000000
20403,8195.720,10000000
20404,8188.644,10000000
20405,8567.404,10000000
20406,8859.118,10000000
20407,8580.499,10000000
20408,8311.691,10000000
20409,8259.582,10000000
20410,8216.764,10000000
20411,8191.447,10000000
20412,8182.547,10000000
20413,8181.673,10000000
20414,8186.808,10000000
20415,8198.290,10000000
20416,8200.704,10000000
20417,8191.231,10000000
20418,8179.708,10000000
20419,8184.942,10000000
20420,8168.962,10000000
20421,8175.848,10000000
20422,8193.913,10000000
20423,8191.893,10000000
20424,8181.729,10000000
20425,8173.451,10000000
20426,8193.026,10000000
20427,8191.471,10000000
20428,8190.031,10000000
20429,8180.892,10000000
20430,8167.918,10000000
20431,8193.488,10000000
20432,8179.606,10000000
20433,8186.932,10000000
20434,8181.673,10000000
20435,8184.651,10000000
20436,8183.428,10000000
20437,8184.123,10000000
20438,8162.854,10000000
20439,8180.518,10000000
20440,8180.597,10000000
20441,8184.485,10000000
20442,8193.451,10000000
20443,8175.663,10000000
20444,8173.369,10000000
20445,8182.984,10000000
20446,8178.375,10000000
20447,8183.812,10000000
20448,8171.802,10000000
20449,8174.529,10000000
20450,8173.421,10000000
20451,8175.440,10000000
20452,8176.321,10000000
20453,8183.413,10000000
20454,8176.746,10000000
20455,8183.945,10000000
20456,8184.185,10000000
20457,8173.831,10000000
20458,8167.898,10000000
20459,8565.543,10000000
20460,8856.007,10000000
20461,8548.716,10000000
20462,8299.789,10000000
20463,8622.459,10000000
20464,8334.416,10000000
20465,8227.010,10000000
20466,8199.940,10000000
20467,8177.051,10000000
20468,8165.288,10000000
20469,8168.292,10000000
20470,8167.350,10000000
20471,8157.721,10000000
20472,8170.184,10000000
20473,8178.971,10000000
20474,8184.527,10000000
20475,8178.780,10000000
20476,8186.542,10000000
20477,8187.438,10000000
20478,8185.249,10000000
20479,8174.481,10000000
20480,8186.559,10000000
20481,8181.616,10000000
20482,8175.961,10000000
20483,8177.209,10000000
20484,8171.114,10000000
20485,8169.793,10000000
20486,8173.136,10000000
20487,8195.696,10000000
20488,8201.752,10000000
20489,8200.772,10000000
20490,8168.612,10000000
20491,8173.472,10000000
20492,8167.062,10000000
20493,8177.963,10000000
20494,8169.403,10000000
20495,8181.400,10000000
20496,8173.480,10000000
20497,8171.385,10000000
20498,8181.475,10000000
20499,8171.196,10000000
20500,8164.437,10000000
20501,8162.311,10000000
20502,8158.850,10000000
20503,8162.697,10000000
20504,8167.428,10000000
20505,8177.293,10000000
20506,8172.654,10000000
20507,8190.404,10000000
20508,8177.471,10000000
20509,8182.153,10000000
20510,8172.596,10000000
20511,8172.120,10000000
20512,8171.616,10000000
20513,8612.416,10000000
20514,8888.145,10000000
20515,8539.751,10000000
20516,8303.344,10000000
20517,8250.051,10000000
20518,8212.622,10000000
20519,8188.582,10000000
20520,8188.636,10000000
20521,8172.038,10000000
20522,8171.154,10000000
20523,8174.439,10000000
20524,8174.565,10000000
20525,8154.036,10000000
20526,8151.558,10000000
20527,8152.824,10000000
20528,8166.456,10000000
20529,8177.353,10000000
20530,8178.201,10000000
20531,8167.726,10000000
20532,8169.033,10000000
20533,8166.633,10000000
20534,8161.500,10000000
20535,8159.039,10000000
20536,8161.240,10000000
20537,8163.271,10000000
20538,8155.357,10000000
20539,8169.032,10000000
20540,8167.864,10000000
20541,8174.485,10000000
20542,8189.123,10000000
20543,8177.947,10000000
20544,8180.778,10000000
20545,8176.993,10000000
20546,8164.792,10000000
20547,8168.179,10000000
20548,8160.180,10000000
20549,8162.483,10000000
20550,8162.935,10000000
20551,8157.707,10000000
20552,8159.869,10000000
20553,8156.407,10000000
20554,8145.986,10000000
20555,8128.387,10000000
20556,8145.120,10000000
20557,8158.170,10000000
20558,8171.534,10000000
20559,8174.525,10000000
20560,8168.613,10000000
20561,8150.961,10000000
20562,8174.339,10000000
20563,8168.705,10000000
20564,8172.381,10000000
20565,8176.688,10000000
20566,8168.260,10000000
20567,8600.189,10000000
20568,8866.843,10000000
20569,8507.728,10000000
20570,8283.277,10000000
20571,8230.943,10000000
20572,8180.021,10000000
20573,8189.020,10000000
20574,8185.814,10000000
20575,8184.016,10000000
20576,8189.177,10000000
20577,8178.791,10000000
20578,8179.100,10000000
20579,8176.776,10000000
20580,8178.336,10000000
20581,8180.093,10000000
20582,8185.019,10000000
20583,8175.664,10000000
20584,8157.389,10000000
20585,8168.236,10000000
20586,8164.497,10000000
20587,8177.246,10000000
20588,8158.952,10000000
20589,8178.792,10000000
20590,8162.488,10000000
20591,8167.667,10000000
20592,8163.314,10000000
20593,8155.833,10000000
20594,8179.419,10000000
20595,8186.185,10000000
20596,8168.258,10000000
20597,8179.511,10000000
20598,8177.488,10000000
20599,8163.469,10000000
20600,8163.293,10000000
20601,8165.147,10000000
20602,8170.226,10000000
20603,8152.209,10000000
20604,8161.829,10000000
20605,8166.167,10000000
20606,8173.553,10000000
20607,8169.678,10000000
20608,8175.477,10000000
20609,8182.947,10000000
20610,8160.961,10000000
20611,8176.708,10000000
20612,8159.035,10000000
20613,8156.404,10000000
20614,8157.622,10000000
20615,8168.072,10000000
20616,8163.181,10000000
20617,8160.263,10000000
20618,8170.590,10000000
20619,8169.354,10000000
20620,8155.784,10000000
20621,8613.659,10000000
20622,8872.536,10000000
20623,8496.836,10000000
20624,8267.715,10000000
20625,8229.351,10000000
20626,8180.301,10000000
20627,8170.752,10000000
20628,8171.804,10000000
20629,8164.444,10000000
20630,8176.408,10000000
20631,8180.633,10000000
20632,8185.207,10000000
20633,8184.570,10000000
20634,8172.274,10000000
20635,8172.582,10000000
20636,8163.765,10000000
20637,8155.502,10000000
20638,8156.063,10000000
20639,8151.064,10000000
20640,8158.897,10000000
20641,8165.724,10000000
20642,8166.928,10000000
20643,8166.647,10000000
20644,8177.110,10000000
20645,8180.775,10000000
20646,8175.405,10000000
20647,8168.953,10000000
20648,8162.576,10000000
20649,8162.503,10000000
20650,8154.784,10000000
20651,8147.890,10000000
20652,8142.306,10000000
20653,8154.065,10000000
20654,8148.273,10000000
20655,8144.848,10000000
20656,8139.190,10000000
20657,8138.058,10000000
20658,8169.660,10000000
20659,8161.721,10000000
20660,8154.666,10000000
20661,8167.460,10000000
20662,8161.780,10000000
20663,8172.727,10000000
20664,8172.331,10000000
20665,8193.489,10000000
20666,8200.151,10000000
20667,8180.275,10000000
20668,8171.379,10000000
20669,8182.633,10000000
20670,8169.115,10000000
20671,8179.909,10000000
20672,8172.416,10000000
20673,8176.283,10000000
20674,8168.773,10000000
20675,8628.622,10000000
20676,8887.620,10000000
20677,8485.520,10000000
20678,8273.378,10000000
20679,8238.182,10000000
20680,8201.994,10000000
20681,8173.780,10000000
20682,8173.551,10000000
20683,8171.785,10000000
20684,8182.419,10000000
20685,8169.812,10000000
20686,8164.705,10000000
20687,8159.091,10000000
20688,8154.444,10000000
20689,8150.756,10000000
20690,8158.644,10000000
20691,8164.557,10000000
20692,8151.314,10000000
20693,8157.562,10000000
20694,8176.978,10000000
20695,8174.021,10000000
20696,8181.047,10000000
20697,8167.233,10000000
20698,8188.819,10000000
20699,8177.558,10000000
20700,8169.787,10000000
20701,8166.020,10000000
20702,8153.854,10000000
20703,8153.847,10000000
20704,8153.125,10000000
20705,8155.976,10000000
20706,8158.201,10000000
20707,8157.379,10000000
20708,8157.821,10000000
20709,8152.903,10000000
20710,8168.428,10000000
20711,8170.850,10000000
20712,8166.402,10000000
20713,8151.021,10000000
20714,8141.028,10000000
20715,8149.788,10000000
20716,8162.937,10000000
20717,8158.116,10000000
20718,8159.840,10000000
20719,8168.343,10000000
20720,8166.674,10000000
20721,8155.633,10000000
20722,8166.223,10000000
20723,8161.075,10000000
20724,8155.866,10000000
20725,8165.353,10000000
20726,8157.907,10000000
20727,8151.199,10000000
20728,8159.862,10000000
20729,8648.959,10000000
20730,8894.290,10000000
20731,8464.394,10000000
20732,8272.297,10000000
20733,8530.188,10000000
20734,8289.677,10000000
20735,8222.793,10000000
20736,8178.085,10000000
20737,8170.653,10000000
20738,8149.882,10000000
20739,8159.209,10000000
20740,8162.232,10000000
20741,8169.443,10000000
20742,8182.562,10000000
20743,8169.896,10000000
20744,8159.684,10000000
20745,8145.992,10000000
20746,8169.339,10000000
20747,8159.071,10000000
20748,8159.325,10000000
20749,8162.682,10000000
20750,8152.425,10000000
20751,8157.185,10000000
20752,8153.027,10000000
20753,8149.973,10000000
20754,8139.497,10000000
20755,8133.272,10000000
20756,8129.566,10000000
20757,8146.731,10000000
20758,8154.101,10000000
20759,8135.847,10000000
20760,8143.337,10000000
20761,8155.062,10000000
20762,8154.003,10000000
20763,8157.477,10000000
20764,8153.831,10000000
20765,8148.402,10000000
20766,8144.730,10000000
20767,8145.041,10000000
20768,8145.352,10000000
20769,8134.563,10000000
20770,8132.232,10000000
20771,8149.704,10000000
20772,8134.345,10000000
20773,8144.716,10000000
20774,8143.990,10000000
20775,8135.034,10000000
20776,8143.345,10000000
20777,8142.878,10000000
20778,8155.833,10000000
20779,8152.853,10000000
20780,8149.965,10000000
20781,8149.588,10000000
20782,8159.108,10000000
20783,8661.328,10000000
20784,8893.878,10000000
20785,8458.366,10000000
20786,8267.175,10000000
20787,8217.941,10000000
20788,8172.026,10000000
20789,8176.228,10000000
20790,8169.494,10000000
20791,8158.535,10000000
20792,8165.479,10000000
20793,8177.862,10000000
20794,8160.542,10000000
20795,8148.013,10000000
20796,8156.523,10000000
20797,8166.164,10000000
20798,8155.174,10000000
20799,8158.146,10000000
20800,8158.665,10000000
20801,8161.149,10000000
20802,8169.501,10000000
20803,8160.167,10000000
20804,8160.845,10000000
20805,8177.415,10000000
20806,8177.034,10000000
20807,8187.548,10000000
20808,8176.404,10000000
20809,8190.817,10000000
20810,8176.526,10000000
20811,8192.950,10000000
20812,8185.165,10000000
20813,8176.223,10000000
20814,8174.445,10000000
20815,8196.149,10000000
20816,8198.472,10000000
20817,8177.744,10000000
20818,8182.969,10000000
20819,8163.946,10000000
20820,8165.586,10000000
20821,8151.656,10000000
20822,8140.296,10000000
20823,8145.393,10000000
20824,8151.824,10000000
20825,8151.125,10000000
20826,8154.165,10000000
20827,8162.175,10000000
20828,8178.368,10000000
20829,8160.125,10000000
20830,8159.733,10000000
20831,8147.263,10000000
20832,8170.989,10000000
20833,8161.818,10000000
20834,8161.836,10000000
20835,8168.722,10000000
20836,8159.063,10000000
20837,8700.416,10000000
20838,8902.003,10000000
20839,8444.372,10000000
20840,8258.813,10000000
20841,8222.894,10000000
20842,8178.960,10000000
20843,8161.625,10000000
20844,8167.787,10000000
20845,8167.763,10000000
20846,8146.621,10000000
20847,8176.111,10000000
20848,8162.711,10000000
20849,8175.696,10000000
20850,8175.135,10000000
20851,8167.919,10000000
20852,8158.967,10000000
20853,8155.044,10000000
20854,8140.926,10000000
20855,8159.028,10000000
20856,8156.677,10000000
20857,8156.335,10000000
20858,8163.360,10000000
20859,8167.791,10000000
20860,8153.212,10000000
20861,8153.681,10000000
20862,8151.800,10000000
20863,8151.246,10000000
20864,8161.836,10000000
20865,8163.284,10000000
20866,8164.110,10000000
20867,8168.562,10000000
20868,8168.286,10000000
20869,8172.076,10000000
20870,8163.555,10000000
20871,8169.146,10000000
20872,8157.506,10000000
20873,8149.890,10000000
20874,8163.114,10000000
20875,8161.727,10000000
20876,8176.650,10000000
20877,8180.795,10000000
20878,8169.705,10000000
20879,8166.399,10000000
20880,8164.977,10000000
20881,8159.514,10000000
20882,8160.998,10000000
20883,8152.928,10000000
20884,8155.830,10000000
20885,8158.248,10000000
20886,8157.353,10000000
20887,8162.279,10000000
20888,8155.546,10000000
20889,8141.522,10000000
20890,8164.201,10000000
20891,8693.462,10000000
20892,8896.812,10000000
20893,8433.473,10000000
20894,8252.552,10000000
20895,8192.575,10000000
20896,8170.611,10000000
20897,8156.303,10000000
20898,8156.373,10000000
20899,8158.896,10000000
20900,8166.419,10000000
20901,8166.653,10000000
20902,8153.787,10000000
20903,8161.503,10000000
20904,8158.314,10000000
20905,8163.946,10000000
20906,8158.250,10000000
20907,8152.955,10000000
20908,8154.777,10000000
20909,8161.276,10000000
20910,8171.364,10000000
20911,8166.169,10000000
20912,8158.822,10000000
20913,8163.331,10000000
20914,8165.839,10000000
20915,8161.406,10000000
20916,8152.347,10000000
20917,8152.085,10000000
20918,8151.506,10000000
20919,8168.068,10000000
20920,8166.725,10000000
20921,8178.719,10000000
20922,8165.577,10000000
20923,8152.299,10000000
20924,8143.058,10000000
20925,8131.612,10000000
20926,8135.670,10000000
20927,8116.439,10000000
20928,8112.909,10000000
20929,8118.720,10000000
20930,8120.873,10000000
20931,8133.919,10000000
20932,8139.685,10000000
20933,8141.486,10000000
20934,8132.423,10000000
20935,8126.881,10000000
20936,8140.029,10000000
20937,8151.249,10000000
20938,8161.443,10000000
20939,8173.543,10000000
20940,8168.354,10000000
20941,8154.083,10000000
20942,8169.048,10000000
20943,8166.518,10000000
20944,8180.784,10000000
20945,8734.117,10000000
20946,8895.295,10000000
20947,8426.388,10000000
20948,8270.350,10000000
20949,8211.811,10000000
20950,8173.333,10000000
20951,8155.515,10000000
20952,8163.944,10000000
20953,8169.813,10000000
20954,8145.346,10000000
20955,8151.029,10000000
20956,8160.482,10000000
20957,8171.541,10000000
20958,8175.560,10000000
20959,8166.827,10000000
20960,8152.060,10000000
20961,8158.957,10000000
20962,8169.455,10000000
20963,8174.354,10000000
20964,8154.638,10000000
20965,8142.652,10000000
20966,8155.389,10000000
20967,8160.671,10000000
20968,8162.986,10000000
20969,8155.732,10000000
20970,8151.214,10000000
20971,8136.114,10000000
20972,8143.796,10000000
20973,8143.988,10000000
20974,8157.841,10000000
20975,8165.093,10000000
20976,8149.472,10000000
20977,8148.751,10000000
20978,8159.650,10000000
20979,8160.799,10000000
20980,8158.707,10000000
20981,8153.000,10000000
20982,8161.743,10000000
20983,8152.448,10000000
20984,8146.702,10000000
20985,8158.365,10000000
20986,8150.249,10000000
20987,8138.594,10000000
20988,8140.160,10000000
20989,8138.735,10000000
20990,8152.700,10000000
20991,8158.134,10000000
20992,8141.541,10000000
20993,8161.999,10000000
20994,8164.518,10000000
20995,8155.288,10000000
20996,8139.506,10000000
20997,8139.207,10000000
20998,8177.050,10000000
20999,8699.608,10000000
21000,8832.633,10000000
21001,8406.808,10000000
21002,8292.764,10000000
21003,8520.795,10000000
21004,8375.729,10000000
21005,8318.210,10000000
21006,8286.631,10000000
21007,8266.059,10000000
21008,8271.030,10000000
21009,8272.251,10000000
21010,8264.706,10000000
21011,8273.025,10000000
21012,8266.301,10000000
21013,8284.939,10000000
21014,8276.438,10000000
21015,8268.967,10000000
21016,8290.520,10000000
21017,8285.669,10000000
21018,8294.008,10000000
21019,8287.670,10000000
21020,8277.701,10000000
21021,8268.434,10000000
21022,8254.617,10000000
21023,8259.686,10000000
21024,8269.127,10000000
21025,8277.938,10000000
21026,8266.609,10000000
21027,8283.360,10000000
21028,8278.871,10000000
21029,8283.564,10000000
21030,8269.520,10000000
21031,8270.622,10000000
21032,8280.411,10000000
21033,8279.157,10000000
21034,8269.578,10000000
21035,8274.567,10000000
21036,8285.267,10000000
21037,8277.099,10000000
21038,8270.394,10000000
21039,8274.331,10000000
21040,8272.657,10000000
21041,8279.515,10000000
21042,8267.297,10000000
21043,8262.728,10000000
21044,8284.444,10000000
21045,8272.136,10000000
21046,8276.467,10000000
21047,8283.703,10000000
21048,8260.526,10000000
21049,8245.804,10000000
21050,8259.019,10000000
21051,8261.569,10000000
21052,8340.791,10000000
21053,8759.234,10000000
21054,8813.490,10000000
21055,8470.812,10000000
21056,8370.623,10000000
21057,8304.021,10000000
21058,8291.440,10000000
21059,8263.888,10000000
21060,8284.553,10000000
21061,8260.875,10000000
21062,8261.226,10000000
21063,8249.615,10000000
21064,8270.550,10000000
21065,8251.484,10000000
21066,8258.308,10000000
21067,8252.455,10000000
21068,8253.855,10000000
21069,8271.181,10000000
21070,8258.051,10000000
21071,8269.922,10000000
21072,8278.735,10000000
21073,8291.636,10000000
21074,8286.156,10000000
21075,8271.653,10000000
21076,8262.381,10000000
21077,8254.722,10000000
21078,8261.882,10000000
21079,8263.248,10000000
21080,8272.924,10000000
21081,8264.287,10000000
21082,8263.681,10000000
21083,8271.104,10000000
21084,8270.084,10000000
21085,8271.826,10000000
21086,8268.605,10000000
21087,8275.224,10000000
21088,8274.000,10000000
21089,8265.871,10000000
21090,8238.066,10000000
21091,8229.894,10000000
21092,8253.073,10000000
21093,8257.478,10000000
21094,8256.514,10000000
21095,8261.760,10000000
21096,8251.556,10000000
21097,8252.652,10000000
21098,8249.113,10000000
21099,8259.055,10000000
21100,8261.059,10000000
21101,8276.646,10000000
21102,8271.347,10000000
21103,8286.394,10000000
21104,8269.688,10000000
21105,8251.173,10000000
21106,8353.312,10000000
21107,8770.425,10000000
21108,8806.242,10000000
21109,8456.568,10000000
21110,8355.618,10000000
21111,8310.807,10000000
21112,8286.095,10000000
21113,8281.094,10000000
21114,8274.304,10000000
21115,8271.056,10000000
21116,8272.813,10000000
21117,8249.672,10000000
21118,8228.881,10000000
21119,8222.891,10000000
21120,8246.196,10000000
21121,8256.645,10000000
21122,8256.441,10000000
21123,8239.590,10000000
21124,8267.591,10000000
21125,8269.190,10000000
21126,8271.896,10000000
21127,8281.381,10000000
21128,8284.179,10000000
21129,8311.490,10000000
21130,8298.989,10000000
21131,8281.264,10000000
21132,8253.994,10000000
21133,8246.933,10000000
21134,8264.203,10000000
21135,8256.758,10000000
21136,8272.296,10000000
21137,8266.022,10000000
21138,8270.952,10000000
21139,8270.747,10000000
21140,8287.553,10000000
21141,8277.253,10000000
21142,8281.252,10000000
21143,8278.797,10000000
21144,8290.542,10000000
21145,8267.022,10000000
21146,8262.113,10000000
21147,8256.771,10000000
21148,8272.535,10000000
21149,8270.379,10000000
21150,8277.066,10000000
21151,8261.950,10000000
21152,8267.613,10000000
21153,8254.528,10000000
21154,8273.099,10000000
21155,8283.264,10000000
21156,8299.016,10000000
21157,8293.433,10000000
21158,8273.200,10000000
21159,8271.977,10000000
21160,8399.850,10000000
21161,8785.748,10000000
21162,8796.184,10000000
21163,8441.290,10000000
21164,8387.743,10000000
21165,8231.978,10000000
21166,8172.601,10000000
21167,8154.624,10000000
21168,8146.930,10000000
21169,8144.520,10000000
21170,8141.646,10000000
21171,8149.574,10000000
21172,8141.891,10000000
21173,8143.056,10000000
21174,8125.846,10000000
21175,8144.547,10000000
21176,8158.935,10000000
21177,8159.569,10000000
21178,8152.214,10000000
21179,8154.695,10000000
21180,8159.628,10000000
21181,8152.444,10000000
21182,8157.465,10000000
21183,8147.188,10000000
21184,8143.633,10000000
21185,8151.000,10000000
21186,8164.001,10000000
21187,8164.556,10000000
21188,8156.833,10000000
21189,8147.787,10000000
21190,8149.655,10000000
21191,8155.421,10000000
21192,8168.777,10000000
21193,8154.672,10000000
21194,8160.578,10000000
21195,8165.304,10000000
21196,8162.443,10000000
21197,8163.885,10000000
21198,8148.353,10000000
21199,8140.315,10000000
21200,8148.355,10000000
21201,8154.562,10000000
21202,8143.710,10000000
21203,8138.322,10000000
21204,8151.628,10000000
21205,8150.464,10000000
21206,8139.260,10000000
21207,8153.755,10000000
21208,8153.109,10000000
21209,8131.382,10000000
21210,8124.500,10000000
21211,8142.983,10000000
21212,8138.105,10000000
21213,8130.106,10000000
21214,8306.989,10000000
21215,8747.394,10000000
21216,8713.885,10000000
21217,8355.748,10000000
21218,8278.718,10000000
21219,8198.725,10000000
21220,8155.930,10000000
21221,8155.210,10000000
21222,8152.010,10000000
21223,8137.203,10000000
21224,8119.264,10000000
21225,8140.559,10000000
21226,8133.951,10000000
21227,8131.912,10000000
21228,8127.586,10000000
21229,8141.722,10000000
21230,8149.504,10000000
21231,8153.056,10000000
21232,8147.556,10000000
21233,8143.065,10000000
21234,8151.447,10000000
21235,8159.398,10000000
21236,8158.037,10000000
21237,8148.051,10000000
21238,8146.037,10000000
21239,8144.149,10000000
21240,8134.278,10000000
21241,8138.880,10000000
21242,8142.930,10000000
21243,8124.815,10000000
21244,8118.166,10000000
21245,8117.958,10000000
21246,8118.852,10000000
21247,8128.258,10000000
21248,8125.004,10000000
21249,8122.771,10000000
21250,8128.731,10000000
21251,8133.459,10000000
21252,8144.317,10000000
21253,8128.020,10000000
21254,8134.233,10000000
21255,8129.424,10000000
21256,8134.226,10000000
21257,8129.754,10000000
21258,8128.341,10000000
21259,8118.763,10000000
21260,8116.911,10000000
21261,8118.630,10000000
21262,8122.115,10000000
21263,8131.695,10000000
21264,8135.704,10000000
21265,8136.021,10000000
21266,8133.149,10000000
21267,8143.067,10000000
21268,8329.103,10000000
21269,8734.678,10000000
21270,8664.036,10000000
21271,8333.639,10000000
21272,8401.232,10000000
21273,8365.262,10000000
21274,8217.127,10000000
21275,8169.238,10000000
21276,8149.980,10000000
21277,8142.068,10000000
21278,8142.827,10000000
21279,8145.722,10000000
21280,8148.273,10000000
21281,8141.757,10000000
21282,8148.932,10000000
21283,8134.162,10000000
21284,8131.773,10000000
21285,8129.297,10000000
21286,8129.958,10000000
21287,8121.795,10000000
21288,8138.060,10000000
21289,8122.989,10000000
21290,8131.630,10000000
21291,8132.459,10000000
21292,8130.555,10000000
21293,8130.492,10000000
21294,8125.496,10000000
21295,8140.685,10000000
21296,8139.970,10000000
21297,8124.829,10000000
21298,8119.630,10000000
21299,8130.376,10000000
21300,8135.663,10000000
21301,8154.228,10000000
21302,8158.083,10000000
21303,8144.947,10000000
21304,8154.371,10000000
21305,8135.840,10000000
21306,8140.887,10000000
21307,8141.445,10000000
21308,8139.987,10000000
21309,8141.979,10000000
21310,8132.468,10000000
21311,8133.242,10000000
21312,8122.485,10000000
21313,8138.165,10000000
21314,8141.272,10000000
21315,8135.157,10000000
21316,8144.459,10000000
21317,8145.974,10000000
21318,8141.568,10000000
21319,8134.021,10000000
21320,8139.445,10000000
21321,8148.200,10000000
21322,8359.691,10000000
21323,8750.704,10000000
21324,8644.587,10000000
21325,8323.694,10000000
21326,8236.170,10000000
21327,8176.566,10000000
21328,8152.417,10000000
21329,8147.587,10000000
21330,8133.060,10000000
21331,8131.949,10000000
21332,8139.774,10000000
21333,8153.185,10000000
21334,8135.843,10000000
21335,8127.258,10000000
21336,8123.478,10000000
21337,8138.087,10000000
21338,8136.221,10000000
21339,8128.425,10000000
21340,8125.183,10000000
21341,8120.433,10000000
21342,8127.847,10000000
21343,8139.298,10000000
21344,8136.503,10000000
21345,8142.197,10000000
21346,8149.934,10000000
21347,8133.663,10000000
21348,8135.503,10000000
21349,8145.703,10000000
21350,8141.778,10000000
21351,8129.349,10000000
21352,8133.681,10000000
21353,8128.309,10000000
21354,8129.451,10000000
21355,8117.935,10000000
21356,8129.819,10000000
21357,8134.405,10000000
21358,8122.086,10000000
21359,8120.312,10000000
21360,8121.949,10000000
21361,8124.724,10000000
21362,8120.255,10000000
21363,8121.035,10000000
21364,8125.615,10000000
21365,8125.832,10000000
21366,8117.023,10000000
21367,8123.908,10000000
21368,8118.611,10000000
21369,8133.580,10000000
21370,8127.689,10000000
21371,8135.839,10000000
21372,8146.385,10000000
21373,8148.178,10000000
21374,8143.197,10000000
21375,8118.720,10000000
21376,8363.741,10000000
21377,8758.184,10000000
21378,8633.916,10000000
21379,8302.582,10000000
21380,8229.852,10000000
21381,8161.397,10000000
21382,8152.594,10000000
21383,8164.857,10000000
21384,8151.319,10000000
21385,8136.687,10000000
21386,8131.342,10000000
21387,8132.971,10000000
21388,8127.286,10000000
21389,8116.346,10000000
21390,8118.945,10000000
21391,8134.717,10000000
21392,8127.799,10000000
21393,8131.528,10000000
21394,8129.099,10000000
21395,8150.356,10000000
21396,8136.651,10000000
21397,8152.094,10000000
21398,8129.762,10000000
21399,8134.118,10000000
21400,8135.440,10000000
21401,8155.683,10000000
21402,8150.024,10000000
21403,8137.215,10000000
21404,8134.015,10000000
21405,8138.185,10000000
21406,8136.399,10000000
21407,8131.112,10000000
21408,8131.201,10000000
21409,8132.036,10000000
21410,8137.942,10000000
21411,8131.535,10000000
21412,8122.349,10000000
21413,8130.905,10000000
21414,8133.113,10000000
21415,8136.638,10000000
21416,8133.818,10000000
21417,8132.382,10000000
21418,8130.934,10000000
21419,8128.961,10000000
21420,8125.513,10000000
21421,8138.984,10000000
21422,8132.492,10000000
21423,8128.600,10000000
21424,8122.978,10000000
21425,8127.849,10000000
21426,8123.970,10000000
21427,8129.110,10000000
21428,8149.557,10000000
21429,8155.773,10000000
21430,8407.940,10000000
21431,8766.227,10000000
21432,8611.424,10000000
21433,8303.023,10000000
21434,8228.603,10000000
21435,8162.297,10000000
21436,8146.538,10000000
21437,8130.839,10000000
21438,8112.841,10000000
21439,8118.778,10000000
21440,8129.271,10000000
21441,8132.353,10000000
21442,8118.328,10000000
21443,8130.662,10000000
21444,8137.926,10000000
21445,8119.237,10000000
21446,8141.865,10000000
21447,8144.529,10000000
21448,8126.918,10000000
21449,8119.655,10000000
21450,8107.360,10000000
21451,8123.317,10000000
21452,8123.242,10000000
21453,8132.178,10000000
21454,8124.990,10000000
21455,8112.707,10000000
21456,8121.379,10000000
21457,8118.868,10000000
21458,8134.209,10000000
21459,8124.235,10000000
21460,8124.034,10000000
21461,8124.429,10000000
21462,8124.706,10000000
21463,8135.307,10000000
21464,8131.075,10000000
21465,8137.572,10000000
21466,8128.568,10000000
21467,8134.429,10000000
21468,8120.474,10000000
21469,8125.139,10000000
21470,8135.461,10000000
21471,8118.181,10000000
21472,8130.235,10000000
21473,8133.935,10000000
21474,8146.511,10000000
21475,8144.459,10000000
21476,8138.424,10000000
21477,8140.295,10000000
21478,8139.589,10000000
21479,8142.939,10000000
21480,8134.409,10000000
21481,8115.345,10000000
21482,8122.271,10000000
21483,8130.047,10000000
21484,8412.828,10000000
21485,8764.255,10000000
21486,8605.086,10000000
21487,8314.825,10000000
21488,8242.317,10000000
21489,8173.215,10000000
21490,8155.460,10000000
21491,8128.835,10000000
21492,8121.499,10000000
21493,8132.801,10000000
21494,8140.578,10000000
21495,8138.332,10000000
21496,8133.710,10000000
21497,8133.402,10000000
21498,8119.365,10000000
21499,8135.150,10000000
21500,8140.121,10000000
21501,8143.821,10000000
21502,8139.165,10000000
21503,8131.471,10000000
21504,8141.152,10000000
21505,8132.687,10000000
21506,8131.449,10000000
21507,8132.577,10000000
21508,8144.913,10000000
21509,8137.813,10000000
21510,8147.613,10000000
21511,8141.384,10000000
21512,8149.977,10000000
21513,8149.383,10000000
21514,8157.486,10000000
21515,8147.647,10000000
21516,8148.093,10000000
21517,8138.533,10000000
21518,8136.060,10000000
21519,8123.255,10000000
21520,8124.991,10000000
21521,8122.521,10000000
21522,8118.547,10000000
21523,8130.565,10000000
21524,8145.262,10000000
21525,8131.191,10000000
21526,8133.803,10000000
21527,8122.965,10000000
21528,8133.049,10000000
21529,8145.716,10000000
21530,8145.363,10000000
21531,8141.333,10000000
21532,8154.156,10000000
21533,8154.661,10000000
21534,8137.989,10000000
21535,8141.224,10000000
21536,8146.787,10000000
21537,8150.454,10000000
21538,8448.164,10000000
21539,8782.978,10000000
21540,8584.830,10000000
21541,8296.995,10000000
21542,8495.549,10000000
21543,8318.072,10000000
21544,8186.411,10000000
21545,8118.340,10000000
21546,8115.356,10000000
21547,8105.190,10000000
21548,8117.457,10000000
21549,8122.242,10000000
21550,8108.679,10000000
21551,8108.242,10000000
21552,8103.161,10000000
21553,8103.663,10000000
21554,8096.079,10000000
21555,8105.711,10000000
21556,8114.002,10000000
21557,8126.911,10000000
21558,8130.900,10000000
21559,8126.417,10000000
21560,8121.875,10000000
21561,8129.946,10000000
21562,8136.924,10000000
21563,8126.004,10000000
21564,8127.720,10000000
21565,8113.337,10000000
21566,8113.383,10000000
21567,8116.032,10000000
21568,8125.184,10000000
21569,8127.405,10000000
21570,8111.971,10000000
21571,8114.836,10000000
21572,8123.257,10000000
21573,8137.668,10000000
21574,8140.490,10000000
21575,8123.896,10000000
21576,8131.213,10000000
21577,8107.294,10000000
21578,8121.591,10000000
21579,8131.215,10000000
21580,8131.268,10000000
21581,8132.840,10000000
21582,8136.080,10000000
21583,8145.664,10000000
21584,8132.167,10000000
21585,8132.152,10000000
21586,8119.140,10000000
21587,8127.695,10000000
21588,8121.494,10000000
21589,8124.854,10000000
21590,8118.749,10000000
21591,8129.710,10000000
21592,8473.474,10000000
21593,8786.744,10000000
21594,8561.907,10000000
21595,8300.057,10000000
21596,8237.432,10000000
21597,8167.379,10000000
21598,8150.412,10000000
21599,8136.765,10000000
21600,8133.818,10000000
21601,8132.896,10000000
21602,8125.991,10000000
21603,8125.750,10000000
21604,8125.880,10000000
21605,8138.505,10000000
21606,8140.396,10000000
21607,8146.022,10000000
21608,8142.352,10000000
21609,8129.301,10000000
21610,8140.083,10000000
21611,8158.709,10000000
21612,8140.472,10000000
21613,8139.260,10000000
21614,8153.174,10000000
21615,8145.073,10000000
21616,8146.841,10000000
21617,8133.068,10000000
21618,8118.505,10000000
21619,8119.616,10000000
21620,8112.019,10000000
21621,8117.617,10000000
21622,8114.009,10000000
21623,8124.542,10000000
21624,8126.648,10000000
21625,8128.745,10000000
21626,8127.766,10000000
21627,8115.246,10000000
21628,8120.497,10000000
21629,8132.466,10000000
21630,8141.441,10000000
21631,8145.525,10000000
21632,8137.694,10000000
21633,8127.994,10000000
21634,8132.095,10000000
21635,8125.142,10000000
21636,8113.902,10000000
21637,8124.946,10000000
21638,8110.958,10000000
21639,8112.802,10000000
21640,8114.366,10000000
21641,8106.991,10000000
21642,8117.551,10000000
21643,8112.907,10000000
21644,8114.411,10000000
21645,8115.060,10000000
21646,8472.510,10000000
21647,8772.636,10000000
21648,8529.730,10000000
21649,8277.151,10000000
21650,8208.103,10000000
21651,8164.211,10000000
21652,8140.282,10000000
21653,8134.138,10000000
21654,8130.301,10000000
21655,8125.963,10000000
21656,8120.202,10000000
21657,8129.523,10000000
21658,8128.023,10000000
21659,8125.153,10000000
21660,8117.979,10000000
21661,8121.340,10000000
21662,8127.101,10000000
21663,8123.765,10000000
21664,8129.319,10000000
21665,8117.542,10000000
21666,8126.048,10000000
21667,8124.594,10000000
21668,8106.957,10000000
21669,8112.593,10000000
21670,8108.396,10000000
21671,8124.320,10000000
21672,8135.450,10000000
21673,8118.787,10000000
21674,8126.167,10000000
21675,8115.500,10000000
21676,8122.638,10000000
21677,8130.002,10000000
21678,8145.319,10000000
21679,8138.191,10000000
21680,8136.511,10000000
21681,8134.351,10000000
21682,8131.261,10000000
21683,8135.390,10000000
21684,8128.042,10000000
21685,8120.748,10000000
21686,8129.801,10000000
21687,8122.006,10000000
21688,8143.158,10000000
21689,8116.057,10000000
21690,8127.303,10000000
21691,8115.732,10000000
21692,8117.587,10000000
21693,8132.012,10000000
21694,8116.829,10000000
21695,8132.273,10000000
21696,8148.833,10000000
21697,8124.830,10000000
21698,8124.331,10000000
21699,8125.985,10000000
21700,8500.960,10000000
21701,8797.677,10000000
21702,8517.968,10000000
21703,8255.565,10000000
21704,8191.791,10000000
21705,8136.815,10000000
21706,8124.184,10000000
21707,8109.072,10000000
21708,8099.741,10000000
21709,8124.505,10000000
21710,8121.436,10000000
21711,8128.833,10000000
21712,8130.040,10000000
21713,8141.211,10000000
21714,8133.157,10000000
21715,8134.584,10000000
21716,8131.766,10000000
21717,8133.296,10000000
21718,8110.191,10000000
21719,8118.485,10000000
21720,8108.132,10000000
21721,8117.381,10000000
21722,8116.248,10000000
21723,8124.431,10000000
21724,8135.286,10000000
21725,8125.556,10000000
21726,8112.444,10000000
21727,8131.542,10000000
21728,8129.313,10000000
21729,8137.200,10000000
21730,8133.576,10000000
21731,8134.671,10000000
21732,8126.404,10000000
21733,8130.140,10000000
21734,8130.566,10000000
21735,8128.236,10000000
21736,8114.551,10000000
21737,8124.641,10000000
21738,8122.567,10000000
21739,8132.813,10000000
21740,8134.376,10000000
21741,8119.544,10000000
21742,8132.140,10000000
21743,8121.625,10000000
21744,8134.228,10000000
21745,8124.205,10000000
21746,8144.748,10000000
21747,8143.328,10000000
21748,8133.664,10000000
21749,8138.287,10000000
21750,8124.110,10000000
21751,8125.097,10000000
21752,8119.618,10000000
21753,8116.623,10000000
21754,8512.742,10000000
21755,8792.848,10000000
21756,8486.698,10000000
21757,8256.333,10000000
21758,5484.062,10000000
21759,2610.373,10000000
21760,1547.011,10000000
21761,1154.025,10000000
21762,1008.691,10000000
21763,954.026,10000000
21764,935.274,10000000
21765,927.504,10000000
21766,925.070,10000000
21767,923.960,10000000
21768,923.912,10000000
21769,924.680,10000000
21770,923.982,10000000
21771,924.111,10000000
21772,922.711,10000000
21773,922.607,10000000
21774,922.667,10000000
21775,923.113,10000000
21776,922.011,10000000
21777,922.102,10000000
21778,922.134,10000000
21779,922.567,10000000
21780,922.572,10000000
21781,922.377,10000000
21782,923.100,10000000
21783,922.866,10000000
21784,922.013,10000000
21785,921.984,10000000
21786,922.151,10000000
21787,921.976,10000000
21788,921.640,10000000
21789,921.829,10000000
21790,922.332,10000000
21791,922.223,10000000
21792,922.549,10000000
21793,922.805,10000000
21794,923.463,10000000
21795,924.025,10000000
21796,924.020,10000000
21797,922.276,10000000
21798,922.338,10000000
21799,922.071,10000000
21800,922.412,10000000
21801,923.217,10000000
21802,922.488,10000000
21803,921.427,10000000
21804,921.318,10000000
21805,922.475,10000000
21806,921.217,10000000
21807,920.413,10000000
21808,920.930,10000000
21809,920.672,10000000
21810,920.542,10000000
21811,920.319,10000000
21812,919.746,10000000
21813,921.025,10000000
21814,921.117,10000000
21815,921.431,10000000
21816,921.114,10000000
21817,920.977,10000000
21818,920.113,10000000
21819,918.942,10000000
21820,920.238,10000000
21821,919.850,10000000
21822,920.514,10000000
21823,919.849,10000000
21824,918.905,10000000
21825,920.278,10000000
21826,921.045,10000000
21827,920.266,10000000
21828,920.395,10000000
21829,920.289,10000000
21830,920.654,10000000
21831,921.229,10000000
21832,920.589,10000000
21833,919.873,10000000
21834,919.855,10000000
21835,919.488,10000000
21836,920.103,10000000
21837,920.332,10000000
21838,920.266,10000000
21839,920.136,10000000
21840,920.551,10000000
21841,921.355,10000000
21842,921.079,10000000
21843,920.459,10000000
21844,921.667,10000000
21845,921.648,10000000
21846,922.025,10000000
21847,921.386,10000000
21848,920.802,10000000
21849,920.012,10000000
21850,920.742,10000000
21851,921.274,10000000
21852,921.704,10000000
21853,921.166,10000000
21854,922.035,10000000
21855,921.799,10000000
21856,921.415,10000000
21857,921.257,10000000
21858,920.172,10000000
21859,918.649,10000000
21860,919.688,10000000
21861,920.030,10000000
21862,919.687,10000000
21863,919.121,10000000
21864,919.116,10000000
21865,920.173,10000000
21866,920.230,10000000
21867,919.506,10000000
21868,918.928,10000000
21869,919.083,10000000
21870,919.175,10000000
21871,918.664,10000000
21872,919.610,10000000
21873,919.039,10000000
21874,919.226,10000000
21875,919.682,10000000
21876,920.065,10000000
21877,919.810,10000000
21878,918.595,10000000
21879,918.906,10000000
21880,920.824,10000000
21881,920.169,10000000
21882,920.593,10000000
21883,919.312,10000000
21884,918.679,10000000
21885,918.742,10000000
21886,918.142,10000000
21887,917.852,10000000
21888,918.893,10000000
21889,918.659,10000000
21890,918.289,10000000
21891,918.300,10000000
21892,918.081,10000000
21893,917.813,10000000
21894,916.945,10000000
21895,918.033,10000000
21896,917.564,10000000
21897,917.502,10000000
21898,917.123,10000000
21899,917.649,10000000
21900,917.947,10000000
21901,917.654,10000000
21902,918.492,10000000
21903,918.796,10000000
21904,918.147,10000000
21905,916.190,10000000
21906,915.802,10000000
21907,917.386,10000000
21908,918.006,10000000
21909,917.681,10000000
21910,917.878,10000000
21911,918.292,10000000
21912,918.810,10000000
21913,917.967,10000000
21914,918.256,10000000
21915,918.190,10000000
21916,918.549,10000000
21917,917.340,10000000
21918,918.474,10000000
21919,918.041,10000000
21920,917.250,10000000
21921,917.126,10000000
21922,916.946,10000000
21923,915.656,10000000
21924,915.760,10000000
21925,916.239,10000000
21926,916.733,10000000
21927,915.654,10000000
21928,917.615,10000000
21929,917.135,10000000
21930,917.507,10000000
21931,916.877,10000000
21932,917.403,10000000
21933,917.407,10000000
21934,917.686,10000000
21935,916.693,10000000
21936,916.089,10000000
21937,918.175,10000000
21938,917.814,10000000
21939,917.322,10000000
21940,916.115,10000000
21941,915.894,10000000
21942,917.439,10000000
21943,918.116,10000000
21944,917.612,10000000
21945,917.594,10000000
21946,916.910,10000000
21947,917.033,10000000
21948,916.393,10000000
21949,916.713,10000000
21950,916.197,10000000
21951,915.044,10000000
21952,914.455,10000000
21953,916.955,10000000
21954,917.988,10000000
21955,917.645,10000000
21956,917.210,10000000
21957,916.703,10000000
21958,916.473,10000000
21959,916.725,10000000
21960,917.239,10000000
21961,917.234,10000000
21962,916.485,10000000
21963,917.565,10000000
21964,916.280,10000000
21965,915.489,10000000
21966,915.997,10000000
21967,916.426,10000000
21968,916.496,10000000
21969,917.427,10000000
21970,918.381,10000000
21971,916.787,10000000
21972,916.461,10000000
21973,917.156,10000000
21974,917.612,10000000
21975,917.273,10000000
21976,916.235,10000000
21977,917.287,10000000
21978,917.264,10000000
21979,916.971,10000000
21980,916.373,10000000
21981,916.891,10000000
21982,916.538,10000000
21983,915.561,10000000
21984,916.217,10000000
21985,916.068,10000000
21986,915.821,10000000
21987,913.444,10000000
21988,913.637,10000000
21989,914.041,10000000
21990,914.597,10000000
21991,914.691,10000000
21992,914.895,10000000
21993,915.721,10000000
21994,916.275,10000000
21995,917.068,10000000
21996,915.775,10000000
21997,915.534,10000000
21998,915.243,10000000
21999,915.539,10000000
22000,915.278,10000000
22001,915.388,10000000
22002,914.398,10000000
22003,914.613,10000000
22004,916.042,10000000
22005,916.158,10000000
22006,915.701,10000000
22007,914.856,10000000
22008,915.659,10000000
22009,916.196,10000000
22010,916.742,10000000
22011,916.263,10000000
22012,916.204,10000000
22013,915.916,10000000
22014,916.316,10000000
22015,916.262,10000000
22016,916.446,10000000
22017,916.504,10000000
22018,915.448,10000000
22019,916.314,10000000
22020,915.376,10000000
22021,914.447,10000000
22022,915.748,10000000
22023,913.915,10000000
22024,914.231,10000000
22025,913.726,10000000
22026,914.965,10000000
22027,913.859,10000000
22028,914.553,10000000
22029,914.847,10000000
22030,915.316,10000000
22031,916.336,10000000
22032,917.147,10000000
22033,916.916,10000000
22034,915.868,10000000
22035,918.122,10000000
22036,917.168,10000000
22037,916.053,10000000
22038,914.977,10000000
22039,916.470,10000000
22040,915.394,10000000
22041,914.687,10000000
22042,914.684,10000000
22043,914.117,10000000
22044,915.341,10000000
22045,914.701,10000000
22046,915.579,10000000
22047,915.067,10000000
22048,914.539,10000000
22049,914.747,10000000
22050,914.507,10000000
22051,913.769,10000000
22052,912.744,10000000
22053,913.635,10000000
22054,914.250,10000000
22055,914.341,10000000
22056,913.136,10000000
22057,912.869,10000000
22058,913.775,10000000
22059,914.092,10000000
22060,914.622,10000000
22061,915.466,10000000
22062,914.023,10000000
22063,913.673,10000000
22064,913.489,10000000
22065,914.004,10000000
22066,913.365,10000000
22067,913.826,10000000
22068,913.019,10000000
22069,912.633,10000000
22070,910.766,10000000
22071,919.253,10000000
22072,925.427,10000000
22073,926.520,10000000
22074,924.970,10000000
22075,908.745,10000000
22076,913.561,10000000
22077,922.377,10000000
22078,925.193,10000000
22079,926.634,10000000
22080,928.091,10000000
22081,928.056,10000000
22082,927.570,10000000
22083,933.341,10000000
22084,935.144,10000000
22085,935.489,10000000
22086,934.129,10000000
22087,934.619,10000000
22088,934.715,10000000
22089,933.732,10000000
22090,933.830,10000000
22091,934.306,10000000
22092,933.540,10000000
22093,934.488,10000000
22094,934.552,10000000
22095,933.815,10000000
22096,935.360,10000000
22097,935.023,10000000
22098,934.263,10000000
22099,933.326,10000000
22100,932.876,10000000
22101,932.006,10000000
22102,932.734,10000000
22103,933.001,10000000
22104,932.469,10000000
22105,932.472,10000000
22106,932.835,10000000
22107,932.818,10000000
22108,931.711,10000000
22109,933.262,10000000
22110,932.216,10000000
22111,933.435,10000000
22112,933.969,10000000
22113,932.398,10000000
22114,931.708,10000000
22115,931.503,10000000
22116,931.985,10000000
22117,931.643,10000000
22118,932.222,10000000
22119,931.487,10000000
22120,931.389,10000000
22121,931.881,10000000
22122,931.144,10000000
22123,932.191,10000000
22124,931.842,10000000
22125,931.457,10000000
22126,931.863,10000000
22127,931.752,10000000
22128,932.834,10000000
22129,933.818,10000000
22130,931.952,10000000
22131,931.794,10000000
22132,930.999,10000000
22133,932.375,10000000
22134,931.791,10000000
22135,931.762,10000000
22136,931.393,10000000
22137,930.672,10000000
22138,930.781,10000000
22139,931.132,10000000
22140,929.906,10000000
22141,930.383,10000000
22142,931.757,10000000
22143,930.798,10000000
22144,932.241,10000000
22145,931.437,10000000
22146,930.550,10000000
22147,931.779,10000000
22148,931.831,10000000
22149,931.616,10000000
22150,930.658,10000000
22151,930.128,10000000
22152,930.919,10000000
22153,931.466,10000000
22154,930.561,10000000
22155,928.730,10000000
22156,929.316,10000000
22157,930.415,10000000
22158,930.849,10000000
22159,932.096,10000000
22160,930.259,10000000
22161,929.586,10000000
22162,930.807,10000000
22163,932.101,10000000
22164,930.998,10000000
22165,929.920,10000000
22166,928.501,10000000
22167,928.982,10000000
22168,930.638,10000000
22169,930.928,10000000
22170,929.810,10000000
22171,929.020,10000000
22172,930.383,10000000
22173,930.555,10000000
22174,931.255,10000000
22175,930.813,10000000
22176,929.888,10000000
22177,930.330,10000000
22178,930.127,10000000
22179,930.070,10000000
22180,929.808,10000000
22181,928.840,10000000
22182,930.195,10000000
22183,929.023,10000000
22184,929.573,10000000
22185,928.531,10000000
22186,928.708,10000000
22187,927.745,10000000
22188,928.351,10000000
22189,927.830,10000000
22190,927.540,10000000
22191,927.323,10000000
22192,927.617,10000000
22193,928.397,10000000
22194,927.755,10000000
22195,927.017,10000000
22196,927.855,10000000
22197,927.903,10000000
22198,929.521,10000000
22199,929.205,10000000
22200,929.335,10000000
22201,929.462,10000000
22202,929.141,10000000
22203,928.572,10000000
22204,928.607,10000000
22205,928.858,10000000
22206,928.728,10000000
22207,929.571,10000000
22208,928.888,10000000
22209,929.096,10000000
22210,929.279,10000000
22211,929.578,10000000
22212,928.878,10000000
22213,928.413,10000000
22214,928.049,10000000
22215,929.506,10000000
22216,929.153,10000000
22217,926.802,10000000
22218,925.192,10000000
22219,924.660,10000000
22220,924.231,10000000
22221,924.064,10000000
22222,925.000,10000000
22223,925.492,10000000
22224,925.314,10000000
22225,924.790,10000000
22226,924.005,10000000
22227,924.539,10000000
22228,925.297,10000000
22229,927.376,10000000
22230,928.128,10000000
22231,928.246,10000000
22232,926.406,10000000
22233,926.477,10000000
22234,926.738,10000000
22235,926.953,10000000
22236,927.432,10000000
22237,926.036,10000000
22238,926.364,10000000
22239,926.437,10000000
22240,927.357,10000000
22241,928.091,10000000
22242,926.499,10000000
22243,925.526,10000000
22244,926.603,10000000
22245,926.670,10000000
22246,927.723,10000000
22247,927.464,10000000
22248,926.445,10000000
22249,927.233,10000000
22250,927.544,10000000
22251,926.964,10000000
22252,927.026,10000000
22253,927.099,10000000
22254,926.324,10000000
22255,925.970,10000000
22256,925.875,10000000
22257,925.287,10000000
22258,924.651,10000000
22259,926.757,10000000
22260,927.544,10000000
22261,927.121,10000000
22262,926.097,10000000
22263,925.924,10000000
22264,925.454,10000000
22265,927.746,10000000
22266,927.112,10000000
22267,926.607,10000000
22268,926.569,10000000
22269,926.397,10000000
22270,925.402,10000000
22271,926.552,10000000
22272,926.294,10000000
22273,925.835,10000000
22274,925.090,10000000
22275,924.329,10000000
22276,924.067,10000000
22277,924.964,10000000
22278,924.715,10000000
22279,924.259,10000000
22280,925.879,10000000
22281,926.074,10000000
22282,925.999,10000000
22283,928.127,10000000
22284,926.819,10000000
22285,926.479,10000000
22286,926.392,10000000
22287,926.239,10000000
22288,926.098,10000000
22289,925.724,10000000
22290,925.464,10000000
22291,925.712,10000000
22292,926.411,10000000
22293,927.053,10000000
22294,924.982,10000000
22295,926.787,10000000
22296,927.174,10000000
22297,927.965,10000000
22298,927.090,10000000
22299,926.800,10000000
22300,926.486,10000000
22301,926.892,10000000
22302,926.694,10000000
22303,925.409,10000000
22304,925.279,10000000
22305,924.040,10000000
22306,924.979,10000000
22307,924.889,10000000
22308,925.617,10000000
22309,925.607,10000000
22310,926.120,10000000
22311,926.922,10000000
22312,926.623,10000000
22313,926.330,10000000
22314,925.313,10000000
22315,925.128,10000000
22316,925.100,10000000
22317,925.252,10000000
22318,925.836,10000000
22319,924.735,10000000
22320,924.184,10000000
22321,923.216,10000000
22322,925.044,10000000
22323,924.864,10000000
22324,925.681,10000000
22325,924.403,10000000
22326,923.951,10000000
22327,924.934,10000000
22328,925.444,10000000
22329,925.494,10000000
22330,926.839,10000000
22331,925.999,10000000
22332,926.292,10000000
22333,926.253,10000000
22334,925.239,10000000
22335,923.912,10000000
22336,922.843,10000000
22337,923.798,10000000
22338,923.916,10000000
22339,923.754,10000000
22340,923.421,10000000
22341,923.927,10000000
22342,924.983,10000000
22343,924.968,10000000
22344,924.447,10000000
22345,924.023,10000000
22346,924.012,10000000
22347,924.515,10000000
22348,924.282,10000000
22349,923.986,10000000
22350,923.902,10000000
22351,923.851,10000000
22352,923.279,10000000
22353,923.978,10000000
22354,922.946,10000000
22355,922.562,10000000
22356,923.413,10000000
22357,924.236,10000000
22358,924.163,10000000
22359,923.349,10000000
22360,923.765,10000000
22361,924.486,10000000
22362,923.448,10000000
22363,922.719,10000000
22364,923.429,10000000
22365,924.003,10000000
22366,923.819,10000000
22367,925.078,10000000
22368,924.941,10000000
22369,924.630,10000000
22370,923.862,10000000
22371,922.753,10000000
22372,924.004,10000000
22373,924.764,10000000
22374,923.938,10000000
22375,923.650,10000000
22376,923.712,10000000
22377,923.538,10000000
22378,924.515,10000000
22379,922.961,10000000
22380,922.220,10000000
22381,921.786,10000000
22382,923.454,10000000
22383,923.676,10000000
22384,924.852,10000000
22385,924.079,10000000
22386,923.665,10000000
22387,922.262,10000000
22388,923.314,10000000
22389,922.723,10000000
22390,924.105,10000000
22391,923.119,10000000
22392,924.139,10000000
22393,923.074,10000000
22394,923.701,10000000
22395,922.896,10000000
22396,922.312,10000000
22397,922.869,10000000
22398,923.190,10000000
22399,923.075,10000000
22400,924.020,10000000
22401,923.526,10000000
22402,922.758,10000000
22403,920.704,10000000
22404,920.974,10000000
22405,920.791,10000000
22406,921.141,10000000
22407,919.841,10000000
22408,919.708,10000000
22409,920.950,10000000
22410,921.731,10000000
22411,920.306,10000000
22412,921.567,10000000
22413,921.211,10000000
22414,921.377,10000000
22415,921.959,10000000
22416,922.043,10000000
22417,921.058,10000000
22418,920.507,10000000
22419,922.084,10000000
22420,922.187,10000000
22421,921.503,10000000
22422,921.902,10000000
22423,920.802,10000000
22424,921.724,10000000
22425,922.322,10000000
22426,922.297,10000000
22427,921.329,10000000
22428,921.263,10000000
22429,922.222,10000000
22430,921.508,10000000
22431,921.796,10000000
22432,922.460,10000000
22433,921.574,10000000
22434,921.247,10000000
22435,920.883,10000000
22436,920.328,10000000
22437,918.787,10000000
22438,920.015,10000000
22439,920.711,10000000
22440,921.537,10000000
22441,922.660,10000000
22442,921.071,10000000
22443,920.305,10000000
22444,920.839,10000000
22445,921.263,10000000
22446,921.618,10000000
22447,921.485,10000000
22448,921.703,10000000
22449,922.050,10000000
22450,921.566,10000000
22451,920.212,10000000
22452,920.579,10000000
22453,919.815,10000000
22454,921.145,10000000
22455,920.100,10000000
22456,920.805,10000000
22457,920.259,10000000
22458,918.318,10000000
22459,919.452,10000000
22460,920.152,10000000
22461,919.234,10000000
22462,919.642,10000000
22463,920.396,10000000
22464,920.483,10000000
22465,920.775,10000000
22466,920.039,10000000
22467,918.338,10000000
22468,918.947,10000000
22469,918.408,10000000
22470,919.473,10000000
22471,918.909,10000000
22472,919.349,10000000
22473,918.824,10000000
22474,917.875,10000000
22475,919.499,10000000
22476,919.046,10000000
22477,920.758,10000000
22478,918.878,10000000
22479,918.607,10000000
22480,919.417,10000000
22481,919.667,10000000
22482,919.129,10000000
22483,918.634,10000000
22484,919.126,10000000
22485,919.402,10000000
22486,920.655,10000000
22487,920.672,10000000
22488,919.758,10000000
22489,918.298,10000000
22490,919.060,10000000
22491,920.306,10000000
22492,919.752,10000000
22493,919.003,10000000
22494,918.793,10000000
22495,918.726,10000000
22496,919.011,10000000
22497,919.598,10000000
22498,919.062,10000000
22499,918.859,10000000
22500,919.565,10000000
22501,919.198,10000000
22502,919.819,10000000
22503,919.840,10000000
22504,919.363,10000000
22505,919.175,10000000
22506,919.046,10000000
22507,919.834,10000000
22508,919.671,10000000
22509,918.503,10000000
22510,919.635,10000000
22511,919.637,10000000
22512,918.734,10000000
22513,919.318,10000000
22514,920.743,10000000
22515,920.273,10000000
22516,919.981,10000000
22517,919.748,10000000
22518,919.589,10000000
22519,919.825,10000000
22520,919.324,10000000
22521,918.797,10000000
22522,918.613,10000000
22523,918.550,10000000
22524,919.242,10000000
22525,918.991,10000000
22526,918.513,10000000
22527,919.150,10000000
22528,917.554,10000000
22529,918.364,10000000
22530,918.716,10000000
22531,918.948,10000000
22532,919.889,10000000
22533,919.263,10000000
22534,918.889,10000000
22535,918.294,10000000
22536,918.851,10000000
22537,919.673,10000000
22538,918.978,10000000
22539,919.235,10000000
22540,919.479,10000000
22541,918.954,10000000
22542,918.788,10000000
22543,918.586,10000000
22544,918.954,10000000
22545,919.477,10000000
22546,917.949,10000000
22547,917.772,10000000
22548,918.546,10000000
22549,918.193,10000000
22550,917.561,10000000
22551,915.575,10000000
22552,917.061,10000000
22553,918.332,10000000
22554,917.041,10000000
22555,916.560,10000000
22556,916.737,10000000
22557,917.422,10000000
22558,916.018,10000000
22559,916.496,10000000
22560,916.289,10000000
22561,917.916,10000000
22562,918.513,10000000
22563,918.572,10000000
22564,917.797,10000000
22565,918.152,10000000
22566,917.108,10000000
22567,916.814,10000000
22568,917.068,10000000
22569,916.760,10000000
22570,916.596,10000000
22571,915.869,10000000
22572,917.022,10000000
22573,916.973,10000000
22574,916.407,10000000
22575,916.971,10000000
22576,917.204,10000000
22577,917.285,10000000
22578,917.438,10000000
22579,918.054,10000000
22580,918.119,10000000
22581,916.967,10000000
22582,917.627,10000000
22583,917.733,10000000
22584,917.322,10000000
22585,917.083,10000000
22586,916.523,10000000
22587,916.885,10000000
22588,917.211,10000000
22589,917.115,10000000
22590,915.787,10000000
22591,915.556,10000000
22592,916.976,10000000
22593,916.434,10000000
22594,915.901,10000000
22595,916.535,10000000
22596,916.274,10000000
22597,916.366,10000000
22598,916.247,10000000
22599,916.288,10000000
22600,915.971,10000000
22601,917.001,10000000
22602,917.117,10000000
22603,916.020,10000000
22604,915.829,10000000
22605,915.339,10000000
22606,915.816,10000000
22607,915.535,10000000
22608,914.095,10000000
22609,915.393,10000000
22610,915.642,10000000
22611,915.241,10000000
22612,914.110,10000000
22613,914.392,10000000
22614,916.076,10000000
22615,915.361,10000000
22616,915.426,10000000
22617,915.207,10000000
22618,914.939,10000000
22619,914.636,10000000
22620,916.630,10000000
22621,915.316,10000000
22622,914.269,10000000
22623,914.188,10000000
22624,914.951,10000000
22625,914.594,10000000
22626,914.495,10000000
22627,914.766,10000000
22628,914.071,10000000
22629,915.036,10000000
22630,914.616,10000000
22631,915.289,10000000
22632,914.348,10000000
22633,913.938,10000000
22634,914.565,10000000
22635,915.199,10000000
22636,914.808,10000000
22637,914.972,10000000
22638,913.465,10000000
22639,915.608,10000000
22640,914.847,10000000
22641,914.895,10000000
22642,914.677,10000000
22643,914.397,10000000
22644,913.860,10000000
22645,915.670,10000000
22646,917.706,10000000
22647,917.363,10000000
22648,917.301,10000000
22649,917.053,10000000
22650,916.490,10000000
22651,915.386,10000000
22652,915.948,10000000
22653,916.027,10000000
22654,916.105,10000000
22655,915.094,10000000
22656,915.671,10000000
22657,915.390,10000000
22658,915.072,10000000
22659,916.053,10000000
22660,915.913,10000000
22661,916.008,10000000
22662,917.724,10000000
22663,916.938,10000000
22664,917.981,10000000
22665,918.075,10000000
22666,917.435,10000000
22667,916.761,10000000
22668,915.538,10000000
22669,915.554,10000000
22670,916.215,10000000
22671,915.326,10000000
22672,915.672,10000000
22673,914.644,10000000
22674,913.975,10000000
22675,914.768,10000000
22676,914.217,10000000
22677,913.416,10000000
22678,913.448,10000000
22679,914.074,10000000
22680,914.394,10000000
22681,914.729,10000000
22682,915.593,10000000
22683,915.794,10000000
22684,915.975,10000000
22685,916.464,10000000
22686,915.506,10000000
22687,914.047,10000000
22688,914.209,10000000
22689,914.766,10000000
22690,915.774,10000000
22691,915.022,10000000
22692,914.553,10000000
22693,913.104,10000000
22694,913.428,10000000
22695,913.180,10000000
22696,914.190,10000000
22697,914.483,10000000
22698,913.219,10000000
22699,913.796,10000000
22700,915.064,10000000
22701,914.751,10000000
22702,913.531,10000000
22703,913.769,10000000
22704,915.002,10000000
22705,915.101,10000000
22706,913.591,10000000
22707,914.054,10000000
22708,914.278,10000000
22709,913.542,10000000
22710,913.591,10000000
22711,913.000,10000000
22712,912.840,10000000
22713,913.121,10000000
22714,912.759,10000000
22715,912.575,10000000
22716,913.636,10000000
22717,912.774,10000000
22718,912.511,10000000
22719,912.038,10000000
22720,912.959,10000000
22721,913.937,10000000
22722,912.844,10000000
22723,911.799,10000000
22724,912.614,10000000
22725,913.305,10000000
22726,912.796,10000000
22727,912.660,10000000
22728,914.314,10000000
22729,911.589,10000000
22730,911.260,10000000
22731,912.852,10000000
22732,912.560,10000000
22733,910.909,10000000
22734,911.327,10000000
22735,912.077,10000000
22736,912.828,10000000
22737,912.558,10000000
22738,913.211,10000000
22739,912.547,10000000
22740,912.188,10000000
22741,911.669,10000000
22742,912.195,10000000
22743,910.764,10000000
22744,908.763,10000000
22745,910.132,10000000
22746,911.167,10000000
22747,910.847,10000000
22748,912.291,10000000
22749,912.742,10000000
22750,912.961,10000000
22751,912.408,10000000
22752,912.950,10000000
22753,913.116,10000000
22754,913.217,10000000
22755,912.185,10000000
22756,913.675,10000000
22757,913.177,10000000
22758,913.408,10000000
22759,912.831,10000000
22760,911.968,10000000
22761,912.448,10000000
22762,912.815,10000000
22763,913.206,10000000
22764,912.174,10000000
22765,912.604,10000000
22766,911.976,10000000
22767,912.008,10000000
22768,911.839,10000000
22769,911.118,10000000
22770,911.507,10000000
22771,912.571,10000000
22772,913.164,10000000
22773,913.720,10000000
22774,913.059,10000000
22775,913.025,10000000
22776,912.932,10000000
22777,914.410,10000000
22778,913.526,10000000
22779,912.338,10000000
22780,911.897,10000000
22781,911.822,10000000
22782,912.377,10000000
22783,912.880,10000000
22784,911.828,10000000
22785,910.953,10000000
22786,910.477,10000000
22787,910.627,10000000
22788,910.400,10000000
22789,910.241,10000000
22790,909.681,10000000
22791,911.350,10000000
22792,911.947,10000000
22793,913.120,10000000
22794,912.212,10000000
22795,911.164,10000000
22796,911.076,10000000
22797,911.313,10000000
22798,911.826,10000000
22799,910.763,10000000
22800,910.221,10000000
22801,909.700,10000000
22802,909.681,10000000
22803,910.520,10000000
22804,909.198,10000000
22805,909.606,10000000
22806,910.358,10000000
22807,910.789,10000000
22808,910.916,10000000
22809,910.894,10000000
22810,909.789,10000000
22811,910.649,10000000
22812,910.978,10000000
22813,910.405,10000000
22814,909.570,10000000
22815,908.486,10000000
22816,908.815,10000000
22817,909.194,10000000
22818,911.117,10000000
22819,911.000,10000000
22820,910.650,10000000
22821,908.700,10000000
22822,909.195,10000000
22823,908.678,10000000
22824,909.544,10000000
22825,910.262,10000000
22826,909.532,10000000
22827,909.116,10000000
22828,911.160,10000000
22829,910.039,10000000
22830,909.540,10000000
22831,909.759,10000000
22832,909.618,10000000
22833,909.246,10000000
22834,909.422,10000000
22835,909.308,10000000
22836,909.626,10000000
22837,910.095,10000000
22838,909.255,10000000
22839,910.928,10000000
22840,909.732,10000000
22841,909.870,10000000
22842,908.456,10000000
22843,908.124,10000000
22844,908.051,10000000
22845,908.263,10000000
22846,908.158,10000000
22847,908.775,10000000
22848,908.827,10000000
22849,908.880,10000000
22850,909.411,10000000
22851,909.845,10000000
22852,909.633,10000000
22853,907.898,10000000
22854,908.932,10000000
22855,909.556,10000000
22856,910.360,10000000
22857,910.364,10000000
22858,910.609,10000000
22859,910.414,10000000
22860,911.203,10000000
22861,911.360,10000000
22862,910.147,10000000
22863,911.555,10000000
22864,911.774,10000000
22865,911.649,10000000
22866,910.980,10000000
22867,909.745,10000000
22868,908.908,10000000
22869,909.915,10000000
22870,910.187,10000000
22871,909.705,10000000
22872,909.495,10000000
22873,910.075,10000000
22874,909.276,10000000
22875,909.787,10000000
22876,910.851,10000000
22877,910.195,10000000
22878,910.545,10000000
22879,910.436,10000000
22880,910.715,10000000
22881,910.364,10000000
22882,909.966,10000000
22883,910.172,10000000
22884,911.882,10000000
22885,912.374,10000000
22886,910.614,10000000
22887,909.838,10000000
22888,909.248,10000000
22889,910.469,10000000
22890,910.704,10000000
22891,911.013,10000000
22892,910.023,10000000
22893,909.719,10000000
22894,909.794,10000000
22895,910.111,10000000
22896,910.335,10000000
22897,910.154,10000000
22898,909.572,10000000
22899,909.732,10000000
22900,910.708,10000000
22901,910.507,10000000
22902,910.620,10000000
22903,910.785,10000000
22904,909.231,10000000
22905,909.566,10000000
22906,909.533,10000000
22907,909.373,10000000
22908,909.307,10000000
22909,909.154,10000000
22910,909.280,10000000
22911,910.096,10000000
22912,908.633,10000000
22913,909.813,10000000
22914,909.057,10000000
22915,908.418,10000000
22916,909.815,10000000
22917,908.191,10000000
22918,907.704,10000000
22919,907.822,10000000
22920,907.549,10000000
22921,907.407,10000000
22922,907.450,10000000
22923,907.471,10000000
22924,908.888,10000000
22925,907.883,10000000
22926,908.911,10000000
22927,908.186,10000000
22928,909.550,10000000
22929,909.842,10000000
22930,910.456,10000000
22931,910.358,10000000
22932,910.428,10000000
22933,909.688,10000000
22934,909.929,10000000
22935,909.011,10000000
22936,908.613,10000000
22937,910.225,10000000
22938,909.360,10000000
22939,908.010,10000000
22940,907.283,10000000
22941,908.840,10000000
22942,909.797,10000000
22943,908.999,10000000
22944,908.332,10000000
22945,909.640,10000000
22946,911.475,10000000
22947,910.199,10000000
22948,909.351,10000000
22949,909.648,10000000
22950,910.526,10000000
22951,909.121,10000000
22952,909.160,10000000
22953,908.900,10000000
22954,908.433,10000000
22955,908.629,10000000
22956,908.365,10000000
22957,909.187,10000000
22958,908.926,10000000
22959,908.636,10000000
22960,908.945,10000000
22961,908.700,10000000
22962,909.216,10000000
22963,908.817,10000000
22964,909.241,10000000
22965,908.455,10000000
22966,909.220,10000000
22967,909.299,10000000
22968,908.782,10000000
22969,908.452,10000000
22970,908.415,10000000
22971,908.302,10000000
22972,908.133,10000000
22973,909.282,10000000
22974,908.786,10000000
22975,907.742,10000000
22976,908.493,10000000
22977,909.015,10000000
22978,909.447,10000000
22979,909.505,10000000
22980,908.269,10000000
22981,908.737,10000000
22982,909.232,10000000
22983,909.019,10000000
22984,907.823,10000000
22985,908.352,10000000
22986,907.863,10000000
22987,908.199,10000000
22988,908.753,10000000
22989,908.421,10000000
22990,906.992,10000000
22991,907.554,10000000
22992,906.686,10000000
22993,907.279,10000000
22994,906.469,10000000
22995,906.973,10000000
22996,906.861,10000000
22997,907.840,10000000
22998,908.331,10000000
22999,908.804,10000000
23000,908.760,10000000
23001,908.795,10000000
23002,909.241,10000000
23003,908.921,10000000
23004,907.464,10000000
23005,907.821,10000000
23006,907.487,10000000
23007,908.415,10000000
23008,909.275,10000000
23009,909.706,10000000
23010,908.422,10000000
23011,908.359,10000000
23012,907.914,10000000
23013,907.679,10000000
23014,907.776,10000000
23015,908.590,10000000
23016,908.510,10000000
23017,907.712,10000000
23018,906.963,10000000
23019,908.214,10000000
23020,907.002,10000000
23021,906.619,10000000
23022,906.214,10000000
23023,907.487,10000000
23024,908.073,10000000
23025,907.828,10000000
23026,907.377,10000000
23027,907.501,10000000
23028,908.242,10000000
23029,908.239,10000000
23030,908.277,10000000
23031,907.602,10000000
23032,907.979,10000000
23033,907.511,10000000
23034,907.791,10000000
23035,907.034,10000000
23036,906.811,10000000
23037,907.152,10000000
23038,906.540,10000000
23039,905.943,10000000
23040,906.270,10000000
23041,905.399,10000000
23042,904.643,10000000
23043,904.284,10000000
23044,906.077,10000000
23045,906.783,10000000
23046,906.621,10000000
23047,907.380,10000000
23048,906.608,10000000
23049,906.680,10000000
23050,907.120,10000000
23051,906.962,10000000
23052,906.935,10000000
23053,906.519,10000000
23054,907.018,10000000
23055,905.964,10000000
23056,905.515,10000000
23057,905.776,10000000
23058,905.661,10000000
23059,906.749,10000000
23060,906.712,10000000
23061,902.180,10000000
23062,913.247,10000000
23063,919.455,10000000
23064,920.811,10000000
23065,917.521,10000000
23066,902.277,10000000
23067,906.696,10000000
23068,916.728,10000000
23069,920.234,10000000
23070,920.857,10000000
23071,921.067,10000000
23072,921.068,10000000
23073,921.066,10000000
23074,926.597,10000000
23075,928.108,10000000
23076,928.143,10000000
23077,928.410,10000000
23078,928.193,10000000
23079,928.652,10000000
23080,929.410,10000000
23081,927.870,10000000
23082,929.674,10000000
23083,928.883,10000000
23084,929.283,10000000
23085,929.807,10000000
23086,929.331,10000000
23087,927.171,10000000
23088,927.711,10000000
23089,927.438,10000000
23090,928.564,10000000
23091,929.022,10000000
23092,927.979,10000000
23093,928.701,10000000
23094,928.507,10000000
23095,928.468,10000000
23096,929.315,10000000
23097,929.277,10000000
23098,927.921,10000000
23099,928.369,10000000
23100,928.579,10000000
23101,929.420,10000000
23102,927.901,10000000
23103,926.008,10000000
23104,927.888,10000000
23105,927.757,10000000
23106,927.123,10000000
23107,926.689,10000000
23108,926.539,10000000
23109,926.831,10000000
23110,927.697,10000000
23111,928.032,10000000
23112,927.381,10000000
23113,927.270,10000000
23114,926.972,10000000
23115,927.180,10000000
23116,927.149,10000000
23117,925.989,10000000
23118,925.907,10000000
23119,927.208,10000000
23120,926.776,10000000
23121,927.447,10000000
23122,927.207,10000000
23123,927.638,10000000
23124,927.692,10000000
23125,928.395,10000000
23126,930.026,10000000
23127,929.960,10000000
23128,927.633,10000000
23129,927.731,10000000
23130,927.123,10000000
23131,926.300,10000000
23132,926.335,10000000
23133,926.631,10000000
23134,926.736,10000000
23135,926.699,10000000
23136,926.851,10000000
23137,926.100,10000000
23138,926.410,10000000
23139,926.740,10000000
23140,925.133,10000000
23141,926.500,10000000
23142,927.144,10000000
23143,926.052,10000000
23144,926.234,10000000
23145,926.182,10000000
23146,925.704,10000000
23147,925.719,10000000
23148,925.554,10000000
23149,924.913,10000000
23150,925.745,10000000
23151,925.990,10000000
23152,925.388,10000000
23153,925.032,10000000
23154,924.810,10000000
23155,924.848,10000000
23156,924.449,10000000
23157,924.380,10000000
23158,925.296,10000000
23159,924.294,10000000
23160,924.528,10000000
23161,924.615,10000000
23162,924.427,10000000
23163,923.641,10000000
23164,923.846,10000000
23165,924.997,10000000
23166,926.028,10000000
23167,925.540,10000000
23168,924.288,10000000
23169,924.458,10000000
23170,924.215,10000000
23171,924.363,10000000
23172,926.033,10000000
23173,925.912,10000000
23174,924.225,10000000
23175,923.482,10000000
23176,924.534,10000000
23177,924.971,10000000
23178,924.755,10000000
23179,926.074,10000000
23180,925.543,10000000
23181,924.958,10000000
23182,925.189,10000000
23183,924.497,10000000
23184,923.809,10000000
23185,923.918,10000000
23186,925.380,10000000
23187,923.915,10000000
23188,924.954,10000000
23189,924.531,10000000
23190,924.604,10000000
23191,924.506,10000000
23192,924.812,10000000
23193,924.620,10000000
23194,924.473,10000000
23195,922.945,10000000
23196,924.246,10000000
23197,924.815,10000000
23198,924.786,10000000
23199,924.823,10000000
23200,924.638,10000000
23201,923.877,10000000
23202,924.206,10000000
23203,924.838,10000000
23204,923.804,10000000
23205,924.715,10000000
23206,923.218,10000000
23207,923.300,10000000
23208,924.105,10000000
23209,925.357,10000000
23210,924.147,10000000
23211,923.063,10000000
23212,923.523,10000000
23213,923.985,10000000
23214,923.619,10000000
23215,922.712,10000000
23216,923.335,10000000
23217,923.261,10000000
23218,923.665,10000000
23219,922.276,10000000
23220,921.900,10000000
23221,921.462,10000000
23222,921.841,10000000
23223,921.923,10000000
23224,922.470,10000000
23225,921.579,10000000
23226,921.853,10000000
23227,922.792,10000000
23228,922.736,10000000
23229,923.232,10000000
23230,923.043,10000000
23231,923.089,10000000
23232,922.663,10000000
23233,922.360,10000000
23234,922.332,10000000
23235,921.004,10000000
23236,922.419,10000000
23237,921.482,10000000
23238,921.756,10000000
23239,921.093,10000000
23240,922.114,10000000
23241,921.813,10000000
23242,920.620,10000000
23243,919.646,10000000
23244,921.663,10000000
23245,922.551,10000000
23246,922.487,10000000
23247,921.623,10000000
23248,922.375,10000000
23249,922.984,10000000
23250,921.951,10000000
23251,922.141,10000000
23252,922.162,10000000
23253,920.831,10000000
23254,921.160,10000000
23255,921.370,10000000
23256,920.571,10000000
23257,919.597,10000000
23258,920.131,10000000
23259,920.779,10000000
23260,921.267,10000000
23261,919.960,10000000
23262,919.593,10000000
23263,919.846,10000000
23264,920.151,10000000
23265,920.613,10000000
23266,921.004,10000000
23267,920.000,10000000
23268,921.097,10000000
23269,920.739,10000000
23270,921.596,10000000
23271,921.808,10000000
23272,921.275,10000000
23273,921.202,10000000
23274,920.681,10000000
23275,921.450,10000000
23276,921.196,10000000
23277,921.940,10000000
23278,921.302,10000000
23279,922.186,10000000
23280,923.160,10000000
23281,922.016,10000000
23282,922.472,10000000
23283,921.983,10000000
23284,921.041,10000000
23285,921.701,10000000
23286,920.650,10000000
23287,920.508,10000000
23288,920.011,10000000
23289,918.834,10000000
23290,920.464,10000000
23291,920.548,10000000
23292,919.218,10000000
23293,919.701,10000000
23294,920.266,10000000
23295,921.903,10000000
23296,921.706,10000000
23297,920.801,10000000
23298,920.485,10000000
23299,919.844,10000000
23300,919.981,10000000
23301,919.608,10000000
23302,920.047,10000000
23303,918.036,10000000
23304,919.130,10000000
23305,918.275,10000000
23306,919.093,10000000
23307,919.435,10000000
23308,918.490,10000000
23309,918.552,10000000
23310,918.837,10000000
23311,919.350,10000000
23312,918.861,10000000
23313,918.958,10000000
23314,918.432,10000000
23315,918.078,10000000
23316,918.809,10000000
23317,919.201,10000000
23318,919.124,10000000
23319,918.256,10000000
23320,917.600,10000000
23321,918.195,10000000
23322,918.296,10000000
23323,918.428,10000000
23324,917.671,10000000
23325,918.607,10000000
23326,919.137,10000000
23327,919.188,10000000
23328,918.296,10000000
23329,920.032,10000000
23330,919.901,10000000
23331,919.709,10000000
23332,918.262,10000000
23333,917.921,10000000
23334,917.776,10000000
23335,918.425,10000000
23336,918.933,10000000
23337,918.827,10000000
23338,918.671,10000000
23339,918.851,10000000
23340,918.983,10000000
23341,919.631,10000000
23342,919.197,10000000
23343,919.306,10000000
23344,918.788,10000000
23345,918.893,10000000
23346,919.622,10000000
23347,919.143,10000000
23348,918.637,10000000
23349,918.867,10000000
23350,919.300,10000000
23351,919.218,10000000
23352,920.351,10000000
23353,919.187,10000000
23354,918.160,10000000
23355,918.125,10000000
23356,918.646,10000000
23357,917.953,10000000
23358,917.871,10000000
23359,917.560,10000000
23360,917.934,10000000
23361,919.577,10000000
23362,918.974,10000000
23363,919.246,10000000
23364,918.265,10000000
23365,917.601,10000000
23366,917.034,10000000
23367,917.457,10000000
23368,917.387,10000000
23369,917.564,10000000
23370,917.821,10000000
23371,918.181,10000000
23372,917.817,10000000
23373,917.276,10000000
23374,916.369,10000000
23375,917.507,10000000
23376,918.678,10000000
23377,919.853,10000000
23378,918.635,10000000
23379,919.918,10000000
23380,919.594,10000000
23381,918.151,10000000
23382,918.892,10000000
23383,917.893,10000000
23384,916.740,10000000
23385,917.324,10000000
23386,916.862,10000000
23387,916.326,10000000
23388,916.672,10000000
23389,917.636,10000000
23390,918.027,10000000
23391,917.542,10000000
23392,917.426,10000000
23393,915.949,10000000
23394,916.367,10000000
23395,918.057,10000000
23396,918.622,10000000
23397,918.500,10000000
23398,918.706,10000000
23399,918.063,10000000
23400,917.994,10000000
23401,919.319,10000000
23402,918.282,10000000
23403,918.334,10000000
23404,916.330,10000000
23405,916.784,10000000
23406,917.646,10000000
23407,917.579,10000000
23408,917.247,10000000
23409,917.499,10000000
23410,917.310,10000000
23411,917.536,10000000
23412,917.987,10000000
23413,918.446,10000000
23414,918.788,10000000
23415,918.309,10000000
23416,918.312,10000000
23417,917.714,10000000
23418,917.181,10000000
23419,917.172,10000000
23420,916.494,10000000
23421,916.223,10000000
23422,916.984,10000000
23423,917.361,10000000
23424,917.720,10000000
23425,916.624,10000000
23426,917.457,10000000
23427,918.115,10000000
23428,916.729,10000000
23429,916.629,10000000
23430,917.079,10000000
23431,916.773,10000000
23432,917.332,10000000
23433,917.303,10000000
23434,916.881,10000000
23435,916.963,10000000
23436,915.487,10000000
23437,915.763,10000000
23438,916.881,10000000
23439,916.734,10000000
23440,915.049,10000000
23441,915.175,10000000
23442,916.271,10000000
23443,916.559,10000000
23444,916.512,10000000
23445,916.608,10000000
23446,917.451,10000000
23447,917.456,10000000
23448,917.667,10000000
23449,917.430,10000000
23450,918.137,10000000
23451,915.679,10000000
23452,915.164,10000000
23453,915.221,10000000
23454,914.732,10000000
23455,915.228,10000000
23456,915.116,10000000
23457,915.829,10000000
23458,916.913,10000000
23459,918.324,10000000
23460,916.652,10000000
23461,916.391,10000000
23462,915.457,10000000
23463,917.004,10000000
23464,917.947,10000000
23465,918.285,10000000
23466,916.504,10000000
23467,915.444,10000000
23468,915.216,10000000
23469,915.961,10000000
23470,916.098,10000000
23471,915.525,10000000
23472,916.269,10000000
23473,917.206,10000000
23474,916.655,10000000
23475,915.719,10000000
23476,915.692,10000000
23477,915.932,10000000
23478,916.577,10000000
23479,917.167,10000000
23480,916.911,10000000
23481,915.703,10000000
23482,916.019,10000000
23483,915.204,10000000
23484,914.022,10000000
23485,913.374,10000000
23486,914.128,10000000
23487,912.261,10000000
23488,915.010,10000000
23489,914.609,10000000
23490,914.139,10000000
23491,913.617,10000000
23492,914.726,10000000
23493,914.560,10000000
23494,915.610,10000000
23495,916.686,10000000
23496,915.671,10000000
23497,914.180,10000000
23498,913.828,10000000
23499,914.365,10000000
23500,914.732,10000000
23501,914.026,10000000
23502,914.187,10000000
23503,913.453,10000000
23504,913.858,10000000
23505,915.530,10000000
23506,914.473,10000000
23507,913.095,10000000
23508,913.612,10000000
23509,913.587,10000000
23510,913.711,10000000
23511,914.622,10000000
23512,913.622,10000000
23513,913.858,10000000
23514,913.772,10000000
23515,914.054,10000000
23516,914.177,10000000
23517,913.544,10000000
23518,912.825,10000000
23519,913.549,10000000
23520,914.254,10000000
23521,914.602,10000000
23522,915.642,10000000
23523,914.895,10000000
23524,914.871,10000000
23525,914.709,10000000
23526,914.955,10000000
23527,915.234,10000000
23528,915.468,10000000
23529,915.377,10000000
23530,914.925,10000000
23531,915.217,10000000
23532,914.619,10000000
23533,913.905,10000000
23534,913.798,10000000
23535,913.430,10000000
23536,914.365,10000000
23537,913.458,10000000
23538,913.320,10000000
23539,912.949,10000000
23540,913.460,10000000
23541,914.346,10000000
23542,913.828,10000000
23543,913.277,10000000
23544,913.410,10000000
23545,913.509,10000000
23546,912.154,10000000
23547,913.159,10000000
23548,912.683,10000000
23549,911.820,10000000
23550,913.005,10000000
23551,913.134,10000000
23552,912.874,10000000
23553,912.464,10000000
23554,912.397,10000000
23555,913.874,10000000
23556,914.642,10000000
23557,914.314,10000000
23558,912.745,10000000
23559,913.188,10000000
23560,913.234,10000000
23561,912.579,10000000
23562,911.879,10000000
23563,911.572,10000000
23564,912.760,10000000
23565,912.994,10000000
23566,912.953,10000000
23567,913.208,10000000
23568,912.400,10000000
23569,912.048,10000000
23570,912.453,10000000
23571,912.628,10000000
23572,913.145,10000000
23573,912.712,10000000
23574,911.727,10000000
23575,911.273,10000000
23576,911.856,10000000
23577,913.574,10000000
23578,912.062,10000000
23579,912.427,10000000
23580,912.181,10000000
23581,913.383,10000000
23582,913.762,10000000
23583,912.954,10000000
23584,913.974,10000000
23585,912.982,10000000
23586,911.927,10000000
23587,913.031,10000000
23588,913.065,10000000
23589,911.715,10000000
23590,911.348,10000000
23591,912.298,10000000
23592,912.059,10000000
23593,911.995,10000000
23594,911.828,10000000
23595,912.818,10000000
23596,912.939,10000000
23597,912.704,10000000
23598,912.620,10000000
23599,911.666,10000000
23600,912.222,10000000
23601,912.118,10000000
23602,912.767,10000000
23603,912.833,10000000
23604,913.025,10000000
23605,913.369,10000000
23606,913.646,10000000
23607,914.761,10000000
23608,914.783,10000000
23609,913.345,10000000
23610,912.604,10000000
23611,912.633,10000000
23612,913.759,10000000
23613,911.967,10000000
23614,913.034,10000000
23615,911.375,10000000
23616,912.467,10000000
23617,912.748,10000000
23618,912.659,10000000
23619,911.071,10000000
23620,910.437,10000000
23621,910.521,10000000
23622,911.646,10000000
23623,911.229,10000000
23624,911.882,10000000
23625,911.451,10000000
23626,912.443,10000000
23627,911.999,10000000
23628,913.088,10000000
23629,913.340,10000000
23630,912.869,10000000
23631,912.607,10000000
23632,911.165,10000000
23633,911.297,10000000
23634,910.295,10000000
23635,909.474,10000000
23636,910.656,10000000
23637,912.234,10000000
23638,911.685,10000000
23639,910.991,10000000
23640,911.248,10000000
23641,910.931,10000000
23642,913.173,10000000
23643,912.506,10000000
23644,912.137,10000000
23645,912.839,10000000
23646,912.162,10000000
23647,912.345,10000000
23648,913.038,10000000
23649,911.463,10000000
23650,912.290,10000000
23651,912.073,10000000
23652,911.405,10000000
23653,912.243,10000000
23654,912.314,10000000
23655,911.456,10000000
23656,911.476,10000000
23657,910.920,10000000
23658,912.314,10000000
23659,913.381,10000000
23660,912.997,10000000
23661,912.690,10000000
23662,913.279,10000000
23663,911.820,10000000
23664,911.915,10000000
23665,911.119,10000000
23666,911.190,10000000
23667,910.880,10000000
23668,911.617,10000000
23669,912.067,10000000
23670,910.390,10000000
23671,910.739,10000000
23672,910.934,10000000
23673,911.218,10000000
23674,912.084,10000000
23675,911.102,10000000
23676,910.822,10000000
23677,910.850,10000000
23678,911.636,10000000
23679,911.449,10000000
23680,911.884,10000000
23681,911.613,10000000
23682,911.845,10000000
23683,910.981,10000000
23684,910.736,10000000
23685,909.993,10000000
23686,910.028,10000000
23687,909.728,10000000
23688,909.421,10000000
23689,910.030,10000000
23690,909.543,10000000
23691,909.309,10000000
23692,910.911,10000000
23693,909.998,10000000
23694,910.617,10000000
23695,911.112,10000000
23696,910.895,10000000
23697,908.877,10000000
23698,909.271,10000000
23699,911.071,10000000
23700,911.537,10000000
23701,909.507,10000000
23702,909.601,10000000
23703,909.354,10000000
23704,909.573,10000000
23705,910.685,10000000
23706,910.484,10000000
23707,910.437,10000000
23708,910.131,10000000
23709,911.033,10000000
23710,910.951,10000000
23711,910.265,10000000
23712,911.001,10000000
23713,910.351,10000000
23714,912.163,10000000
23715,912.817,10000000
23716,912.779,10000000
23717,912.518,10000000
23718,912.063,10000000
23719,911.465,10000000
23720,911.461,10000000
23721,910.842,10000000
23722,910.110,10000000
23723,909.579,10000000
23724,909.370,10000000
23725,910.642,10000000
23726,910.322,10000000
23727,910.847,10000000
23728,910.349,10000000
23729,911.294,10000000
23730,910.626,10000000
23731,910.742,10000000
23732,910.036,10000000
23733,910.414,10000000
23734,909.032,10000000
23735,909.946,10000000
23736,910.380,10000000
23737,910.539,10000000
23738,910.712,10000000
23739,910.916,10000000
23740,910.439,10000000
23741,910.987,10000000
23742,911.033,10000000
23743,910.216,10000000
23744,910.747,10000000
23745,910.627,10000000
23746,911.430,10000000
23747,910.486,10000000
23748,911.035,10000000
23749,911.901,10000000
23750,912.730,10000000
23751,911.006,10000000
23752,909.575,10000000
23753,909.767,10000000
23754,909.147,10000000
23755,910.744,10000000
23756,910.671,10000000
23757,909.113,10000000
23758,909.317,10000000
23759,910.192,10000000
23760,910.604,10000000
23761,911.225,10000000
23762,911.160,10000000
23763,910.854,10000000
23764,911.748,10000000
23765,910.607,10000000
23766,910.187,10000000
23767,911.248,10000000
23768,909.985,10000000
23769,908.494,10000000
23770,909.167,10000000
23771,909.746,10000000
23772,909.310,10000000
23773,909.336,10000000
23774,909.821,10000000
23775,910.297,10000000
23776,910.262,10000000
23777,910.101,10000000
23778,909.247,10000000
23779,909.635,10000000
23780,910.120,10000000
23781,909.769,10000000
23782,909.794,10000000
23783,909.675,10000000
23784,909.914,10000000
23785,908.827,10000000
23786,909.609,10000000
23787,908.834,10000000
23788,908.169,10000000
23789,908.394,10000000
23790,908.513,10000000
23791,907.622,10000000
23792,909.337,10000000
23793,909.678,10000000
23794,909.879,10000000
23795,910.269,10000000
23796,910.277,10000000
23797,910.219,10000000
23798,908.424,10000000
23799,907.670,10000000
23800,908.336,10000000
23801,908.436,10000000
23802,909.535,10000000
23803,909.923,10000000
23804,908.835,10000000
23805,908.790,10000000
23806,907.774,10000000
23807,906.967,10000000
23808,907.039,10000000
23809,906.265,10000000
23810,906.428,10000000
23811,908.201,10000000
23812,907.858,10000000
23813,907.291,10000000
23814,907.250,10000000
23815,907.394,10000000
23816,908.263,10000000
23817,908.519,10000000
23818,907.464,10000000
23819,907.581,10000000
23820,907.253,10000000
23821,906.532,10000000
23822,908.463,10000000
23823,909.246,10000000
23824,909.515,10000000
23825,908.911,10000000
23826,908.066,10000000
23827,908.741,10000000
23828,909.601,10000000
23829,909.879,10000000
23830,909.288,10000000
23831,909.879,10000000
23832,909.453,10000000
23833,908.903,10000000
23834,908.730,10000000
23835,908.424,10000000
23836,908.139,10000000
23837,907.496,10000000
23838,908.142,10000000
23839,908.237,10000000
23840,907.290,10000000
23841,907.543,10000000
23842,908.196,10000000
23843,908.622,10000000
23844,907.534,10000000
23845,908.343,10000000
23846,908.125,10000000
23847,907.661,10000000
23848,906.989,10000000
23849,908.592,10000000
23850,908.517,10000000
23851,907.477,10000000
23852,906.947,10000000
23853,907.624,10000000
23854,906.760,10000000
23855,905.669,10000000
23856,906.494,10000000
23857,906.761,10000000
23858,908.285,10000000
23859,906.723,10000000
23860,905.852,10000000
23861,906.263,10000000
23862,906.809,10000000
23863,906.922,10000000
23864,907.799,10000000
23865,907.323,10000000
23866,907.662,10000000
23867,907.335,10000000
23868,907.103,10000000
23869,907.814,10000000
23870,908.305,10000000
23871,908.850,10000000
23872,909.240,10000000
23873,909.549,10000000
23874,908.261,10000000
23875,908.432,10000000
23876,908.831,10000000
23877,907.908,10000000
23878,908.920,10000000
23879,908.236,10000000
23880,907.523,10000000
23881,907.365,10000000
23882,907.155,10000000
23883,907.208,10000000
23884,907.546,10000000
23885,908.158,10000000
23886,906.376,10000000
23887,907.587,10000000
23888,907.002,10000000
23889,907.591,10000000
23890,908.111,10000000
23891,907.524,10000000
23892,907.291,10000000
23893,906.626,10000000
23894,907.895,10000000
23895,907.500,10000000
23896,908.244,10000000
23897,908.711,10000000
23898,907.775,10000000
23899,908.211,10000000
23900,907.333,10000000
23901,907.992,10000000
23902,908.346,10000000
23903,905.950,10000000
23904,906.441,10000000
23905,906.276,10000000
23906,907.231,10000000
23907,907.013,10000000
23908,907.449,10000000
23909,908.018,10000000
23910,909.019,10000000
23911,907.580,10000000
23912,907.972,10000000
23913,907.373,10000000
23914,908.149,10000000
23915,908.176,10000000
23916,906.906,10000000
23917,906.273,10000000
23918,906.975,10000000
23919,907.499,10000000
23920,907.233,10000000
23921,907.915,10000000
23922,907.365,10000000
23923,906.551,10000000
23924,906.232,10000000
23925,906.758,10000000
23926,907.706,10000000
23927,906.898,10000000
23928,907.212,10000000
23929,907.338,10000000
23930,907.548,10000000
23931,906.987,10000000
23932,906.584,10000000
23933,907.536,10000000
23934,906.356,10000000
23935,906.897,10000000
23936,906.231,10000000
23937,905.709,10000000
23938,905.758,10000000
23939,905.277,10000000
23940,906.107,10000000
23941,905.728,10000000
23942,904.836,10000000
23943,904.779,10000000
23944,905.485,10000000
23945,905.358,10000000
23946,906.863,10000000
23947,905.855,10000000
23948,905.690,10000000
23949,905.884,10000000
23950,906.158,10000000
23951,906.024,10000000
23952,904.835,10000000
23953,904.041,10000000
23954,903.946,10000000
23955,905.426,10000000
23956,905.255,10000000
23957,905.984,10000000
23958,905.813,10000000
23959,906.356,10000000
23960,907.201,10000000
23961,907.920,10000000
23962,907.659,10000000
23963,907.715,10000000
23964,907.032,10000000
23965,905.678,10000000
23966,906.548,10000000
23967,904.500,10000000
23968,905.867,10000000
23969,905.452,10000000
23970,905.922,10000000
23971,905.744,10000000
23972,905.759,10000000
23973,905.110,10000000
23974,905.024,10000000
23975,904.826,10000000
23976,904.597,10000000
23977,904.137,10000000
23978,903.901,10000000
23979,904.331,10000000
23980,904.635,10000000
23981,904.952,10000000
23982,905.961,10000000
23983,905.597,10000000
23984,904.677,10000000
23985,905.003,10000000
23986,905.349,10000000
23987,905.634,10000000
23988,904.647,10000000
23989,904.768,10000000
23990,905.327,10000000
23991,905.451,10000000
23992,904.711,10000000
23993,905.424,10000000
23994,905.981,10000000
23995,905.637,10000000
23996,905.150,10000000
23997,904.513,10000000
23998,905.719,10000000
23999,904.192,10000000
24000,904.227,10000000
24001,904.148,10000000
24002,904.956,10000000
24003,903.657,10000000
24004,903.726,10000000
24005,903.845,10000000
24006,904.485,10000000
24007,904.962,10000000
24008,905.701,10000000
24009,904.784,10000000
24010,903.898,10000000
24011,904.355,10000000
24012,904.258,10000000
24013,904.167,10000000
24014,904.539,10000000
24015,904.867,10000000
24016,904.544,10000000
24017,903.974,10000000
24018,904.207,10000000
24019,903.758,10000000
24020,904.614,10000000
24021,904.279,10000000
24022,904.515,10000000
24023,904.300,10000000
24024,904.330,10000000
24025,904.779,10000000
24026,905.673,10000000
24027,905.521,10000000
24028,905.989,10000000
24029,904.685,10000000
24030,903.633,10000000
24031,905.002,10000000
24032,904.341,10000000
24033,903.193,10000000
24034,903.929,10000000
24035,904.066,10000000
24036,903.137,10000000
24037,902.832,10000000
24038,903.522,10000000
24039,902.924,10000000
24040,903.324,10000000
24041,903.904,10000000
24042,904.855,10000000
24043,904.791,10000000
24044,903.729,10000000
24045,902.915,10000000
24046,903.782,10000000
24047,902.915,10000000
24048,903.846,10000000
24049,903.333,10000000
24050,901.532,10000000
24051,900.830,10000000
24052,899.243,10000000
24053,910.861,10000000
24054,916.957,10000000
24055,919.082,10000000
24056,908.499,10000000
24057,899.439,10000000
24058,909.936,10000000
24059,915.552,10000000
24060,917.027,10000000
24061,917.939,10000000
24062,918.358,10000000
24063,920.002,10000000
24064,923.147,10000000
24065,923.774,10000000
24066,924.695,10000000
24067,925.442,10000000
24068,925.308,10000000
24069,926.408,10000000
24070,926.017,10000000
24071,925.658,10000000
24072,924.924,10000000
24073,925.040,10000000
24074,925.684,10000000
24075,926.198,10000000
24076,925.247,10000000
24077,925.992,10000000
24078,925.654,10000000
24079,926.204,10000000
24080,925.174,10000000
24081,925.027,10000000
24082,924.557,10000000
24083,924.992,10000000
24084,924.891,10000000
24085,923.443,10000000
24086,924.325,10000000
24087,923.854,10000000
24088,923.613,10000000
24089,924.992,10000000
24090,924.663,10000000
24091,924.051,10000000
24092,923.145,10000000
24093,924.850,10000000
24094,925.336,10000000
24095,925.859,10000000
24096,925.428,10000000
24097,925.386,10000000
24098,925.494,10000000
24099,925.611,10000000
24100,924.654,10000000
24101,923.843,10000000
24102,923.531,10000000
24103,924.939,10000000
24104,924.146,10000000
24105,925.687,10000000
24106,925.098,10000000
24107,926.203,10000000
24108,926.073,10000000
24109,924.963,10000000
24110,923.602,10000000
24111,924.560,10000000
24112,924.951,10000000
24113,924.386,10000000
24114,924.300,10000000
24115,923.345,10000000
24116,922.245,10000000
24117,921.725,10000000
24118,922.546,10000000
24119,924.380,10000000
24120,923.872,10000000
24121,921.170,10000000
24122,922.102,10000000
24123,923.244,10000000
24124,922.794,10000000
24125,923.102,10000000
24126,922.565,10000000
24127,921.832,10000000
24128,922.145,10000000
24129,922.755,10000000
24130,922.561,10000000
24131,922.451,10000000
24132,922.707,10000000
24133,923.948,10000000
24134,923.614,10000000
24135,923.173,10000000
24136,923.395,10000000
24137,923.184,10000000
24138,924.219,10000000
24139,923.716,10000000
24140,922.996,10000000
24141,922.958,10000000
24142,923.375,10000000
24143,923.481,10000000
24144,922.373,10000000
24145,923.717,10000000
24146,922.768,10000000
24147,921.478,10000000
24148,921.646,10000000
24149,923.464,10000000
24150,923.841,10000000
24151,923.192,10000000
24152,921.481,10000000
24153,921.349,10000000
24154,922.569,10000000
24155,922.047,10000000
24156,921.774,10000000
24157,921.334,10000000
24158,921.513,10000000
24159,921.908,10000000
24160,921.168,10000000
24161,921.575,10000000
24162,921.199,10000000
24163,922.185,10000000
24164,922.745,10000000
24165,923.250,10000000
24166,924.038,10000000
24167,922.155,10000000
24168,921.968,10000000
24169,921.971,10000000
24170,922.183,10000000
24171,920.674,10000000
24172,921.942,10000000
24173,921.542,10000000
24174,922.010,10000000
24175,922.212,10000000
24176,921.641,10000000
24177,921.107,10000000
24178,921.315,10000000
24179,921.447,10000000
24180,921.832,10000000
24181,922.515,10000000
24182,920.997,10000000
24183,921.478,10000000
24184,920.770,10000000
24185,923.613,10000000
24186,922.988,10000000
24187,922.633,10000000
24188,921.973,10000000
24189,921.289,10000000
24190,921.836,10000000
24191,921.300,10000000
24192,921.319,10000000
24193,921.414,10000000
24194,920.777,10000000
24195,920.442,10000000
24196,921.688,10000000
24197,919.909,10000000
24198,921.836,10000000
24199,920.079,10000000
24200,920.970,10000000
24201,921.632,10000000
24202,919.870,10000000
24203,920.445,10000000
24204,920.576,10000000
24205,920.005,10000000
24206,919.886,10000000
24207,920.784,10000000
24208,921.180,10000000
24209,920.326,10000000
24210,919.844,10000000
24211,920.752,10000000
24212,922.414,10000000
24213,923.130,10000000
24214,921.725,10000000
24215,921.295,10000000
24216,921.677,10000000
24217,922.505,10000000
24218,921.422,10000000
24219,921.575,10000000
24220,919.583,10000000
24221,920.033,10000000
24222,919.758,10000000
24223,919.963,10000000
24224,918.568,10000000
24225,919.906,10000000
24226,920.354,10000000
24227,919.887,10000000
24228,919.676,10000000
24229,919.308,10000000
24230,920.655,10000000
24231,920.346,10000000
24232,919.602,10000000
24233,918.998,10000000
24234,919.243,10000000
24235,920.351,10000000
24236,920.019,10000000
24237,919.486,10000000
24238,919.120,10000000
24239,919.805,10000000
24240,919.460,10000000
24241,920.047,10000000
24242,919.685,10000000
24243,920.407,10000000
24244,918.408,10000000
24245,920.356,10000000
24246,920.950,10000000
24247,920.943,10000000
24248,920.401,10000000
24249,920.160,10000000
24250,920.029,10000000
24251,919.283,10000000
24252,919.509,10000000
24253,919.938,10000000
24254,919.124,10000000
24255,917.759,10000000
24256,919.054,10000000
24257,919.515,10000000
24258,919.551,10000000
24259,919.102,10000000
24260,919.337,10000000
24261,919.060,10000000
24262,920.377,10000000
24263,920.334,10000000
24264,918.904,10000000
24265,919.458,10000000
24266,919.041,10000000
24267,919.012,10000000
24268,920.508,10000000
24269,919.839,10000000
24270,919.229,10000000
24271,919.439,10000000
24272,918.603,10000000
24273,919.211,10000000
24274,920.513,10000000
24275,919.426,10000000
24276,919.487,10000000
24277,919.811,10000000
24278,920.120,10000000
24279,918.486,10000000
24280,917.638,10000000
24281,917.221,10000000
24282,917.583,10000000
24283,917.197,10000000
24284,918.112,10000000
24285,918.596,10000000
24286,918.853,10000000
24287,918.026,10000000
24288,918.197,10000000
24289,917.221,10000000
24290,917.416,10000000
24291,918.253,10000000
24292,919.324,10000000
24293,919.296,10000000
24294,918.521,10000000
24295,918.801,10000000
24296,918.112,10000000
24297,917.614,10000000
24298,918.041,10000000
24299,918.520,10000000
24300,917.854,10000000
24301,917.720,10000000
24302,917.637,10000000
24303,917.896,10000000
24304,918.524,10000000
24305,918.750,10000000
24306,917.062,10000000
24307,917.854,10000000
24308,919.035,10000000
24309,920.042,10000000
24310,919.999,10000000
24311,919.709,10000000
24312,917.542,10000000
24313,918.026,10000000
24314,918.538,10000000
24315,918.621,10000000
24316,917.231,10000000
24317,915.487,10000000
24318,916.050,10000000
24319,917.636,10000000
24320,917.034,10000000
24321,916.140,10000000
24322,915.819,10000000
24323,917.145,10000000
24324,916.687,10000000
24325,916.901,10000000
24326,917.692,10000000
24327,917.858,10000000
24328,917.055,10000000
24329,918.245,10000000
24330,917.074,10000000
24331,916.459,10000000
24332,916.185,10000000
24333,916.956,10000000
24334,916.435,10000000
24335,918.098,10000000
24336,916.787,10000000
24337,915.867,10000000
24338,915.397,10000000
24339,916.624,10000000
24340,916.947,10000000
24341,916.791,10000000
24342,916.709,10000000
24343,916.824,10000000
24344,917.421,10000000
24345,917.729,10000000
24346,917.918,10000000
24347,916.669,10000000
24348,916.514,10000000
24349,917.074,10000000
24350,916.864,10000000
24351,916.147,10000000
24352,916.058,10000000
24353,915.557,10000000
24354,916.323,10000000
24355,917.274,10000000
24356,915.781,10000000
24357,916.112,10000000
24358,915.422,10000000
24359,915.703,10000000
24360,915.107,10000000
24361,915.539,10000000
24362,916.197,10000000
24363,916.058,10000000
24364,915.715,10000000
24365,916.140,10000000
24366,915.300,10000000
24367,915.761,10000000
24368,915.828,10000000
24369,916.257,10000000
24370,916.919,10000000
24371,916.836,10000000
24372,916.342,10000000
24373,915.638,10000000
24374,915.676,10000000
24375,916.151,10000000
24376,916.032,10000000
24377,916.547,10000000
24378,916.668,10000000
24379,915.328,10000000
24380,916.071,10000000
24381,915.553,10000000
24382,916.347,10000000
24383,914.632,10000000
24384,913.449,10000000
24385,913.894,10000000
24386,915.532,10000000
24387,914.338,10000000
24388,915.692,10000000
24389,915.451,10000000
24390,914.617,10000000
24391,915.757,10000000
24392,916.190,10000000
24393,914.412,10000000
24394,914.388,10000000
24395,914.813,10000000
24396,914.556,10000000
24397,914.082,10000000
24398,914.431,10000000
24399,914.123,10000000
24400,914.500,10000000
24401,914.897,10000000
24402,915.821,10000000
24403,916.059,10000000
24404,915.111,10000000
24405,914.165,10000000
24406,915.397,10000000
24407,914.532,10000000
24408,913.932,10000000
24409,915.304,10000000
24410,916.261,10000000
24411,917.251,10000000
24412,916.561,10000000
24413,916.092,10000000
24414,915.261,10000000
24415,915.243,10000000
24416,915.465,10000000
24417,914.784,10000000
24418,914.438,10000000
24419,914.578,10000000
24420,913.901,10000000
24421,915.872,10000000
24422,914.026,10000000
24423,916.637,10000000
24424,915.790,10000000
24425,915.240,10000000
24426,914.508,10000000
24427,914.904,10000000
24428,915.440,10000000
24429,914.292,10000000
24430,915.258,10000000
24431,915.905,10000000
24432,915.703,10000000
24433,915.436,10000000
24434,915.618,10000000
24435,915.302,10000000
24436,915.678,10000000
24437,916.259,10000000
24438,914.113,10000000
24439,913.551,10000000
24440,913.499,10000000
24441,914.197,10000000
24442,914.121,10000000
24443,914.603,10000000
24444,913.743,10000000
24445,912.974,10000000
24446,913.605,10000000
24447,914.468,10000000
24448,914.102,10000000
24449,914.522,10000000
24450,914.073,10000000
24451,915.201,10000000
24452,914.877,10000000
24453,914.351,10000000
24454,913.241,10000000
24455,913.698,10000000
24456,913.996,10000000
24457,913.724,10000000
24458,913.123,10000000
24459,912.128,10000000
24460,912.225,10000000
24461,913.939,10000000
24462,913.148,10000000
24463,913.236,10000000
24464,913.693,10000000
24465,913.679,10000000
24466,913.341,10000000
24467,913.406,10000000
24468,913.484,10000000
24469,913.434,10000000
24470,913.143,10000000
24471,913.579,10000000
24472,913.867,10000000
24473,913.716,10000000
24474,912.400,10000000
24475,912.153,10000000
24476,911.532,10000000
24477,912.178,10000000
24478,913.770,10000000
24479,914.383,10000000
24480,913.808,10000000
24481,913.694,10000000
24482,915.090,10000000
24483,914.706,10000000
24484,913.649,10000000
24485,914.842,10000000
24486,913.949,10000000
24487,914.503,10000000
24488,913.182,10000000
24489,912.861,10000000
24490,913.214,10000000
24491,912.527,10000000
24492,913.074,10000000
24493,913.415,10000000
24494,912.738,10000000
24495,913.719,10000000
24496,913.480,10000000
24497,913.779,10000000
24498,914.794,10000000
24499,915.385,10000000
24500,915.613,10000000
24501,915.106,10000000
24502,914.543,10000000
24503,915.025,10000000
24504,913.713,10000000
24505,914.092,10000000
24506,913.215,10000000
24507,912.256,10000000
24508,912.867,10000000
24509,914.931,10000000
24510,913.209,10000000
24511,912.606,10000000
24512,912.364,10000000
24513,913.883,10000000
24514,913.312,10000000
24515,912.138,10000000
24516,913.220,10000000
24517,912.285,10000000
24518,913.167,10000000
24519,912.185,10000000
24520,911.508,10000000
24521,911.596,10000000
24522,911.686,10000000
24523,912.653,10000000
24524,912.517,10000000
24525,911.662,10000000
24526,912.511,10000000
24527,911.811,10000000
24528,911.619,10000000
24529,911.530,10000000
24530,911.714,10000000
24531,912.116,10000000
24532,912.330,10000000
24533,910.932,10000000
24534,911.096,10000000
24535,910.315,10000000
24536,910.508,10000000
24537,909.980,10000000
24538,910.769,10000000
24539,912.060,10000000
24540,910.787,10000000
24541,911.170,10000000
24542,911.529,10000000
24543,912.474,10000000
24544,911.653,10000000
24545,912.349,10000000
24546,912.009,10000000
24547,912.984,10000000
24548,911.934,10000000
24549,911.696,10000000
24550,912.328,10000000
24551,912.020,10000000
24552,911.504,10000000
24553,912.699,10000000
24554,912.312,10000000
24555,911.942,10000000
24556,911.209,10000000
24557,911.211,10000000
24558,911.939,10000000
24559,912.381,10000000
24560,911.527,10000000
24561,911.901,10000000
24562,911.531,10000000
24563,911.090,10000000
24564,910.650,10000000
24565,912.119,10000000
24566,912.205,10000000
24567,912.896,10000000
24568,913.409,10000000
24569,913.959,10000000
24570,913.046,10000000
24571,912.600,10000000
24572,912.589,10000000
24573,911.678,10000000
24574,912.485,10000000
24575,913.437,10000000
24576,913.403,10000000
24577,914.307,10000000
24578,914.634,10000000
24579,914.497,10000000
24580,915.178,10000000
24581,914.286,10000000
24582,913.503,10000000
24583,915.148,10000000
24584,914.284,10000000
24585,914.397,10000000
24586,913.505,10000000
24587,911.844,10000000
24588,911.507,10000000
24589,911.659,10000000
24590,912.232,10000000
24591,912.620,10000000
24592,912.137,10000000
24593,912.222,10000000
24594,912.126,10000000
24595,913.638,10000000
24596,912.119,10000000
24597,912.024,10000000
24598,912.912,10000000
24599,911.672,10000000
24600,912.398,10000000
24601,912.543,10000000
24602,912.204,10000000
24603,910.724,10000000
24604,911.582,10000000
24605,912.217,10000000
24606,913.138,10000000
24607,911.653,10000000
24608,912.355,10000000
24609,911.845,10000000
24610,911.773,10000000
24611,912.434,10000000
24612,912.177,10000000
24613,911.890,10000000
24614,913.152,10000000
24615,913.247,10000000
24616,913.117,10000000
24617,914.126,10000000
24618,912.722,10000000
24619,912.818,10000000
24620,913.305,10000000
24621,911.220,10000000
24622,911.634,10000000
24623,910.873,10000000
24624,911.830,10000000
24625,912.119,10000000
24626,912.085,10000000
24627,911.469,10000000
24628,911.580,10000000
24629,913.219,10000000
24630,912.005,10000000
24631,912.640,10000000
24632,911.476,10000000
24633,911.148,10000000
24634,911.464,10000000
24635,911.012,10000000
24636,910.210,10000000
24637,910.261,10000000
24638,910.303,10000000
24639,909.967,10000000
24640,910.026,10000000
24641,909.675,10000000
24642,909.335,10000000
24643,911.776,10000000
24644,911.792,10000000
24645,910.711,10000000
24646,912.077,10000000
24647,911.485,10000000
24648,911.297,10000000
24649,910.727,10000000
24650,911.297,10000000
24651,910.775,10000000
24652,910.374,10000000
24653,909.966,10000000
24654,909.103,10000000
24655,909.045,10000000
24656,910.935,10000000
24657,909.894,10000000
24658,909.050,10000000
24659,909.478,10000000
24660,910.170,10000000
24661,910.028,10000000
24662,909.756,10000000
24663,910.989,10000000
24664,910.929,10000000
24665,911.105,10000000
24666,911.567,10000000
24667,911.139,10000000
24668,910.926,10000000
24669,909.494,10000000
24670,910.998,10000000
24671,910.217,10000000
24672,909.691,10000000
24673,910.464,10000000
24674,909.569,10000000
24675,910.072,10000000
24676,909.207,10000000
24677,910.238,10000000
24678,910.565,10000000
24679,909.007,10000000
24680,910.068,10000000
24681,909.755,10000000
24682,909.862,10000000
24683,910.005,10000000
24684,908.308,10000000
24685,908.560,10000000
24686,909.061,10000000
24687,910.095,10000000
24688,908.742,10000000
24689,909.225,10000000
24690,907.501,10000000
24691,906.897,10000000
24692,908.343,10000000
24693,909.262,10000000
24694,909.173,10000000
24695,908.554,10000000
24696,908.034,10000000
24697,908.530,10000000
24698,910.245,10000000
24699,911.236,10000000
24700,910.282,10000000
24701,909.625,10000000
24702,909.970,10000000
24703,910.907,10000000
24704,909.373,10000000
24705,908.472,10000000
24706,908.707,10000000
24707,908.860,10000000
24708,908.941,10000000
24709,910.120,10000000
24710,908.963,10000000
24711,909.963,10000000
24712,910.326,10000000
24713,910.832,10000000
24714,911.152,10000000
24715,910.851,10000000
24716,910.136,10000000
24717,909.606,10000000
24718,910.166,10000000
24719,908.731,10000000
24720,908.332,10000000
24721,908.796,10000000
24722,909.232,10000000
24723,909.854,10000000
24724,909.502,10000000
24725,908.339,10000000
24726,907.076,10000000
24727,908.440,10000000
24728,909.193,10000000
24729,909.079,10000000
24730,909.485,10000000
24731,908.080,10000000
24732,908.393,10000000
24733,908.975,10000000
24734,908.161,10000000
24735,908.195,10000000
24736,907.372,10000000
24737,905.613,10000000
24738,907.936,10000000
24739,909.118,10000000
24740,907.675,10000000
24741,906.690,10000000
24742,906.891,10000000
24743,907.837,10000000
24744,908.790,10000000
24745,909.165,10000000
24746,908.533,10000000
24747,908.688,10000000
24748,908.821,10000000
24749,909.141,10000000
24750,909.916,10000000
24751,910.051,10000000
24752,909.577,10000000
24753,909.620,10000000
24754,909.345,10000000
24755,908.094,10000000
24756,909.322,10000000
24757,909.450,10000000
24758,909.963,10000000
24759,910.186,10000000
24760,910.768,10000000
24761,910.531,10000000
24762,909.988,10000000
24763,910.065,10000000
24764,909.535,10000000
24765,909.375,10000000
24766,909.817,10000000
24767,909.462,10000000
24768,907.241,10000000
24769,908.611,10000000
24770,908.196,10000000
24771,909.056,10000000
24772,907.857,10000000
24773,908.150,10000000
24774,906.706,10000000
24775,906.855,10000000
24776,907.137,10000000
24777,906.720,10000000
24778,905.790,10000000
24779,906.584,10000000
24780,906.881,10000000
24781,907.250,10000000
24782,907.063,10000000
24783,907.095,10000000
24784,908.081,10000000
24785,909.541,10000000
24786,909.096,10000000
24787,908.835,10000000
24788,908.570,10000000
24789,907.790,10000000
24790,908.137,10000000
24791,908.271,10000000
24792,909.097,10000000
24793,908.683,10000000
24794,909.292,10000000
24795,908.978,10000000
24796,910.012,10000000
24797,909.193,10000000
24798,908.657,10000000
24799,908.247,10000000
24800,908.231,10000000
24801,907.349,10000000
24802,906.007,10000000
24803,905.730,10000000
24804,906.440,10000000
24805,908.019,10000000
24806,908.212,10000000
24807,906.930,10000000
24808,905.818,10000000
24809,908.172,10000000
24810,908.460,10000000
24811,907.972,10000000
24812,907.321,10000000
24813,908.186,10000000
24814,908.227,10000000
24815,908.717,10000000
24816,908.235,10000000
24817,907.454,10000000
24818,906.996,10000000
24819,905.068,10000000
24820,906.276,10000000
24821,906.776,10000000
24822,906.272,10000000
24823,906.034,10000000
24824,906.427,10000000
24825,906.714,10000000
24826,908.645,10000000
24827,907.875,10000000
24828,908.062,10000000
24829,908.120,10000000
24830,906.828,10000000
24831,906.803,10000000
24832,905.789,10000000
24833,906.245,10000000
24834,905.990,10000000
24835,905.504,10000000
24836,906.232,10000000
24837,905.626,10000000
24838,906.129,10000000
24839,904.206,10000000
24840,903.547,10000000
24841,906.193,10000000
24842,907.183,10000000
24843,907.198,10000000
24844,905.448,10000000
24845,906.869,10000000
24846,906.133,10000000
24847,906.127,10000000
24848,905.409,10000000
24849,906.144,10000000
24850,905.843,10000000
24851,906.173,10000000
24852,906.407,10000000
24853,905.662,10000000
24854,906.031,10000000
24855,907.231,10000000
24856,906.727,10000000
24857,906.425,10000000
24858,905.150,10000000
24859,906.736,10000000
24860,906.595,10000000
24861,906.821,10000000
24862,906.861,10000000
24863,905.972,10000000
24864,905.755,10000000
24865,906.078,10000000
24866,906.823,10000000
24867,907.347,10000000
24868,906.384,10000000
24869,906.132,10000000
24870,905.962,10000000
24871,906.119,10000000
24872,906.007,10000000
24873,905.443,10000000
24874,905.109,10000000
24875,904.961,10000000
24876,906.801,10000000
24877,907.340,10000000
24878,906.309,10000000
24879,906.070,10000000
24880,905.397,10000000
24881,905.604,10000000
24882,906.403,10000000
24883,903.833,10000000
24884,905.138,10000000
24885,903.577,10000000
24886,904.369,10000000
24887,903.969,10000000
24888,905.096,10000000
24889,904.051,10000000
24890,905.296,10000000
24891,904.540,10000000
24892,904.582,10000000
24893,905.527,10000000
24894,905.684,10000000
24895,905.661,10000000
24896,904.160,10000000
24897,905.113,10000000
24898,905.586,10000000
24899,905.659,10000000
24900,904.578,10000000
24901,904.527,10000000
24902,904.529,10000000
24903,905.625,10000000
24904,904.573,10000000
24905,904.164,10000000
24906,906.175,10000000
24907,904.725,10000000
24908,904.698,10000000
24909,903.553,10000000
24910,903.709,10000000
24911,904.374,10000000
24912,904.669,10000000
24913,905.163,10000000
24914,905.189,10000000
24915,905.282,10000000
24916,905.706,10000000
24917,905.478,10000000
24918,905.638,10000000
24919,905.128,10000000
24920,904.192,10000000
24921,902.392,10000000
24922,904.048,10000000
24923,904.456,10000000
24924,904.588,10000000
24925,904.254,10000000
24926,903.695,10000000
24927,903.780,10000000
24928,904.236,10000000
24929,904.074,10000000
24930,903.384,10000000
24931,903.727,10000000
24932,903.609,10000000
24933,904.294,10000000
24934,903.963,10000000
24935,904.515,10000000
24936,904.555,10000000
24937,905.037,10000000
24938,906.038,10000000
24939,905.321,10000000
24940,904.898,10000000
24941,905.505,10000000
24942,904.857,10000000
24943,906.379,10000000
24944,906.013,10000000
24945,905.852,10000000
24946,906.092,10000000
24947,904.984,10000000
24948,906.310,10000000
24949,907.248,10000000
24950,906.635,10000000
24951,906.948,10000000
24952,905.067,10000000
24953,906.299,10000000
24954,906.114,10000000
24955,905.357,10000000
24956,904.634,10000000
24957,904.493,10000000
24958,903.503,10000000
24959,904.409,10000000
24960,904.126,10000000
24961,903.894,10000000
24962,904.450,10000000
24963,905.370,10000000
24964,905.865,10000000
24965,905.047,10000000
24966,904.672,10000000
24967,904.844,10000000
24968,904.055,10000000
24969,903.951,10000000
24970,904.539,10000000
24971,905.124,10000000
24972,904.995,10000000
24973,904.429,10000000
24974,905.782,10000000
24975,905.208,10000000
24976,905.745,10000000
24977,904.604,10000000
24978,904.982,10000000
24979,905.358,10000000
24980,904.301,10000000
24981,903.156,10000000
24982,903.381,10000000
24983,905.662,10000000
24984,906.180,10000000
24985,906.067,10000000
24986,905.548,10000000
24987,906.200,10000000
24988,905.016,10000000
24989,905.716,10000000
24990,905.395,10000000
24991,905.534,10000000
24992,905.101,10000000
24993,904.016,10000000
24994,904.016,10000000
24995,903.766,10000000
24996,905.096,10000000
24997,905.059,10000000
24998,904.255,10000000
24999,904.351,10000000
25000,905.501,10000000
25001,904.146,10000000
25002,902.991,10000000
25003,902.786,10000000
25004,904.172,10000000
25005,905.337,10000000
25006,905.730,10000000
25007,904.243,10000000
25008,904.717,10000000
25009,905.403,10000000
25010,905.306,10000000
25011,905.522,10000000
25012,905.250,10000000
25013,905.568,10000000
25014,905.753,10000000
25015,904.918,10000000
25016,904.693,10000000
25017,903.704,10000000
25018,904.235,10000000
25019,903.016,10000000
25020,902.976,10000000
25021,904.172,10000000
25022,903.793,10000000
25023,901.612,10000000
25024,901.416,10000000
25025,901.572,10000000
25026,902.023,10000000
25027,903.422,10000000
25028,903.438,10000000
25029,902.514,10000000
25030,903.664,10000000
25031,904.153,10000000
25032,903.480,10000000
25033,903.436,10000000
25034,903.305,10000000
25035,902.908,10000000
25036,903.619,10000000
25037,901.031,10000000
25038,901.051,10000000
25039,901.413,10000000
25040,901.865,10000000
25041,902.318,10000000
25042,902.257,10000000
25043,904.479,10000000
25044,912.208,10000000
25045,916.852,10000000
25046,918.107,10000000
25047,906.393,10000000
25048,896.777,10000000
25049,909.285,10000000
25050,914.270,10000000
25051,917.298,10000000
25052,918.009,10000000
25053,917.337,10000000
25054,917.725,10000000
25055,920.963,10000000
25056,923.506,10000000
25057,924.374,10000000
25058,924.158,10000000
25059,923.905,10000000
25060,924.499,10000000
25061,925.898,10000000
25062,925.908,10000000
25063,924.865,10000000
25064,925.730,10000000
25065,925.463,10000000
25066,925.410,10000000
25067,924.849,10000000
25068,925.993,10000000
25069,925.335,10000000
25070,925.071,10000000
25071,924.499,10000000
25072,924.305,10000000
25073,924.662,10000000
25074,924.624,10000000
25075,925.056,10000000
25076,925.239,10000000
25077,925.104,10000000
25078,926.203,10000000
25079,926.759,10000000
25080,924.913,10000000
25081,924.268,10000000
25082,924.273,10000000
25083,923.691,10000000
25084,922.352,10000000
25085,923.645,10000000
25086,923.536,10000000
25087,924.274,10000000
25088,923.835,10000000
25089,924.826,10000000
25090,922.749,10000000
25091,924.085,10000000
25092,925.158,10000000
25093,924.431,10000000
25094,923.650,10000000
25095,925.194,10000000
25096,924.758,10000000
25097,924.991,10000000
25098,925.548,10000000
25099,923.737,10000000
25100,924.650,10000000
25101,923.826,10000000
25102,924.335,10000000
25103,925.369,10000000
25104,924.066,10000000
25105,924.355,10000000
25106,924.246,10000000
25107,923.739,10000000
25108,924.030,10000000
25109,924.091,10000000
25110,923.257,10000000
25111,922.840,10000000
25112,923.620,10000000
25113,922.131,10000000
25114,923.792,10000000
25115,924.322,10000000
25116,925.081,10000000
25117,923.089,10000000
25118,923.368,10000000
25119,923.805,10000000
25120,923.086,10000000
25121,923.185,10000000
25122,923.559,10000000
25123,924.702,10000000
25124,923.491,10000000
25125,924.532,10000000
25126,924.005,10000000
25127,923.086,10000000
25128,924.110,10000000
25129,923.118,10000000
25130,923.038,10000000
25131,923.234,10000000
25132,922.795,10000000
25133,923.359,10000000
25134,923.217,10000000
25135,921.636,10000000
25136,921.411,10000000
25137,921.412,10000000
25138,921.927,10000000
25139,922.154,10000000
25140,921.772,10000000
25141,922.118,10000000
25142,923.468,10000000
25143,926.019,10000000
25144,924.177,10000000
25145,923.305,10000000
25146,922.894,10000000
25147,923.397,10000000
25148,922.722,10000000
25149,922.359,10000000
25150,921.398,10000000
25151,921.764,10000000
25152,921.250,10000000
25153,921.257,10000000
25154,922.096,10000000
25155,921.970,10000000
25156,920.869,10000000
25157,921.997,10000000
25158,922.806,10000000
25159,921.432,10000000
25160,921.432,10000000
25161,922.309,10000000
25162,920.930,10000000
25163,922.202,10000000
25164,922.512,10000000
25165,921.480,10000000
25166,921.886,10000000
25167,919.816,10000000
25168,921.105,10000000
25169,919.833,10000000
25170,919.303,10000000
25171,919.283,10000000
25172,918.891,10000000
25173,920.914,10000000
25174,920.191,10000000
25175,920.563,10000000
25176,920.539,10000000
25177,920.546,10000000
25178,920.741,10000000
25179,921.512,10000000
25180,921.347,10000000
25181,920.151,10000000
25182,919.985,10000000
25183,920.075,10000000
25184,921.602,10000000
25185,920.492,10000000
25186,919.468,10000000
25187,918.676,10000000
25188,919.033,10000000
25189,919.295,10000000
25190,919.402,10000000
25191,919.127,10000000
25192,919.941,10000000
25193,920.675,10000000
25194,920.508,10000000
25195,920.301,10000000
25196,919.065,10000000
25197,919.391,10000000
25198,921.009,10000000
25199,920.832,10000000
25200,920.185,10000000
25201,919.967,10000000
25202,920.482,10000000
25203,921.036,10000000
25204,921.228,10000000
25205,919.998,10000000
25206,919.642,10000000
25207,918.532,10000000
25208,919.041,10000000
25209,920.159,10000000
25210,918.823,10000000
25211,919.689,10000000
25212,919.753,10000000
25213,919.294,10000000
25214,919.453,10000000
25215,920.284,10000000
25216,919.589,10000000
25217,919.398,10000000
25218,920.271,10000000
25219,920.653,10000000
25220,919.837,10000000
25221,918.848,10000000
25222,919.086,10000000
25223,919.285,10000000
25224,919.635,10000000
25225,919.029,10000000
25226,920.055,10000000
25227,920.687,10000000
25228,919.324,10000000
25229,918.995,10000000
25230,919.682,10000000
25231,921.050,10000000
25232,920.129,10000000
25233,918.771,10000000
25234,918.718,10000000
25235,918.326,10000000
25236,918.162,10000000
25237,917.880,10000000
25238,917.610,10000000
25239,917.811,10000000
25240,918.244,10000000
25241,920.210,10000000
25242,919.083,10000000
25243,919.807,10000000
25244,919.219,10000000
25245,919.485,10000000
25246,919.979,10000000
25247,918.439,10000000
25248,917.648,10000000
25249,918.491,10000000
25250,918.841,10000000
25251,918.749,10000000
25252,919.099,10000000
25253,918.028,10000000
25254,917.440,10000000
25255,916.479,10000000
25256,917.271,10000000
25257,918.015,10000000
25258,917.548,10000000
25259,917.519,10000000
25260,918.697,10000000
25261,918.315,10000000
25262,915.531,10000000
25263,916.410,10000000
25264,915.962,10000000
25265,916.946,10000000
25266,917.833,10000000
25267,917.675,10000000
25268,917.383,10000000
25269,917.976,10000000
25270,917.968,10000000
25271,918.680,10000000
25272,918.719,10000000
25273,918.007,10000000
25274,917.149,10000000
25275,916.798,10000000
25276,917.403,10000000
25277,918.659,10000000
25278,917.459,10000000
25279,917.866,10000000
25280,917.590,10000000
25281,916.424,10000000
25282,916.609,10000000
25283,917.199,10000000
25284,916.785,10000000
25285,916.859,10000000
25286,917.435,10000000
25287,916.986,10000000
25288,916.698,10000000
25289,916.989,10000000
25290,916.401,10000000
25291,917.067,10000000
25292,916.011,10000000
25293,915.129,10000000
25294,915.287,10000000
25295,915.036,10000000
25296,916.945,10000000
25297,917.778,10000000
25298,916.542,10000000
25299,916.468,10000000
25300,915.520,10000000
25301,916.651,10000000
25302,917.100,10000000
25303,916.825,10000000
25304,915.416,10000000
25305,916.263,10000000
25306,916.879,10000000
25307,916.588,10000000
25308,916.454,10000000
25309,916.209,10000000
25310,916.547,10000000
25311,916.852,10000000
25312,917.306,10000000
25313,916.898,10000000
25314,915.909,10000000
25315,916.161,10000000
25316,915.108,10000000
25317,915.354,10000000
25318,915.920,10000000
25319,916.391,10000000
25320,916.651,10000000
25321,916.737,10000000
25322,916.356,10000000
25323,914.439,10000000
25324,915.093,10000000
25325,914.874,10000000
25326,915.501,10000000
25327,915.410,10000000
25328,916.095,10000000
25329,915.271,10000000
25330,916.053,10000000
25331,915.499,10000000
25332,915.667,10000000
25333,915.804,10000000
25334,915.522,10000000
25335,915.750,10000000
25336,915.362,10000000
25337,917.688,10000000
25338,916.872,10000000
25339,917.475,10000000
25340,916.967,10000000
25341,916.246,10000000
25342,915.428,10000000
25343,915.576,10000000
25344,916.580,10000000
25345,915.472,10000000
25346,916.258,10000000
25347,917.135,10000000
25348,917.070,10000000
25349,915.359,10000000
25350,916.562,10000000
25351,915.895,10000000
25352,915.939,10000000
25353,915.401,10000000
25354,914.063,10000000
25355,913.785,10000000
25356,915.157,10000000
25357,915.997,10000000
25358,915.639,10000000
25359,915.656,10000000
25360,914.762,10000000
25361,914.950,10000000
25362,915.553,10000000
25363,915.066,10000000
25364,915.736,10000000
25365,915.346,10000000
25366,914.720,10000000
25367,914.304,10000000
25368,914.265,10000000
25369,913.660,10000000
25370,914.848,10000000
25371,915.442,10000000
25372,915.086,10000000
25373,914.864,10000000
25374,916.230,10000000
25375,915.423,10000000
25376,913.956,10000000
25377,913.889,10000000
25378,915.601,10000000
25379,915.164,10000000
25380,914.848,10000000
25381,915.406,10000000
25382,914.986,10000000
25383,914.360,10000000
25384,915.185,10000000
25385,915.367,10000000
25386,915.185,10000000
25387,915.479,10000000
25388,914.646,10000000
25389,914.687,10000000
25390,914.574,10000000
25391,914.113,10000000
25392,914.126,10000000
25393,915.275,10000000
25394,915.334,10000000
25395,914.921,10000000
25396,915.193,10000000
25397,913.762,10000000
25398,915.123,10000000
25399,914.788,10000000
25400,913.968,10000000
25401,915.031,10000000
25402,914.327,10000000
25403,914.693,10000000
25404,914.491,10000000
25405,914.276,10000000
25406,914.870,10000000
25407,915.719,10000000
25408,913.976,10000000
25409,915.146,10000000
25410,915.857,10000000
25411,915.335,10000000
25412,914.015,10000000
25413,915.586,10000000
25414,916.193,10000000
25415,916.259,10000000
25416,915.347,10000000
25417,915.532,10000000
25418,914.585,10000000
25419,914.981,10000000
25420,914.741,10000000
25421,913.871,10000000
25422,914.007,10000000
25423,913.736,10000000
25424,913.983,10000000
25425,914.544,10000000
25426,913.479,10000000
25427,913.523,10000000
25428,912.939,10000000
25429,912.682,10000000
25430,913.586,10000000
25431,913.041,10000000
25432,913.391,10000000
25433,912.694,10000000
25434,913.455,10000000
25435,914.328,10000000
25436,913.922,10000000
25437,912.636,10000000
25438,912.231,10000000
25439,913.229,10000000
25440,913.466,10000000
25441,914.352,10000000
25442,913.701,10000000
25443,914.205,10000000
25444,913.709,10000000
25445,913.593,10000000
25446,915.135,10000000
25447,913.834,10000000
25448,913.970,10000000
25449,913.168,10000000
25450,913.700,10000000
25451,913.050,10000000
25452,914.354,10000000
25453,914.973,10000000
25454,914.083,10000000
25455,914.409,10000000
25456,913.921,10000000
25457,913.211,10000000
25458,913.948,10000000
25459,914.211,10000000
25460,914.137,10000000
25461,914.552,10000000
25462,914.343,10000000
25463,914.234,10000000
25464,915.721,10000000
25465,915.748,10000000
25466,915.474,10000000
25467,914.652,10000000
25468,913.550,10000000
25469,912.513,10000000
25470,913.416,10000000
25471,912.750,10000000
25472,912.282,10000000
25473,911.782,10000000
25474,913.098,10000000
25475,913.100,10000000
25476,914.088,10000000
25477,912.725,10000000
25478,912.894,10000000
25479,912.818,10000000
25480,913.171,10000000
25481,914.066,10000000
25482,912.970,10000000
25483,912.946,10000000
25484,912.962,10000000
25485,912.748,10000000
25486,912.909,10000000
25487,913.584,10000000
25488,913.813,10000000
25489,912.855,10000000
25490,914.673,10000000
25491,914.807,10000000
25492,914.110,10000000
25493,914.877,10000000
25494,914.408,10000000
25495,913.888,10000000
25496,913.428,10000000
25497,913.661,10000000
25498,913.753,10000000
25499,912.140,10000000
25500,912.758,10000000
25501,912.770,10000000
25502,913.165,10000000
25503,913.344,10000000
25504,913.194,10000000
25505,912.432,10000000
25506,912.445,10000000
25507,913.043,10000000
25508,913.121,10000000
25509,912.808,10000000
25510,911.837,10000000
25511,912.811,10000000
25512,913.597,10000000
25513,913.140,10000000
25514,912.313,10000000
25515,912.622,10000000
25516,913.473,10000000
25517,913.168,10000000
25518,911.540,10000000
25519,911.387,10000000
25520,912.371,10000000
25521,912.524,10000000
25522,911.867,10000000
25523,912.780,10000000
25524,912.593,10000000
25525,912.399,10000000
25526,912.362,10000000
25527,912.398,10000000
25528,913.097,10000000
25529,911.101,10000000
25530,911.792,10000000
25531,912.466,10000000
25532,912.125,10000000
25533,912.293,10000000
25534,912.040,10000000
25535,910.818,10000000
25536,911.831,10000000
25537,913.494,10000000
25538,912.371,10000000
25539,911.877,10000000
25540,911.900,10000000
25541,911.248,10000000
25542,911.808,10000000
25543,912.165,10000000
25544,912.553,10000000
25545,911.401,10000000
25546,911.217,10000000
25547,911.740,10000000
25548,912.433,10000000
25549,912.505,10000000
25550,911.526,10000000
25551,910.856,10000000
25552,910.704,10000000
25553,911.394,10000000
25554,910.605,10000000
25555,911.001,10000000
25556,911.545,10000000
25557,911.426,10000000
25558,912.512,10000000
25559,911.885,10000000
25560,910.608,10000000
25561,911.998,10000000
25562,911.059,10000000
25563,911.212,10000000
25564,911.935,10000000
25565,911.105,10000000
25566,911.881,10000000
25567,912.217,10000000
25568,912.074,10000000
25569,911.815,10000000
25570,910.234,10000000
25571,910.252,10000000
25572,911.047,10000000
25573,911.745,10000000
25574,911.123,10000000
25575,910.351,10000000
25576,910.880,10000000
25577,911.195,10000000
25578,912.490,10000000
25579,911.862,10000000
25580,911.716,10000000
25581,909.993,10000000
25582,908.827,10000000
25583,910.698,10000000
25584,911.295,10000000
25585,911.169,10000000
25586,910.651,10000000
25587,910.701,10000000
25588,910.528,10000000
25589,910.025,10000000
25590,909.995,10000000
25591,910.976,10000000
25592,910.148,10000000
25593,911.311,10000000
25594,910.062,10000000
25595,910.877,10000000
25596,911.564,10000000
25597,911.372,10000000
25598,911.905,10000000
25599,912.547,10000000
25600,911.399,10000000
25601,911.130,10000000
25602,909.481,10000000
25603,909.817,10000000
25604,910.446,10000000
25605,909.315,10000000
25606,909.989,10000000
25607,911.360,10000000
25608,910.641,10000000
25609,910.530,10000000
25610,908.948,10000000
25611,908.108,10000000
25612,908.993,10000000
25613,908.901,10000000
25614,910.497,10000000
25615,910.376,10000000
25616,909.982,10000000
25617,909.878,10000000
25618,909.283,10000000
25619,911.458,10000000
25620,911.090,10000000
25621,910.508,10000000
25622,910.010,10000000
25623,909.582,10000000
25624,909.883,10000000
25625,910.551,10000000
25626,909.950,10000000
25627,911.692,10000000
25628,911.234,10000000
25629,910.789,10000000
25630,911.205,10000000
25631,911.453,10000000
25632,909.927,10000000
25633,910.561,10000000
25634,911.546,10000000
25635,911.202,10000000
25636,910.765,10000000
25637,910.055,10000000
25638,910.897,10000000
25639,911.139,10000000
25640,910.801,10000000
25641,910.937,10000000
25642,910.950,10000000
25643,911.292,10000000
25644,911.641,10000000
25645,912.856,10000000
25646,911.472,10000000
25647,911.217,10000000
25648,911.109,10000000
25649,910.263,10000000
25650,910.206,10000000
25651,909.461,10000000
25652,909.911,10000000
25653,909.747,10000000
25654,908.896,10000000
25655,908.837,10000000
25656,909.455,10000000
25657,909.500,10000000
25658,910.679,10000000
25659,910.985,10000000
25660,910.440,10000000
25661,910.003,10000000
25662,910.545,10000000
25663,910.446,10000000
25664,909.882,10000000
25665,910.095,10000000
25666,910.592,10000000
25667,910.091,10000000
25668,910.259,10000000
25669,910.123,10000000
25670,908.790,10000000
25671,908.197,10000000
25672,909.504,10000000
25673,909.382,10000000
25674,908.218,10000000
25675,909.814,10000000
25676,910.282,10000000
25677,909.482,10000000
25678,909.531,10000000
25679,909.399,10000000
25680,910.816,10000000
25681,909.638,10000000
25682,908.711,10000000
25683,909.718,10000000
25684,908.510,10000000
25685,908.829,10000000
25686,908.987,10000000
25687,909.258,10000000
25688,908.407,10000000
25689,907.854,10000000
25690,908.161,10000000
25691,908.115,10000000
25692,910.052,10000000
25693,909.143,10000000
25694,908.879,10000000
25695,908.708,10000000
25696,908.739,10000000
25697,910.137,10000000
25698,908.474,10000000
25699,909.146,10000000
25700,907.451,10000000
25701,907.463,10000000
25702,906.716,10000000
25703,907.723,10000000
25704,907.677,10000000
25705,908.217,10000000
25706,908.339,10000000
25707,907.533,10000000
25708,908.602,10000000
25709,906.883,10000000
25710,905.765,10000000
25711,906.107,10000000
25712,907.816,10000000
25713,908.297,10000000
25714,908.785,10000000
25715,907.731,10000000
25716,908.553,10000000
25717,909.344,10000000
25718,908.248,10000000
25719,908.908,10000000
25720,909.200,10000000
25721,908.993,10000000
25722,908.365,10000000
25723,907.849,10000000
25724,907.491,10000000
25725,908.327,10000000
25726,908.333,10000000
25727,908.831,10000000
25728,907.782,10000000
25729,908.360,10000000
25730,909.239,10000000
25731,908.387,10000000
25732,910.558,10000000
25733,909.409,10000000
25734,909.495,10000000
25735,908.466,10000000
25736,907.123,10000000
25737,907.156,10000000
25738,907.130,10000000
25739,907.622,10000000
25740,907.640,10000000
25741,908.061,10000000
25742,908.915,10000000
25743,908.262,10000000
25744,907.118,10000000
25745,907.760,10000000
25746,907.439,10000000
25747,907.985,10000000
25748,907.825,10000000
25749,906.793,10000000
25750,908.024,10000000
25751,908.219,10000000
25752,908.328,10000000
25753,907.395,10000000
25754,906.214,10000000
25755,907.009,10000000
25756,907.218,10000000
25757,909.212,10000000
25758,909.452,10000000
25759,909.019,10000000
25760,908.547,10000000
25761,908.037,10000000
25762,907.883,10000000
25763,907.499,10000000
25764,907.805,10000000
25765,908.728,10000000
25766,907.887,10000000
25767,907.954,10000000
25768,908.456,10000000
25769,908.237,10000000
25770,908.235,10000000
25771,909.162,10000000
25772,908.681,10000000
25773,909.423,10000000
25774,909.177,10000000
25775,908.390,10000000
25776,907.617,10000000
25777,908.185,10000000
25778,908.336,10000000
25779,907.714,10000000
25780,906.690,10000000
25781,906.770,10000000
25782,907.187,10000000
25783,906.757,10000000
25784,906.622,10000000
25785,906.868,10000000
25786,908.411,10000000
25787,909.136,10000000
25788,908.429,10000000
25789,908.424,10000000
25790,908.473,10000000
25791,908.131,10000000
25792,908.610,10000000
25793,909.270,10000000
25794,909.300,10000000
25795,908.437,10000000
25796,907.500,10000000
25797,907.783,10000000
25798,908.428,10000000
25799,907.850,10000000
25800,906.638,10000000
25801,906.497,10000000
25802,905.832,10000000
25803,906.474,10000000
25804,907.171,10000000
25805,906.608,10000000
25806,906.875,10000000
25807,906.181,10000000
25808,905.275,10000000
25809,906.659,10000000
25810,907.841,10000000
25811,908.278,10000000
25812,907.586,10000000
25813,906.931,10000000
25814,907.604,10000000
25815,907.400,10000000
25816,906.800,10000000
25817,906.642,10000000
25818,906.092,10000000
25819,906.110,10000000
25820,906.735,10000000
25821,905.972,10000000
25822,905.817,10000000
25823,905.269,10000000
25824,904.663,10000000
25825,904.400,10000000
25826,905.807,10000000
25827,905.966,10000000
25828,906.332,10000000
25829,905.689,10000000
25830,906.676,10000000
25831,905.300,10000000
25832,905.939,10000000
25833,906.233,10000000
25834,905.849,10000000
25835,906.879,10000000
25836,905.913,10000000
25837,907.019,10000000
25838,905.008,10000000
25839,905.611,10000000
25840,905.175,10000000
25841,905.058,10000000
25842,905.507,10000000
25843,904.939,10000000
25844,907.004,10000000
25845,906.049,10000000
25846,906.167,10000000
25847,906.849,10000000
25848,907.586,10000000
25849,907.011,10000000
25850,905.812,10000000
25851,906.697,10000000
25852,905.148,10000000
25853,905.715,10000000
25854,905.834,10000000
25855,905.457,10000000
25856,905.835,10000000
25857,905.682,10000000
25858,906.042,10000000
25859,905.634,10000000
25860,906.814,10000000
25861,906.697,10000000
25862,905.822,10000000
25863,906.144,10000000
25864,906.604,10000000
25865,906.126,10000000
25866,905.240,10000000
25867,905.115,10000000
25868,905.028,10000000
25869,904.219,10000000
25870,905.306,10000000
25871,904.647,10000000
25872,904.753,10000000
25873,904.726,10000000
25874,906.409,10000000
25875,906.283,10000000
25876,907.053,10000000
25877,906.621,10000000
25878,904.976,10000000
25879,906.395,10000000
25880,906.110,10000000
25881,906.020,10000000
25882,905.666,10000000
25883,904.506,10000000
25884,905.305,10000000
25885,904.467,10000000
25886,905.528,10000000
25887,905.167,10000000
25888,904.053,10000000
25889,903.592,10000000
25890,904.354,10000000
25891,904.401,10000000
25892,904.209,10000000
25893,904.589,10000000
25894,903.711,10000000
25895,903.882,10000000
25896,903.592,10000000
25897,903.728,10000000
25898,903.783,10000000
25899,905.254,10000000
25900,905.443,10000000
25901,905.923,10000000
25902,904.618,10000000
25903,903.229,10000000
25904,904.175,10000000
25905,905.209,10000000
25906,905.650,10000000
25907,904.642,10000000
25908,903.464,10000000
25909,905.014,10000000
25910,906.494,10000000
25911,906.863,10000000
25912,905.917,10000000
25913,906.458,10000000
25914,905.234,10000000
25915,905.205,10000000
25916,907.619,10000000
25917,905.509,10000000
25918,904.838,10000000
25919,904.011,10000000
25920,905.271,10000000
25921,906.068,10000000
25922,906.492,10000000
25923,905.679,10000000
25924,905.820,10000000
25925,905.766,10000000
25926,905.568,10000000
25927,905.759,10000000
25928,904.384,10000000
25929,905.049,10000000
25930,905.158,10000000
25931,905.192,10000000
25932,906.028,10000000
25933,905.611,10000000
25934,904.465,10000000
25935,903.857,10000000
25936,904.320,10000000
25937,904.403,10000000
25938,904.462,10000000
25939,905.489,10000000
25940,905.374,10000000
25941,904.953,10000000
25942,905.166,10000000
25943,906.124,10000000
25944,905.981,10000000
25945,907.091,10000000
25946,906.943,10000000
25947,906.198,10000000
25948,905.278,10000000
25949,905.154,10000000
25950,905.120,10000000
25951,904.640,10000000
25952,905.817,10000000
25953,904.531,10000000
25954,903.531,10000000
25955,903.303,10000000
25956,904.161,10000000
25957,904.727,10000000
25958,904.973,10000000
25959,905.640,10000000
25960,903.824,10000000
25961,904.674,10000000
25962,904.509,10000000
25963,905.155,10000000
25964,904.045,10000000
25965,904.183,10000000
25966,904.002,10000000
25967,904.796,10000000
25968,904.661,10000000
25969,903.968,10000000
25970,903.589,10000000
25971,903.704,10000000
25972,903.954,10000000
25973,903.173,10000000
25974,903.622,10000000
25975,903.353,10000000
25976,903.738,10000000
25977,903.987,10000000
25978,904.872,10000000
25979,905.642,10000000
25980,904.877,10000000
25981,903.252,10000000
25982,904.952,10000000
25983,903.578,10000000
25984,903.679,10000000
25985,902.781,10000000
25986,902.066,10000000
25987,902.285,10000000
25988,903.738,10000000
25989,904.494,10000000
25990,903.973,10000000
25991,904.241,10000000
25992,903.516,10000000
25993,904.145,10000000
25994,903.663,10000000
25995,904.028,10000000
25996,903.649,10000000
25997,904.867,10000000
25998,905.904,10000000
25999,905.776,10000000
26000,904.206,10000000
26001,904.690,10000000
26002,903.620,10000000
26003,904.909,10000000
26004,902.120,10000000
26005,902.932,10000000
26006,902.313,10000000
26007,902.570,10000000
26008,904.581,10000000
26009,904.787,10000000
26010,902.569,10000000
26011,902.791,10000000
26012,903.325,10000000
26013,903.255,10000000
26014,904.374,10000000
26015,904.477,10000000
26016,902.880,10000000
26017,902.875,10000000
26018,903.229,10000000
26019,904.988,10000000
26020,903.188,10000000
26021,903.487,10000000
26022,903.142,10000000
26023,903.986,10000000
26024,904.180,10000000
26025,904.019,10000000
26026,903.207,10000000
26027,903.008,10000000
26028,903.226,10000000
26029,904.239,10000000
26030,904.272,10000000
26031,903.511,10000000
26032,903.254,10000000
26033,903.286,10000000
26034,904.598,10000000
26035,912.825,10000000
26036,917.685,10000000
26037,918.643,10000000
26038,907.568,10000000
26039,897.766,10000000
26040,911.923,10000000
26041,917.243,10000000
26042,918.221,10000000
26043,919.194,10000000
26044,918.598,10000000
26045,916.328,10000000
26046,919.523,10000000
26047,922.643,10000000
26048,922.271,10000000
26049,922.191,10000000
26050,923.445,10000000
26051,922.347,10000000
26052,922.286,10000000
26053,922.516,10000000
26054,922.367,10000000
26055,922.612,10000000
26056,922.109,10000000
26057,922.519,10000000
26058,923.480,10000000
26059,924.198,10000000
26060,922.613,10000000
26061,922.883,10000000
26062,922.753,10000000
26063,922.963,10000000
26064,924.581,10000000
26065,922.813,10000000
26066,922.919,10000000
26067,923.274,10000000
26068,922.241,10000000
26069,924.200,10000000
26070,925.644,10000000
26071,925.238,10000000
26072,925.826,10000000
26073,925.849,10000000
26074,926.249,10000000
26075,925.918,10000000
26076,924.770,10000000
26077,924.422,10000000
26078,924.402,10000000
26079,923.942,10000000
26080,923.745,10000000
26081,923.916,10000000
26082,924.586,10000000
26083,923.996,10000000
26084,923.425,10000000
26085,924.172,10000000
26086,924.093,10000000
26087,923.128,10000000
26088,921.820,10000000
26089,922.581,10000000
26090,923.191,10000000
26091,923.907,10000000
26092,923.886,10000000
26093,923.495,10000000
26094,925.073,10000000
26095,924.902,10000000
26096,923.425,10000000
26097,922.063,10000000
26098,921.911,10000000
26099,922.838,10000000
26100,924.486,10000000
26101,922.617,10000000
26102,922.924,10000000
26103,921.530,10000000
26104,921.523,10000000
26105,921.503,10000000
26106,922.436,10000000
26107,922.897,10000000
26108,922.123,10000000
26109,922.003,10000000
26110,922.951,10000000
26111,924.390,10000000
26112,923.442,10000000
26113,922.727,10000000
26114,922.056,10000000
26115,922.483,10000000
26116,923.018,10000000
26117,921.590,10000000
26118,919.398,10000000
26119,920.762,10000000
26120,919.992,10000000
26121,920.605,10000000
26122,921.206,10000000
26123,920.055,10000000
26124,920.785,10000000
26125,921.016,10000000
26126,921.022,10000000
26127,921.251,10000000
26128,920.328,10000000
26129,920.301,10000000
26130,921.168,10000000
26131,921.753,10000000
26132,920.109,10000000
26133,920.788,10000000
26134,919.446,10000000
26135,919.480,10000000
26136,920.902,10000000
26137,921.110,10000000
26138,921.298,10000000
26139,921.129,10000000
26140,920.869,10000000
26141,920.345,10000000
26142,921.348,10000000
26143,922.023,10000000
26144,921.562,10000000
26145,921.194,10000000
26146,920.278,10000000
26147,921.085,10000000
26148,921.048,10000000
26149,921.276,10000000
26150,920.069,10000000
26151,920.659,10000000
26152,921.362,10000000
26153,921.096,10000000
26154,921.282,10000000
26155,921.017,10000000
26156,920.164,10000000
26157,920.330,10000000
26158,920.180,10000000
26159,920.642,10000000
26160,920.737,10000000
26161,919.876,10000000
26162,920.198,10000000
26163,920.090,10000000
26164,919.468,10000000
26165,919.284,10000000
26166,920.272,10000000
26167,920.779,10000000
26168,921.202,10000000
26169,920.589,10000000
26170,919.814,10000000
26171,919.547,10000000
26172,919.212,10000000
26173,919.918,10000000
26174,918.896,10000000
26175,918.545,10000000
26176,919.804,10000000
26177,920.243,10000000
26178,920.258,10000000
26179,920.012,10000000
26180,919.693,10000000
26181,919.323,10000000
26182,919.637,10000000
26183,920.411,10000000
26184,920.218,10000000
26185,919.638,10000000
26186,919.652,10000000
26187,920.299,10000000
26188,919.248,10000000
26189,919.407,10000000
26190,919.169,10000000
26191,919.108,10000000
26192,920.401,10000000
26193,920.836,10000000
26194,920.759,10000000
26195,919.989,10000000
26196,919.058,10000000
26197,918.405,10000000
26198,918.401,10000000
26199,917.909,10000000
26200,918.563,10000000
26201,919.150,10000000
26202,919.719,10000000
26203,918.746,10000000
26204,918.369,10000000
26205,918.117,10000000
26206,917.567,10000000
26207,918.388,10000000
26208,919.381,10000000
26209,919.937,10000000
26210,920.206,10000000
26211,919.822,10000000
26212,920.093,10000000
26213,918.890,10000000
26214,918.782,10000000
26215,918.294,10000000
26216,918.276,10000000
26217,919.261,10000000
26218,918.976,10000000
26219,918.807,10000000
26220,918.648,10000000
26221,918.214,10000000
26222,917.951,10000000
26223,917.257,10000000
26224,917.968,10000000
26225,918.453,10000000
26226,918.254,10000000
26227,917.785,10000000
26228,917.909,10000000
26229,918.083,10000000
26230,917.655,10000000
26231,917.437,10000000
26232,917.097,10000000
26233,918.211,10000000
26234,918.192,10000000
26235,917.963,10000000
26236,918.516,10000000
26237,917.940,10000000
26238,917.473,10000000
26239,918.362,10000000
26240,918.709,10000000
26241,918.940,10000000
26242,918.460,10000000
26243,917.097,10000000
26244,917.523,10000000
26245,918.181,10000000
26246,918.543,10000000
26247,918.681,10000000
26248,917.014,10000000
26249,918.677,10000000
26250,918.522,10000000
26251,917.285,10000000
26252,917.369,10000000
26253,917.533,10000000
26254,916.784,10000000
26255,917.869,10000000
26256,917.411,10000000
26257,916.975,10000000
26258,918.506,10000000
26259,918.550,10000000
26260,917.138,10000000
26261,917.520,10000000
26262,916.748,10000000
26263,917.727,10000000
26264,918.172,10000000
26265,917.651,10000000
26266,918.392,10000000
26267,918.099,10000000
26268,917.555,10000000
26269,916.674,10000000
26270,916.050,10000000
26271,916.765,10000000
26272,916.872,10000000
26273,917.472,10000000
26274,916.338,10000000
26275,917.871,10000000
26276,918.400,10000000
26277,918.297,10000000
26278,917.602,10000000
26279,916.759,10000000
26280,918.190,10000000
26281,916.264,10000000
26282,916.988,10000000
26283,917.436,10000000
26284,917.086,10000000
26285,916.006,10000000
26286,915.825,10000000
26287,913.633,10000000
26288,915.070,10000000
26289,916.473,10000000
26290,917.618,10000000
26291,916.675,10000000
26292,916.761,10000000
26293,916.926,10000000
26294,917.239,10000000
26295,915.294,10000000
26296,916.862,10000000
26297,917.409,10000000
26298,918.277,10000000
26299,917.456,10000000
26300,917.047,10000000
26301,918.470,10000000
26302,918.474,10000000
26303,917.574,10000000
26304,915.827,10000000
26305,917.909,10000000
26306,917.387,10000000
26307,917.682,10000000
26308,917.265,10000000
26309,917.597,10000000
26310,919.013,10000000
26311,918.240,10000000
26312,917.616,10000000
26313,918.102,10000000
26314,917.171,10000000
26315,917.777,10000000
26316,917.716,10000000
26317,918.194,10000000
26318,917.269,10000000
26319,916.508,10000000
26320,915.840,10000000
26321,916.614,10000000
26322,916.191,10000000
26323,916.501,10000000
26324,917.324,10000000
26325,916.817,10000000
26326,917.715,10000000
26327,917.270,10000000
26328,916.704,10000000
26329,917.265,10000000
26330,915.895,10000000
26331,916.424,10000000
26332,915.816,10000000
26333,915.125,10000000
26334,916.426,10000000
26335,915.968,10000000
26336,917.732,10000000
26337,917.247,10000000
26338,917.321,10000000
26339,915.932,10000000
26340,915.645,10000000
26341,915.340,10000000
26342,916.413,10000000
26343,916.012,10000000
26344,915.581,10000000
26345,915.898,10000000
26346,917.329,10000000
26347,917.064,10000000
26348,916.501,10000000
26349,916.551,10000000
26350,916.229,10000000
26351,916.486,10000000
26352,915.897,10000000
26353,915.496,10000000
26354,914.339,10000000
26355,914.735,10000000
26356,914.868,10000000
26357,914.080,10000000
26358,914.975,10000000
26359,914.834,10000000
26360,915.702,10000000
26361,915.396,10000000
26362,915.215,10000000
26363,915.848,10000000
26364,916.058,10000000
26365,916.269,10000000
26366,916.989,10000000
26367,917.166,10000000
26368,916.488,10000000
26369,915.731,10000000
26370,915.536,10000000
26371,915.264,10000000
26372,914.357,10000000
26373,914.057,10000000
26374,913.385,10000000
26375,914.492,10000000
26376,915.250,10000000
26377,915.239,10000000
26378,914.516,10000000
26379,914.577,10000000
26380,915.382,10000000
26381,913.968,10000000
26382,914.716,10000000
26383,915.065,10000000
26384,914.872,10000000
26385,914.972,10000000
26386,913.839,10000000
26387,914.768,10000000
26388,915.773,10000000
26389,916.500,10000000
26390,915.437,10000000
26391,915.832,10000000
26392,914.847,10000000
26393,915.025,10000000
26394,915.479,10000000
26395,915.158,10000000
26396,915.783,10000000
26397,915.394,10000000
26398,915.233,10000000
26399,916.018,10000000
26400,914.965,10000000
26401,913.850,10000000
26402,914.102,10000000
26403,915.358,10000000
26404,915.031,10000000
26405,914.486,10000000
26406,915.278,10000000
26407,915.398,10000000
26408,915.901,10000000
26409,916.332,10000000
26410,915.875,10000000
26411,916.007,10000000
26412,915.855,10000000
26413,915.232,10000000
26414,914.875,10000000
26415,914.758,10000000
26416,914.160,10000000
26417,914.225,10000000
26418,914.227,10000000
26419,912.934,10000000
26420,912.567,10000000
26421,912.356,10000000
26422,914.606,10000000
26423,915.577,10000000
26424,915.826,10000000
26425,916.072,10000000
26426,915.196,10000000
26427,914.244,10000000
26428,915.037,10000000
26429,915.446,10000000
26430,914.871,10000000
26431,914.735,10000000
26432,915.192,10000000
26433,915.854,10000000
26434,915.077,10000000
26435,914.557,10000000
26436,914.563,10000000
26437,914.434,10000000
26438,913.156,10000000
26439,913.742,10000000
26440,913.382,10000000
26441,912.615,10000000
26442,913.885,10000000
26443,914.042,10000000
26444,914.361,10000000
26445,914.096,10000000
26446,913.740,10000000
26447,913.176,10000000
26448,913.240,10000000
26449,913.276,10000000
26450,913.300,10000000
26451,912.012,10000000
26452,912.391,10000000
26453,912.282,10000000
26454,912.847,10000000
26455,914.197,10000000
26456,913.359,10000000
26457,912.511,10000000
26458,912.538,10000000
26459,912.917,10000000
26460,913.212,10000000
26461,912.590,10000000
26462,912.440,10000000
26463,912.865,10000000
26464,913.516,10000000
26465,912.853,10000000
26466,912.566,10000000
26467,913.404,10000000
26468,912.956,10000000
26469,913.237,10000000
26470,912.263,10000000
26471,911.665,10000000
26472,911.641,10000000
26473,910.805,10000000
26474,912.347,10000000
26475,913.071,10000000
26476,913.080,10000000
26477,912.124,10000000
26478,912.976,10000000
26479,913.330,10000000
26480,913.413,10000000
26481,913.245,10000000
26482,912.903,10000000
26483,912.233,10000000
26484,910.666,10000000
26485,911.792,10000000
26486,913.060,10000000
26487,911.020,10000000
26488,910.376,10000000
26489,912.249,10000000
26490,913.107,10000000
26491,913.195,10000000
26492,912.311,10000000
26493,912.784,10000000
26494,913.164,10000000
26495,913.385,10000000
26496,912.886,10000000
26497,911.419,10000000
26498,910.577,10000000
26499,911.325,10000000
26500,911.851,10000000
26501,911.349,10000000
26502,909.918,10000000
26503,911.419,10000000
26504,910.933,10000000
26505,911.935,10000000
26506,911.304,10000000
26507,912.679,10000000
26508,914.184,10000000
26509,911.901,10000000
26510,912.867,10000000
26511,913.594,10000000
26512,913.029,10000000
26513,912.842,10000000
26514,912.359,10000000
26515,913.350,10000000
26516,912.561,10000000
26517,911.716,10000000
26518,910.190,10000000
26519,910.008,10000000
26520,911.670,10000000
26521,911.558,10000000
26522,910.403,10000000
26523,910.348,10000000
26524,910.248,10000000
26525,909.690,10000000
26526,910.860,10000000
26527,910.826,10000000
26528,910.041,10000000
26529,910.080,10000000
26530,911.243,10000000
26531,911.974,10000000
26532,910.396,10000000
26533,910.004,10000000
26534,910.525,10000000
26535,911.129,10000000
26536,911.436,10000000
26537,911.707,10000000
26538,910.356,10000000
26539,909.151,10000000
26540,910.958,10000000
26541,909.940,10000000
26542,909.960,10000000
26543,910.365,10000000
26544,910.694,10000000
26545,910.828,10000000
26546,911.199,10000000
26547,910.846,10000000
26548,910.019,10000000
26549,909.019,10000000
26550,909.707,10000000
26551,909.375,10000000
26552,910.307,10000000
26553,909.232,10000000
26554,910.972,10000000
26555,910.671,10000000
26556,911.217,10000000
26557,911.080,10000000
26558,910.168,10000000
26559,909.434,10000000
26560,910.076,10000000
26561,910.163,10000000
26562,909.204,10000000
26563,907.918,10000000
26564,907.910,10000000
26565,910.034,10000000
26566,909.204,10000000
26567,909.265,10000000
26568,908.965,10000000
26569,908.954,10000000
26570,909.346,10000000
26571,910.247,10000000
26572,909.157,10000000
26573,908.857,10000000
26574,909.858,10000000
26575,909.939,10000000
26576,909.061,10000000
26577,909.301,10000000
26578,910.169,10000000
26579,908.729,10000000
26580,908.671,10000000
26581,907.824,10000000
26582,908.124,10000000
26583,908.428,10000000
26584,909.777,10000000
26585,908.899,10000000
26586,909.096,10000000
26587,911.037,10000000
26588,911.728,10000000
26589,909.992,10000000
26590,910.509,10000000
26591,909.972,10000000
26592,911.795,10000000
26593,909.935,10000000
26594,908.837,10000000
26595,909.213,10000000
26596,908.482,10000000
26597,908.670,10000000
26598,909.385,10000000
26599,908.295,10000000
26600,906.973,10000000
26601,907.302,10000000
26602,907.964,10000000
26603,906.853,10000000
26604,907.836,10000000
26605,908.123,10000000
26606,907.770,10000000
26607,907.884,10000000
26608,909.221,10000000
26609,908.732,10000000
26610,907.847,10000000
26611,909.222,10000000
26612,908.847,10000000
26613,908.668,10000000
26614,908.156,10000000
26615,909.057,10000000
26616,908.799,10000000
26617,908.420,10000000
26618,908.705,10000000
26619,908.505,10000000
26620,906.767,10000000
26621,907.659,10000000
26622,908.332,10000000
26623,907.203,10000000
26624,908.474,10000000
26625,908.445,10000000
26626,908.190,10000000
26627,908.285,10000000
26628,909.152,10000000
26629,907.832,10000000
26630,906.794,10000000
26631,907.347,10000000
26632,907.930,10000000
26633,908.102,10000000
26634,905.990,10000000
26635,905.890,10000000
26636,906.348,10000000
26637,907.305,10000000
26638,907.464,10000000
26639,906.855,10000000
26640,907.333,10000000
26641,908.267,10000000
26642,907.805,10000000
26643,908.898,10000000
26644,908.919,10000000
26645,907.200,10000000
26646,908.131,10000000
26647,907.688,10000000
26648,906.910,10000000
26649,907.975,10000000
26650,906.926,10000000
26651,905.843,10000000
26652,906.460,10000000
26653,907.773,10000000
26654,906.782,10000000
26655,907.141,10000000
26656,906.221,10000000
26657,907.357,10000000
26658,908.251,10000000
26659,908.724,10000000
26660,908.311,10000000
26661,907.617,10000000
26662,908.228,10000000
26663,908.488,10000000
26664,908.489,10000000
26665,907.325,10000000
26666,907.785,10000000
26667,908.176,10000000
26668,908.646,10000000
26669,909.270,10000000
26670,907.556,10000000
26671,908.477,10000000
26672,906.951,10000000
26673,907.953,10000000
26674,908.697,10000000
26675,908.682,10000000
26676,908.070,10000000
26677,905.889,10000000
26678,906.955,10000000
26679,906.989,10000000
26680,907.497,10000000
26681,906.874,10000000
26682,905.327,10000000
26683,904.596,10000000
26684,906.253,10000000
26685,906.722,10000000
26686,906.579,10000000
26687,906.013,10000000
26688,904.765,10000000
26689,906.371,10000000
26690,906.961,10000000
26691,906.075,10000000
26692,906.547,10000000
26693,906.203,10000000
26694,906.869,10000000
26695,905.827,10000000
26696,905.782,10000000
26697,905.280,10000000
26698,905.662,10000000
26699,906.092,10000000
26700,905.951,10000000
26701,907.083,10000000
26702,905.725,10000000
26703,905.479,10000000
26704,906.798,10000000
26705,907.094,10000000
26706,906.951,10000000
26707,906.395,10000000
26708,906.653,10000000
26709,907.205,10000000
26710,907.131,10000000
26711,906.903,10000000
26712,907.280,10000000
26713,906.117,10000000
26714,906.273,10000000
26715,906.103,10000000
26716,906.889,10000000
26717,906.690,10000000
26718,906.096,10000000
26719,906.787,10000000
26720,907.299,10000000
26721,907.701,10000000
26722,907.122,10000000
26723,906.318,10000000
26724,905.368,10000000
26725,905.892,10000000
26726,906.649,10000000
26727,907.881,10000000
26728,907.908,10000000
26729,905.972,10000000
26730,906.331,10000000
26731,905.245,10000000
26732,904.820,10000000
26733,903.655,10000000
26734,904.798,10000000
26735,904.543,10000000
26736,904.090,10000000
26737,903.571,10000000
26738,904.864,10000000
26739,904.554,10000000
26740,905.336,10000000
26741,905.418,10000000
26742,905.743,10000000
26743,905.219,10000000
26744,904.076,10000000
26745,905.009,10000000
26746,905.542,10000000
26747,905.958,10000000
26748,905.714,10000000
26749,905.826,10000000
26750,905.696,10000000
26751,907.213,10000000
26752,905.945,10000000
26753,905.642,10000000
26754,906.158,10000000
26755,905.395,10000000
26756,904.636,10000000
26757,906.014,10000000
26758,906.317,10000000
26759,905.230,10000000
26760,905.543,10000000
26761,906.383,10000000
26762,905.803,10000000
26763,905.285,10000000
26764,906.208,10000000
26765,904.231,10000000
26766,905.127,10000000
26767,905.434,10000000
26768,906.324,10000000
26769,906.441,10000000
26770,904.728,10000000
26771,903.861,10000000
26772,905.139,10000000
26773,905.750,10000000
26774,905.568,10000000
26775,906.094,10000000
26776,906.182,10000000
26777,907.128,10000000
26778,905.925,10000000
26779,906.091,10000000
26780,906.199,10000000
26781,906.214,10000000
26782,905.071,10000000
26783,903.595,10000000
26784,904.143,10000000
26785,905.408,10000000
26786,904.674,10000000
26787,905.058,10000000
26788,905.217,10000000
26789,905.447,10000000
26790,904.560,10000000
26791,905.793,10000000
26792,905.781,10000000
26793,905.515,10000000
26794,904.388,10000000
26795,903.919,10000000
26796,905.012,10000000
26797,907.033,10000000
26798,906.597,10000000
26799,904.623,10000000
26800,903.876,10000000
26801,903.438,10000000
26802,903.379,10000000
26803,903.742,10000000
26804,902.879,10000000
26805,902.962,10000000
26806,903.829,10000000
26807,903.671,10000000
26808,904.256,10000000
26809,903.361,10000000
26810,903.557,10000000
26811,904.993,10000000
26812,904.410,10000000
26813,904.882,10000000
26814,904.876,10000000
26815,904.700,10000000
26816,904.958,10000000
26817,904.944,10000000
26818,905.173,10000000
26819,904.949,10000000
26820,905.715,10000000
26821,904.517,10000000
26822,905.074,10000000
26823,903.770,10000000
26824,904.258,10000000
26825,904.832,10000000
26826,905.987,10000000
26827,905.068,10000000
26828,904.557,10000000
26829,902.658,10000000
26830,902.680,10000000
26831,903.638,10000000
26832,903.713,10000000
26833,905.216,10000000
26834,903.972,10000000
26835,902.147,10000000
26836,902.869,10000000
26837,902.704,10000000
26838,904.593,10000000
26839,903.836,10000000
26840,904.516,10000000
26841,903.599,10000000
26842,904.208,10000000
26843,904.103,10000000
26844,904.779,10000000
26845,905.624,10000000
26846,903.914,10000000
26847,903.648,10000000
26848,904.184,10000000
26849,903.551,10000000
26850,903.434,10000000
26851,903.133,10000000
26852,901.632,10000000
26853,901.908,10000000
26854,902.343,10000000
26855,901.251,10000000
26856,901.608,10000000
26857,902.406,10000000
26858,902.599,10000000
26859,903.254,10000000
26860,903.528,10000000
26861,905.039,10000000
26862,904.627,10000000
26863,903.432,10000000
26864,903.012,10000000
26865,902.837,10000000
26866,903.357,10000000
26867,902.470,10000000
26868,902.003,10000000
26869,901.964,10000000
26870,903.486,10000000
26871,902.506,10000000
26872,902.819,10000000
26873,903.656,10000000
26874,903.266,10000000
26875,903.412,10000000
26876,903.636,10000000
26877,903.715,10000000
26878,904.369,10000000
26879,903.908,10000000
26880,903.771,10000000
26881,903.249,10000000
26882,902.442,10000000
26883,903.383,10000000
26884,903.193,10000000
26885,903.260,10000000
26886,903.773,10000000
26887,903.523,10000000
26888,904.243,10000000
26889,904.841,10000000
26890,904.436,10000000
26891,905.205,10000000
26892,904.237,10000000
26893,904.078,10000000
26894,903.950,10000000
26895,902.919,10000000
26896,903.122,10000000
26897,901.967,10000000
26898,902.539,10000000
26899,903.173,10000000
26900,902.735,10000000
26901,903.006,10000000
26902,901.496,10000000
26903,901.543,10000000
26904,901.453,10000000
26905,901.309,10000000
26906,902.211,10000000
26907,901.957,10000000
26908,902.125,10000000
26909,904.016,10000000
26910,903.892,10000000
26911,904.292,10000000
26912,903.859,10000000
26913,905.432,10000000
26914,903.321,10000000
26915,902.938,10000000
26916,902.852,10000000
26917,901.869,10000000
26918,901.710,10000000
26919,902.522,10000000
26920,901.278,10000000
26921,901.141,10000000
26922,901.359,10000000
26923,902.384,10000000
26924,902.183,10000000
26925,904.079,10000000
26926,902.825,10000000
26927,902.977,10000000
26928,902.163,10000000
26929,901.967,10000000
26930,902.857,10000000
26931,902.424,10000000
26932,901.943,10000000
26933,902.852,10000000
26934,901.233,10000000
26935,902.046,10000000
26936,903.045,10000000
26937,901.500,10000000
26938,901.065,10000000
26939,901.810,10000000
26940,902.910,10000000
26941,903.089,10000000
26942,902.205,10000000
26943,902.283,10000000
26944,903.096,10000000
26945,903.146,10000000
26946,902.437,10000000
26947,903.198,10000000
26948,903.831,10000000
26949,901.327,10000000
26950,901.389,10000000
26951,900.124,10000000
26952,900.677,10000000
26953,902.016,10000000
26954,903.079,10000000
26955,903.098,10000000
26956,904.798,10000000
26957,905.231,10000000
26958,904.501,10000000
26959,904.148,10000000
26960,902.405,10000000
26961,903.242,10000000
26962,902.763,10000000
26963,902.390,10000000
26964,900.428,10000000
26965,903.118,10000000
26966,902.056,10000000
26967,900.685,10000000
26968,900.343,10000000
26969,900.657,10000000
26970,901.668,10000000
26971,901.344,10000000
26972,901.133,10000000
26973,901.742,10000000
26974,901.310,10000000
26975,902.198,10000000
26976,901.024,10000000
26977,901.102,10000000
26978,900.717,10000000
26979,900.259,10000000
26980,900.097,10000000
26981,901.781,10000000
26982,902.050,10000000
26983,902.156,10000000
26984,901.576,10000000
26985,901.965,10000000
26986,901.652,10000000
26987,902.282,10000000
26988,902.699,10000000
26989,901.752,10000000
26990,901.491,10000000
26991,900.980,10000000
26992,901.789,10000000
26993,901.946,10000000
26994,900.210,10000000
26995,901.739,10000000
26996,902.566,10000000
26997,901.573,10000000
26998,900.772,10000000
26999,902.021,10000000
27000,900.788,10000000
27001,900.428,10000000
27002,899.510,10000000
27003,899.369,10000000
27004,900.293,10000000
27005,901.305,10000000
27006,901.597,10000000
27007,901.550,10000000
27008,901.404,10000000
27009,900.607,10000000
27010,900.189,10000000
27011,899.822,10000000
27012,900.646,10000000
27013,900.939,10000000
27014,901.670,10000000
27015,900.679,10000000
27016,900.726,10000000
27017,901.611,10000000
27018,901.279,10000000
27019,901.629,10000000
27020,901.611,10000000
27021,902.153,10000000
27022,901.735,10000000
27023,901.090,10000000
27024,900.810,10000000
27025,902.129,10000000
27026,911.188,10000000
27027,915.832,10000000
27028,918.521,10000000
27029,906.425,10000000
27030,896.397,10000000
27031,898.438,10000000
27032,894.346,10000000
27033,905.302,10000000
27034,914.835,10000000
27035,917.320,10000000
27036,905.036,10000000
27037,1144.969,10000000
27038,1779.622,10000000
27039,2352.675,10000000
27040,2802.494,10000000
27041,3155.106,10000000
27042,3430.574,10000000
27043,3647.951,10000000
27044,3825.876,10000000
27045,3982.257,10000000
27046,4118.904,10000000
27047,4235.395,10000000
27048,4325.022,10000000
27049,4402.234,10000000
27050,4475.565,10000000
27051,4544.821,10000000
27052,4604.124,10000000
27053,4652.786,10000000
27054,4696.120,10000000
27055,4738.101,10000000
27056,4782.612,10000000
27057,4822.973,10000000
27058,4852.258,10000000
27059,4878.733,10000000
27060,4908.281,10000000
27061,4938.876,10000000
27062,4965.682,10000000
27063,4988.783,10000000
27064,5008.457,10000000
27065,5032.587,10000000
27066,5054.718,10000000
27067,5074.583,10000000
27068,5089.599,10000000
27069,5103.938,10000000
27070,5120.171,10000000
27071,5139.995,10000000
27072,5155.969,10000000
27073,5168.880,10000000
27074,5183.363,10000000
27075,5194.125,10000000
27076,5209.550,10000000
27077,5222.617,10000000
27078,5234.625,10000000
27079,5242.526,10000000
27080,5255.324,10000000
27081,5267.809,10000000
27082,24723.408,10000000
27083,33684.875,10000000
27084,36992.895,10000000
27085,38206.883,10000000
27086,38501.324,10000000
27087,40921.227,10000000
27088,43238.766,10000000
27089,41583.941,10000000
27090,40392.793,10000000
27091,28891.283,10000000
27092,22185.730,10000000
27093,19704.189,10000000
27094,18957.211,10000000
27095,18740.893,10000000
27096,18633.971,10000000
27097,18564.541,10000000
27098,18484.811,10000000
27099,18430.518,10000000
27100,18396.732,10000000
27101,18336.199,10000000
27102,18310.447,10000000
27103,18288.490,10000000
27104,18225.719,10000000
27105,18221.422,10000000
27106,18378.672,10000000
27107,18519.477,10000000
27108,18573.613,10000000
27109,18541.391,10000000
27110,18467.648,10000000
27111,18425.680,10000000
27112,18370.230,10000000
27113,18372.475,10000000
27114,18295.967,10000000
27115,18254.016,10000000
27116,18250.260,10000000
27117,18210.191,10000000
27118,18328.482,10000000
27119,18451.547,10000000
27120,18568.076,10000000
27121,18497.857,10000000
27122,18487.375,10000000
27123,18426.752,10000000
27124,18408.145,10000000
27125,18366.934,10000000
27126,18294.273,10000000
27127,18272.709,10000000
27128,18264.963,10000000
27129,18211.369,10000000
27130,18260.867,10000000
27131,18442.172,10000000
27132,18549.463,10000000
27133,18531.211,10000000
27134,18483.646,10000000
27135,18455.893,10000000
27136,18376.514,10000000
27137,18378.818,10000000
27138,18356.121,10000000
27139,18284.971,10000000
27140,18256.805,10000000
27141,24286.615,10000000
27142,27989.738,10000000
27143,23185.498,10000000
27144,20292.807,10000000
27145,19521.008,10000000
27146,18828.951,10000000
27147,18578.064,10000000
27148,18454.674,10000000
27149,18386.195,10000000
27150,18339.418,10000000
27151,18308.955,10000000
27152,18268.547,10000000
27153,18240.322,10000000
27154,18198.451,10000000
27155,18366.834,10000000
27156,18523.951,10000000
27157,18575.504,10000000
27158,18504.414,10000000
27159,18467.738,10000000
27160,18427.693,10000000
27161,18369.529,10000000
27162,18338.029,10000000
27163,18297.182,10000000
27164,18246.635,10000000
27165,18196.955,10000000
27166,18183.504,10000000
27167,18320.953,10000000
27168,18455.395,10000000
27169,18541.738,10000000
27170,18516.727,10000000
27171,18459.072,10000000
27172,18433.982,10000000
27173,18404.072,10000000
27174,18356.521,10000000
27175,18300.713,10000000
27176,18260.006,10000000
27177,18240.172,10000000
27178,18204.025,10000000
27179,18254.564,10000000
27180,18404.898,10000000
27181,18551.648,10000000
27182,18528.029,10000000
27183,18459.154,10000000
27184,18439.375,10000000
27185,18382.900,10000000
27186,18351.875,10000000
27187,18317.006,10000000
27188,18279.648,10000000
27189,18256.627,10000000
27190,18229.451,10000000
27191,18237.801,10000000
27192,18384.924,10000000
27193,18496.381,10000000
27194,18510.172,10000000
27195,24796.537,10000000
27196,28287.797,10000000
27197,22979.217,10000000
27198,19999.123,10000000
27199,19244.736,10000000
27200,18601.615,10000000
27201,18360.984,10000000
27202,18249.943,10000000
27203,18284.824,10000000
27204,18438.715,10000000
27205,18556.086,10000000
27206,18554.389,10000000
27207,18500.779,10000000
27208,18455.250,10000000
27209,18376.559,10000000
27210,18347.508,10000000
27211,18315.502,10000000
27212,18283.359,10000000
27213,18255.303,10000000
27214,18191.684,10000000
27215,18209.512,10000000
27216,18373.490,10000000
27217,18521.164,10000000
27218,18561.857,10000000
27219,18497.309,10000000
27220,18466.850,10000000
27221,18426.375,10000000
27222,18381.318,10000000
27223,18329.260,10000000
27224,18278.939,10000000
27225,18274.037,10000000
27226,18213.381,10000000
27227,18196.355,10000000
27228,18314.844,10000000
27229,18469.504,10000000
27230,18562.621,10000000
27231,18535.053,10000000
27232,18494.697,10000000
27233,18430.740,10000000
27234,18425.533,10000000
27235,18372.273,10000000
27236,18336.932,10000000
27237,18286.004,10000000
27238,18236.990,10000000
27239,18234.453,10000000
27240,18336.648,10000000
27241,18453.537,10000000
27242,18550.150,10000000
27243,18489.393,10000000
27244,18467.922,10000000
27245,18464.689,10000000
27246,18389.764,10000000
27247,18375.494,10000000
27248,18315.646,10000000
27249,24873.922,10000000
27250,28166.789,10000000
27251,22579.533,10000000
27252,19916.980,10000000
27253,16478.748,10000000
27254,13822.721,10000000
27255,12812.370,10000000
27256,12442.620,10000000
27257,12323.428,10000000
27258,12300.875,10000000
27259,12288.797,10000000
27260,12264.130,10000000
27261,12274.807,10000000
27262,12265.454,10000000
27263,12262.418,10000000
27264,12269.144,10000000
27265,12250.008,10000000
27266,12245.473,10000000
27267,12247.587,10000000
27268,12269.832,10000000
27269,12235.300,10000000
27270,12244.786,10000000
27271,12232.967,10000000
27272,12258.840,10000000
27273,12268.450,10000000
27274,12276.169,10000000
27275,12262.836,10000000
27276,12251.267,10000000
27277,12273.805,10000000
27278,12277.976,10000000
27279,12276.341,10000000
27280,12258.228,10000000
27281,12278.596,10000000
27282,12263.100,10000000
27283,12271.989,10000000
27284,12246.820,10000000
27285,12259.834,10000000
27286,12247.036,10000000
27287,12277.803,10000000
27288,12260.359,10000000
27289,12238.248,10000000
27290,12235.854,10000000
27291,12267.811,10000000
27292,12269.135,10000000
27293,12263.155,10000000
27294,12247.337,10000000
27295,12230.565,10000000
27296,12256.303,10000000
27297,12241.810,10000000
27298,12241.485,10000000
27299,12221.937,10000000
27300,12212.087,10000000
27301,12204.624,10000000
27302,12219.665,10000000
27303,18915.293,10000000
27304,21950.830,10000000
27305,16220.634,10000000
27306,13701.906,10000000
27307,16971.559,10000000
27308,14010.547,10000000
27309,12923.399,10000000
27310,12511.909,10000000
27311,12357.744,10000000
27312,12276.405,10000000
27313,12255.188,10000000
27314,12244.806,10000000
27315,12252.704,10000000
27316,12272.282,10000000
27317,12248.180,10000000
27318,12246.572,10000000
27319,12254.245,10000000
27320,12261.945,10000000
27321,12270.271,10000000
27322,12243.010,10000000
27323,12241.168,10000000
27324,12258.972,10000000
27325,12249.345,10000000
27326,12274.196,10000000
27327,12284.669,10000000
27328,12276.140,10000000
27329,12271.150,10000000
27330,12275.486,10000000
27331,12240.131,10000000
27332,12233.862,10000000
27333,12246.384,10000000
27334,12252.849,10000000
27335,12249.444,10000000
27336,12235.609,10000000
27337,12252.221,10000000
27338,12267.553,10000000
27339,12259.775,10000000
27340,12276.001,10000000
27341,12251.177,10000000
27342,12263.719,10000000
27343,12252.465,10000000
27344,12275.265,10000000
27345,12259.228,10000000
27346,12275.441,10000000
27347,12251.030,10000000
27348,12251.223,10000000
27349,12242.836,10000000
27350,12250.889,10000000
27351,12258.195,10000000
27352,12280.777,10000000
27353,12260.979,10000000
27354,12222.397,10000000
27355,12254.999,10000000
27356,12246.133,10000000
27357,19146.104,10000000
27358,22036.775,10000000
27359,16051.638,10000000
27360,13641.229,10000000
27361,13017.905,10000000
27362,12539.862,10000000
27363,12357.762,10000000
27364,12295.050,10000000
27365,12262.794,10000000
27366,12278.864,10000000
27367,12248.645,10000000
27368,12272.570,10000000
27369,12232.326,10000000
27370,12269.271,10000000
27371,12253.751,10000000
27372,12240.786,10000000
27373,12226.069,10000000
27374,12256.402,10000000
27375,12239.856,10000000
27376,12254.564,10000000
27377,12242.678,10000000
27378,12229.149,10000000
27379,12256.722,10000000
27380,12268.590,10000000
27381,12251.123,10000000
27382,12253.547,10000000
27383,12233.226,10000000
27384,12251.673,10000000
27385,12263.148,10000000
27386,12258.761,10000000
27387,12247.439,10000000
27388,12253.233,10000000
27389,12240.389,10000000
27390,12242.285,10000000
27391,12242.937,10000000
27392,12238.662,10000000
27393,12239.735,10000000
27394,12236.371,10000000
27395,12235.605,10000000
27396,12253.407,10000000
27397,12260.198,10000000
27398,12255.768,10000000
27399,12223.830,10000000
27400,12245.326,10000000
27401,12240.933,10000000
27402,12248.796,10000000
27403,12236.820,10000000
27404,12248.794,10000000
27405,12235.809,10000000
27406,12246.626,10000000
27407,12253.895,10000000
27408,12243.538,10000000
27409,12264.269,10000000
27410,12244.921,10000000
27411,19359.822,10000000
27412,22125.701,10000000
27413,15872.121,10000000
27414,13575.900,10000000
27415,12986.206,10000000
27416,12523.019,10000000
27417,12358.905,10000000
27418,12284.901,10000000
27419,12257.569,10000000
27420,12245.883,10000000
27421,12259.777,10000000
27422,12238.830,10000000
27423,12251.734,10000000
27424,12231.979,10000000
27425,12240.231,10000000
27426,12241.197,10000000
27427,12238.305,10000000
27428,12255.813,10000000
27429,12267.623,10000000
27430,12271.476,10000000
27431,12263.780,10000000
27432,12247.866,10000000
27433,12220.703,10000000
27434,12246.870,10000000
27435,12249.647,10000000
27436,12250.832,10000000
27437,12242.375,10000000
27438,12231.692,10000000
27439,12241.943,10000000
27440,12262.390,10000000
27441,12282.390,10000000
27442,12252.731,10000000
27443,12254.412,10000000
27444,12234.234,10000000
27445,12278.531,10000000
27446,12279.457,10000000
27447,12291.114,10000000
27448,12266.176,10000000
27449,12260.866,10000000
27450,12234.519,10000000
27451,12238.130,10000000
27452,12247.110,10000000
27453,12241.362,10000000
27454,12246.381,10000000
27455,12247.333,10000000
27456,12236.645,10000000
27457,12254.308,10000000
27458,12253.694,10000000
27459,12242.402,10000000
27460,12222.406,10000000
27461,12247.563,10000000
27462,12258.134,10000000
27463,12276.546,10000000
27464,12224.342,10000000
27465,19546.002,10000000
27466,21760.063,10000000
27467,15727.682,10000000
27468,13537.316,10000000
27469,12951.335,10000000
27470,12525.229,10000000
27471,12353.774,10000000
27472,12309.963,10000000
27473,12287.344,10000000
27474,12293.238,10000000
27475,12246.423,10000000
27476,12264.594,10000000
27477,12252.790,10000000
27478,12263.799,10000000
27479,12259.192,10000000
27480,12257.410,10000000
27481,12242.942,10000000
27482,12245.690,10000000
27483,12278.213,10000000
27484,12294.271,10000000
27485,12295.823,10000000
27486,12295.649,10000000
27487,12292.922,10000000
27488,12273.267,10000000
27489,12283.583,10000000
27490,12285.613,10000000
27491,12302.782,10000000
27492,12283.186,10000000
27493,12281.131,10000000
27494,12270.429,10000000
27495,12305.784,10000000
27496,12317.994,10000000
27497,12303.795,10000000
27498,12302.874,10000000
27499,12291.083,10000000
27500,12305.359,10000000
27501,12306.579,10000000
27502,12300.745,10000000
27503,12279.596,10000000
27504,12309.285,10000000
27505,12286.969,10000000
27506,12321.191,10000000
27507,12281.179,10000000
27508,12285.929,10000000
27509,12283.442,10000000
27510,12299.599,10000000
27511,12294.319,10000000
27512,12286.394,10000000
27513,12275.421,10000000
27514,12308.238,10000000
27515,12318.688,10000000
27516,12338.807,10000000
27517,12323.086,10000000
27518,12760.939,10000000
27519,19742.197,10000000
27520,21311.801,10000000
27521,15621.767,10000000
27522,14015.330,10000000
27523,12913.675,10000000
27524,12530.508,10000000
27525,12391.454,10000000
27526,12334.402,10000000
27527,12315.499,10000000
27528,12289.703,10000000
27529,12323.303,10000000
27530,12286.336,10000000
27531,12288.190,10000000
27532,12285.229,10000000
27533,12282.160,10000000
27534,12290.053,10000000
27535,12273.488,10000000
27536,12279.146,10000000
27537,12298.659,10000000
27538,12307.139,10000000
27539,12279.971,10000000
27540,12281.721,10000000
27541,12302.568,10000000
27542,12305.541,10000000
27543,12303.723,10000000
27544,12287.616,10000000
27545,12283.810,10000000
27546,12299.765,10000000
27547,12308.062,10000000
27548,12291.178,10000000
27549,12311.750,10000000
27550,12290.380,10000000
27551,12296.427,10000000
27552,12321.560,10000000
27553,12284.713,10000000
27554,12285.979,10000000
27555,12293.320,10000000
27556,12275.403,10000000
27557,12297.291,10000000
27558,12306.670,10000000
27559,12319.205,10000000
27560,12312.872,10000000
27561,12276.812,10000000
27562,12298.983,10000000
27563,12305.760,10000000
27564,12321.840,10000000
27565,12295.916,10000000
27566,12282.468,10000000
27567,12277.792,10000000
27568,12278.280,10000000
27569,12292.744,10000000
27570,12294.021,10000000
27571,12299.076,10000000
27572,13287.392,10000000
27573,19915.482,10000000
27574,20893.453,10000000
27575,15448.564,10000000
27576,14356.895,10000000
27577,19995.768,10000000
27578,19090.957,10000000
27579,18800.924,10000000
27580,18656.604,10000000
27581,18573.693,10000000
27582,18507.191,10000000
27583,18417.643,10000000
27584,18419.672,10000000
27585,18354.443,10000000
27586,18313.168,10000000
27587,18262.045,10000000
27588,18241.809,10000000
27589,18283.813,10000000
27590,18457.582,10000000
27591,18587.348,10000000
27592,18567.229,10000000
27593,18506.463,10000000
27594,18477.645,10000000
27595,18436.105,10000000
27596,18404.473,10000000
27597,18387.449,10000000
27598,18328.094,10000000
27599,18255.477,10000000
27600,18227.859,10000000
27601,18275.088,10000000
27602,18431.996,10000000
27603,18580.580,10000000
27604,18589.363,10000000
27605,18527.289,10000000
27606,18492.145,10000000
27607,18456.885,10000000
27608,18400.266,10000000
27609,18355.586,10000000
27610,18340.521,10000000
27611,18271.979,10000000
27612,18235.936,10000000
27613,18280.490,10000000
27614,18434.658,10000000
27615,18568.596,10000000
27616,18602.617,10000000
27617,18526.518,10000000
27618,18490.336,10000000
27619,18440.582,10000000
27620,18417.855,10000000
27621,18363.996,10000000
27622,18340.416,10000000
27623,18299.674,10000000
27624,18248.424,10000000
27625,18273.824,10000000
27626,20018.098,10000000
27627,26524.758,10000000
27628,26826.309,10000000
27629,21569.510,10000000
27630,20180.541,10000000
27631,19071.859,10000000
27632,18638.816,10000000
27633,18467.529,10000000
27634,18354.709,10000000
27635,18319.070,10000000
27636,18287.820,10000000
27637,18299.129,10000000
27638,18428.293,10000000
27639,18567.838,10000000
27640,18565.654,10000000
27641,18534.330,10000000
27642,18492.090,10000000
27643,18456.150,10000000
27644,18402.801,10000000
27645,18368.080,10000000
27646,18347.639,10000000
27647,18306.846,10000000
27648,18271.717,10000000
27649,18292.525,10000000
27650,18445.352,10000000
27651,18594.352,10000000
27652,18583.650,10000000
27653,18528.568,10000000
27654,18519.621,10000000
27655,18449.750,10000000
27656,18411.967,10000000
27657,18399.857,10000000
27658,18353.355,10000000
27659,18278.842,10000000
27660,18280.723,10000000
27661,18303.170,10000000
27662,18434.719,10000000
27663,18569.732,10000000
27664,18597.811,10000000
27665,18567.029,10000000
27666,18495.586,10000000
27667,18411.227,10000000
27668,18415.529,10000000
27669,18377.992,10000000
27670,18341.863,10000000
27671,18313.027,10000000
27672,18308.799,10000000
27673,18269.535,10000000
27674,18394.389,10000000
27675,18540.953,10000000
27676,18622.639,10000000
27677,18539.223,10000000
27678,18478.609,10000000
27679,18469.078,10000000
27680,20457.402,10000000
27681,26555.525,10000000
27682,26349.242,10000000
27683,21210.449,10000000
27684,19843.340,10000000
27685,18836.668,10000000
27686,18653.557,10000000
27687,18636.998,10000000
27688,18610.311,10000000
27689,18547.551,10000000
27690,18492.014,10000000
27691,18465.729,10000000
27692,18454.953,10000000
27693,18424.732,10000000
27694,18385.650,10000000
27695,18349.289,10000000
27696,18282.439,10000000
27697,18281.492,10000000
27698,18416.662,10000000
27699,18552.291,10000000
27700,18598.840,10000000
27701,18552.721,10000000
27702,18507.254,10000000
27703,18457.359,10000000
27704,18407.734,10000000
27705,18411.834,10000000
27706,18364.961,10000000
27707,18332.055,10000000
27708,18259.900,10000000
27709,18266.311,10000000
27710,18393.104,10000000
27711,18496.156,10000000
27712,18613.832,10000000
27713,18540.361,10000000
27714,18490.658,10000000
27715,18460.363,10000000
27716,18467.445,10000000
27717,18397.250,10000000
27718,18363.256,10000000
27719,18338.539,10000000
27720,18290.969,10000000
27721,18259.953,10000000
27722,18379.324,10000000
27723,18525.156,10000000
27724,18614.563,10000000
27725,18568.234,10000000
27726,18499.730,10000000
27727,18465.377,10000000
27728,18424.625,10000000
27729,18366.033,10000000
27730,18378.254,10000000
27731,18345.320,10000000
27732,18305.137,10000000
27733,18266.680,10000000
27734,20870.699,10000000
27735,26800.463,10000000
27736,26127.279,10000000
27737,21336.857,10000000
27738,20053.506,10000000
27739,19065.459,10000000
27740,18690.270,10000000
27741,18476.844,10000000
27742,18397.205,10000000
27743,18357.475,10000000
27744,18308.021,10000000
27745,18279.709,10000000
27746,18294.051,10000000
27747,18468.133,10000000
27748,18603.430,10000000
27749,18601.393,10000000
27750,18534.283,10000000
27751,18496.291,10000000
27752,18445.359,10000000
27753,18423.605,10000000
27754,18383.293,10000000
27755,18348.645,10000000
27756,18297.713,10000000
27757,18249.998,10000000
27758,18287.277,10000000
27759,18413.307,10000000
27760,18550.609,10000000
27761,18570.145,10000000
27762,18503.252,10000000
27763,18493.494,10000000
27764,18436.766,10000000
27765,18398.006,10000000
27766,18378.170,10000000
27767,18335.443,10000000
27768,18310.188,10000000
27769,18255.523,10000000
27770,18269.949,10000000
27771,18413.209,10000000
27772,18512.176,10000000
27773,18604.176,10000000
27774,18547.010,10000000
27775,18498.914,10000000
27776,18474.980,10000000
27777,18449.973,10000000
27778,18376.186,10000000
27779,18346.250,10000000
27780,18307.088,10000000
27781,18266.875,10000000
27782,18263.197,10000000
27783,18424.418,10000000
27784,18532.014,10000000
27785,18586.850,10000000
27786,18548.303,10000000
27787,18485.236,10000000
27788,21380.383,10000000
27789,26805.178,10000000
27790,25434.123,10000000
27791,20910.191,10000000
27792,19395.441,10000000
27793,14898.322,10000000
27794,13250.627,10000000
27795,12616.067,10000000
27796,12432.882,10000000
27797,12338.999,10000000
27798,12321.633,10000000
27799,12312.504,10000000
27800,12301.501,10000000
27801,12293.260,10000000
27802,12309.757,10000000
27803,12314.756,10000000
27804,12285.883,10000000
27805,12303.046,10000000
27806,12282.575,10000000
27807,12295.443,10000000
27808,12277.002,10000000
27809,12272.524,10000000
27810,12287.634,10000000
27811,12280.723,10000000
27812,12283.451,10000000
27813,12287.085,10000000
27814,12311.614,10000000
27815,12294.534,10000000
27816,12309.865,10000000
27817,12290.766,10000000
27818,12300.275,10000000
27819,12290.702,10000000
27820,12297.319,10000000
27821,12303.778,10000000
27822,12286.147,10000000
27823,12291.943,10000000
27824,12307.749,10000000
27825,12284.515,10000000
27826,12275.919,10000000
27827,12275.843,10000000
27828,12292.325,10000000
27829,12271.572,10000000
27830,12308.002,10000000
27831,12250.010,10000000
27832,12288.371,10000000
27833,12303.040,10000000
27834,12298.223,10000000
27835,12291.456,10000000
27836,12309.381,10000000
27837,12296.750,10000000
27838,12298.820,10000000
27839,12295.595,10000000
27840,12310.032,10000000
27841,12292.502,10000000
27842,15631.871,10000000
27843,20738.365,10000000
27844,18992.547,10000000
27845,14739.196,10000000
27846,16532.564,10000000
27847,15192.814,10000000
27848,13378.021,10000000
27849,12689.952,10000000
27850,12438.699,10000000
27851,12361.321,10000000
27852,12325.229,10000000
27853,12305.943,10000000
27854,12291.178,10000000
27855,12293.650,10000000
27856,12298.040,10000000
27857,12297.471,10000000
27858,12282.720,10000000
27859,12285.685,10000000
27860,12300.605,10000000
27861,12288.198,10000000
27862,12295.212,10000000
27863,12283.865,10000000
27864,12319.979,10000000
27865,12299.470,10000000
27866,12301.669,10000000
27867,12295.618,10000000
27868,12299.832,10000000
27869,12286.249,10000000
27870,12289.961,10000000
27871,12302.473,10000000
27872,12273.477,10000000
27873,12267.056,10000000
27874,12273.224,10000000
27875,12285.396,10000000
27876,12277.441,10000000
27877,12284.592,10000000
27878,12262.465,10000000
27879,12258.801,10000000
27880,12280.385,10000000
27881,12301.752,10000000
27882,12291.757,10000000
27883,12258.844,10000000
27884,12256.541,10000000
27885,12282.913,10000000
27886,12281.740,10000000
27887,12276.519,10000000
27888,12272.701,10000000
27889,12291.253,10000000
27890,12322.467,10000000
27891,12297.536,10000000
27892,12302.545,10000000
27893,12286.057,10000000
27894,12300.938,10000000
27895,12314.327,10000000
27896,15993.456,10000000
27897,20878.215,10000000
27898,18669.518,10000000
27899,14618.849,10000000
27900,13584.093,10000000
27901,12766.898,10000000
27902,12447.175,10000000
27903,12371.071,10000000
27904,12304.057,10000000
27905,12303.826,10000000
27906,12290.854,10000000
27907,12294.141,10000000
27908,12277.918,10000000
27909,12279.958,10000000
27910,12293.410,10000000
27911,12303.058,10000000
27912,12281.429,10000000
27913,12278.842,10000000
27914,12304.635,10000000
27915,12289.877,10000000
27916,12299.349,10000000
27917,12284.803,10000000
27918,12281.081,10000000
27919,12285.446,10000000
27920,12316.355,10000000
27921,12300.307,10000000
27922,12308.412,10000000
27923,12315.190,10000000
27924,12297.317,10000000
27925,12301.280,10000000
27926,12297.082,10000000
27927,12300.034,10000000
27928,12308.323,10000000
27929,12280.613,10000000
27930,12283.564,10000000
27931,12272.788,10000000
27932,12307.614,10000000
27933,12277.418,10000000
27934,12304.270,10000000
27935,12311.436,10000000
27936,12314.693,10000000
27937,12317.183,10000000
27938,12274.207,10000000
27939,12302.271,10000000
27940,12274.151,10000000
27941,12306.334,10000000
27942,12306.634,10000000
27943,12284.182,10000000
27944,12306.492,10000000
27945,12275.167,10000000
27946,12290.635,10000000
27947,12292.306,10000000
27948,12290.888,10000000
27949,12295.480,10000000
27950,16416.244,10000000
27951,21024.863,10000000
27952,18298.164,10000000
27953,14527.042,10000000
27954,13493.891,10000000
27955,12737.345,10000000
27956,12463.809,10000000
27957,12354.755,10000000
27958,12299.942,10000000
27959,12280.625,10000000
27960,12286.296,10000000
27961,12260.029,10000000
27962,12276.357,10000000
27963,12245.856,10000000
27964,12267.067,10000000
27965,12291.579,10000000
27966,12278.820,10000000
27967,12281.670,10000000
27968,12283.997,10000000
27969,12284.920,10000000
27970,12283.759,10000000
27971,12277.146,10000000
27972,12298.725,10000000
27973,12296.639,10000000
27974,12299.652,10000000
27975,12279.775,10000000
27976,12283.622,10000000
27977,12291.834,10000000
27978,12301.060,10000000
27979,12278.565,10000000
27980,12259.572,10000000
27981,12270.370,10000000
27982,12295.342,10000000
27983,12298.433,10000000
27984,12265.569,10000000
27985,12311.287,10000000
27986,12293.616,10000000
27987,12294.691,10000000
27988,12292.801,10000000
27989,12302.964,10000000
27990,12303.834,10000000
27991,12280.680,10000000
27992,12267.772,10000000
27993,12312.504,10000000
27994,12283.855,10000000
27995,12272.290,10000000
27996,12280.208,10000000
27997,12267.017,10000000
27998,12269.705,10000000
27999,12282.924,10000000
28000,12295.977,10000000
28001,12291.498,10000000
28002,12291.855,10000000
28003,12271.404,10000000
28004,16701.703,10000000
28005,21128.508,10000000
28006,18070.443,10000000
28007,14392.716,10000000
28008,13440.234,10000000
28009,12726.712,10000000
28010,12440.429,10000000
28011,12329.135,10000000
28012,12311.697,10000000
28013,12302.568,10000000
28014,12302.873,10000000
28015,12289.379,10000000
28016,12287.102,10000000
28017,12284.567,10000000
28018,12265.081,10000000
28019,12281.539,10000000
28020,12301.583,10000000
28021,12296.253,10000000
28022,12296.909,10000000
28023,12279.824,10000000
28024,12291.526,10000000
28025,12278.672,10000000
28026,12322.337,10000000
28027,12303.197,10000000
28028,12284.479,10000000
28029,12283.392,10000000
28030,12279.089,10000000
28031,12298.004,10000000
28032,12265.536,10000000
28033,12319.654,10000000
28034,12283.572,10000000
28035,12288.080,10000000
28036,12291.741,10000000
28037,12292.304,10000000
28038,12265.044,10000000
28039,12250.613,10000000
28040,12286.211,10000000
28041,12240.505,10000000
28042,12273.122,10000000
28043,12270.687,10000000
28044,12261.619,10000000
28045,12270.521,10000000
28046,12295.575,10000000
28047,12301.398,10000000
28048,12291.571,10000000
28049,12293.641,10000000
28050,12301.869,10000000
28051,12289.002,10000000
28052,12300.898,10000000
28053,12285.721,10000000
28054,12277.925,10000000
28055,12261.059,10000000
28056,12265.227,10000000
28057,12283.669,10000000
28058,17072.244,10000000
28059,21239.422,10000000
28060,17790.021,10000000
28061,14279.132,10000000
28062,13792.725,10000000
28063,19733.791,10000000
28064,21838.133,10000000
28065,22652.928,10000000
28066,22908.398,10000000
28067,23052.291,10000000
28068,23097.258,10000000
28069,23140.898,10000000
28070,23091.074,10000000
28071,23097.463,10000000
28072,23097.348,10000000
28073,23048.332,10000000
28074,23024.697,10000000
28075,22984.520,10000000
28076,22974.656,10000000
28077,22955.895,10000000
28078,22945.381,10000000
28079,22964.082,10000000
28080,22924.936,10000000
28081,22971.432,10000000
28082,22959.906,10000000
28083,22903.162,10000000
28084,22914.715,10000000
28085,22879.822,10000000
28086,22806.977,10000000
28087,22801.383,10000000
28088,22813.105,10000000
28089,22785.625,10000000
28090,22763.900,10000000
28091,22780.545,10000000
28092,22742.875,10000000
28093,22764.131,10000000
28094,22780.012,10000000
28095,22721.881,10000000
28096,22715.043,10000000
28097,22686.666,10000000
28098,22679.211,10000000
28099,22664.623,10000000
28100,22645.541,10000000
28101,22655.504,10000000
28102,22608.250,10000000
28103,22619.510,10000000
28104,22613.412,10000000
28105,22633.758,10000000
28106,22563.406,10000000
28107,22587.273,10000000
28108,22543.689,10000000
28109,22536.328,10000000
28110,22491.119,10000000
28111,22492.895,10000000
28112,25361.859,10000000
28113,27316.707,10000000
28114,24719.748,10000000
28115,23249.082,10000000
28116,25721.316,10000000
28117,21444.182,10000000
28118,19516.254,10000000
28119,18770.529,10000000
28120,18475.883,10000000
28121,18335.496,10000000
28122,18263.885,10000000
28123,18257.516,10000000
28124,18374.854,10000000
28125,18492.432,10000000
28126,18553.367,10000000
28127,18493.533,10000000
28128,18466.857,10000000
28129,18399.621,10000000
28130,18369.646,10000000
28131,18342.729,10000000
28132,18328.590,10000000
28133,18252.723,10000000
28134,18215.387,10000000
28135,18223.625,10000000
28136,18327.529,10000000
28137,18478.729,10000000
28138,18546.582,10000000
28139,18513.793,10000000
28140,18479.053,10000000
28141,18439.354,10000000
28142,18404.709,10000000
28143,18356.070,10000000
28144,18327.854,10000000
28145,18291.672,10000000
28146,18238.588,10000000
28147,18201.369,10000000
28148,18228.613,10000000
28149,18409.764,10000000
28150,18521.174,10000000
28151,18528.162,10000000
28152,18478.984,10000000
28153,18470.422,10000000
28154,18447.936,10000000
28155,18415.078,10000000
28156,18343.125,10000000
28157,18318.684,10000000
28158,18284.246,10000000
28159,18246.832,10000000
28160,18232.391,10000000
28161,18323.736,10000000
28162,18481.434,10000000
28163,18585.975,10000000
28164,18504.633,10000000
28165,18452.385,10000000
28166,23259.232,10000000
28167,26771.605,10000000
28168,22920.908,10000000
28169,19975.283,10000000
28170,19212.379,10000000
28171,18585.055,10000000
28172,18356.682,10000000
28173,18351.838,10000000
28174,18477.980,10000000
28175,18540.049,10000000
28176,18502.564,10000000
28177,18448.262,10000000
28178,18405.221,10000000
28179,18369.467,10000000
28180,18333.596,10000000
28181,18305.307,10000000
28182,18257.500,10000000
28183,18234.057,10000000
28184,18221.318,10000000
28185,18246.752,10000000
28186,18384.641,10000000
28187,18511.555,10000000
28188,18491.379,10000000
28189,18444.482,10000000
28190,18415.039,10000000
28191,18389.781,10000000
28192,18321.689,10000000
28193,18296.238,10000000
28194,18261.092,10000000
28195,18234.320,10000000
28196,18210.475,10000000
28197,18247.646,10000000
28198,18372.371,10000000
28199,18492.961,10000000
28200,18539.373,10000000
28201,18453.240,10000000
28202,18417.887,10000000
28203,18378.023,10000000
28204,18335.215,10000000
28205,18311.250,10000000
28206,18270.963,10000000
28207,18248.775,10000000
28208,18243.646,10000000
28209,18218.859,10000000
28210,18368.123,10000000
28211,18512.043,10000000
28212,18523.305,10000000
28213,18476.334,10000000
28214,18449.385,10000000
28215,18386.887,10000000
28216,18361.506,10000000
28217,18307.053,10000000
28218,18270.656,10000000
28219,18226.396,10000000
28220,23184.262,10000000
28221,26491.236,10000000
28222,22618.510,10000000
28223,20018.330,10000000
28224,19418.150,10000000
28225,18824.275,10000000
28226,18585.137,10000000
28227,18450.529,10000000
28228,18397.180,10000000
28229,18351.598,10000000
28230,18297.518,10000000
28231,18245.684,10000000
28232,18250.422,10000000
28233,18197.645,10000000
28234,18261.793,10000000
28235,18431.824,10000000
28236,18513.635,10000000
28237,18498.537,10000000
28238,18456.842,10000000
28239,18401.600,10000000
28240,18346.938,10000000
28241,18338.887,10000000
28242,18317.158,10000000
28243,18292.533,10000000
28244,18257.203,10000000
28245,18210.955,10000000
28246,18216.691,10000000
28247,18375.500,10000000
28248,18497.002,10000000
28249,18520.879,10000000
28250,18484.205,10000000
28251,18425.063,10000000
28252,18404.168,10000000
28253,18337.574,10000000
28254,18329.510,10000000
28255,18302.412,10000000
28256,18237.354,10000000
28257,18222.447,10000000
28258,18213.422,10000000
28259,18336.473,10000000
28260,18479.168,10000000
28261,18516.152,10000000
28262,18463.393,10000000
28263,18409.609,10000000
28264,18402.381,10000000
28265,18361.129,10000000
28266,18343.303,10000000
28267,18285.023,10000000
28268,18236.967,10000000
28269,18230.729,10000000
28270,18209.670,10000000
28271,18258.199,10000000
28272,18418.525,10000000
28273,18552.232,10000000
28274,23415.861,10000000
28275,26320.900,10000000
28276,22335.148,10000000
28277,19800.633,10000000
28278,19133.959,10000000
28279,18617.018,10000000
28280,18369.320,10000000
28281,18251.367,10000000
28282,18227.389,10000000
28283,18241.496,10000000
28284,18389.270,10000000
28285,18523.881,10000000
28286,18508.932,10000000
28287,18442.953,10000000
28288,18437.701,10000000
28289,18392.184,10000000
28290,18355.174,10000000
28291,18312.240,10000000
28292,18254.211,10000000
28293,18250.576,10000000
28294,18184.123,10000000
28295,18210.615,10000000
28296,18344.660,10000000
28297,18469.869,10000000
28298,18500.900,10000000
28299,18454.004,10000000
28300,18408.908,10000000
28301,18366.000,10000000
28302,18355.406,10000000
28303,18311.775,10000000
28304,18262.291,10000000
28305,18223.693,10000000
28306,18189.186,10000000
28307,18213.305,10000000
28308,18355.291,10000000
28309,18457.264,10000000
28310,18506.582,10000000
28311,18444.629,10000000
28312,18400.691,10000000
28313,18348.596,10000000
28314,18321.656,10000000
28315,18314.832,10000000
28316,18263.055,10000000
28317,18214.643,10000000
28318,18157.986,10000000
28319,18160.568,10000000
28320,18294.357,10000000
28321,18409.242,10000000
28322,18524.744,10000000
28323,18450.463,10000000
28324,18412.678,10000000
28325,18380.307,10000000
28326,18343.271,10000000
28327,18330.215,10000000
28328,23351.596,10000000
28329,26122.951,10000000
28330,21850.477,10000000
28331,19487.426,10000000
28332,16500.725,10000000
28333,13844.868,10000000
28334,12844.385,10000000
28335,12495.231,10000000
28336,12359.928,10000000
28337,12302.575,10000000
28338,12286.076,10000000
28339,12291.867,10000000
28340,12278.147,10000000
28341,12280.622,10000000
28342,12254.393,10000000
28343,12269.988,10000000
28344,12275.006,10000000
28345,12259.769,10000000
28346,12277.604,10000000
28347,12257.692,10000000
28348,12276.262,10000000
28349,12280.104,10000000
28350,12295.412,10000000
28351,12272.121,10000000
28352,12269.658,10000000
28353,12296.699,10000000
28354,12289.157,10000000
28355,12293.726,10000000
28356,12283.841,10000000
28357,12260.356,10000000
28358,12277.791,10000000
28359,12293.832,10000000
28360,12298.733,10000000
28361,12287.958,10000000
28362,12296.821,10000000
28363,12308.215,10000000
28364,12293.414,10000000
28365,12304.136,10000000
28366,12287.084,10000000
28367,12303.890,10000000
28368,12302.042,10000000
28369,12298.277,10000000
28370,12283.847,10000000
28371,12282.200,10000000
28372,12263.531,10000000
28373,12295.520,10000000
28374,12264.779,10000000
28375,12266.792,10000000
28376,12269.007,10000000
28377,12272.002,10000000
28378,12252.452,10000000
28379,12288.554,10000000
28380,12256.741,10000000
28381,12272.533,10000000
28382,18473.520,10000000
28383,21585.184,10000000
28384,16371.272,10000000
28385,13768.545,10000000
28386,17096.021,10000000
28387,14058.707,10000000
28388,12922.509,10000000
28389,12513.194,10000000
28390,12368.848,10000000
28391,12298.574,10000000
28392,12314.619,10000000
28393,12292.043,10000000
28394,12294.582,10000000
28395,12297.846,10000000
28396,12302.894,10000000
28397,12282.198,10000000
28398,12264.548,10000000
28399,12254.237,10000000
28400,12263.042,10000000
28401,12258.444,10000000
28402,12272.705,10000000
28403,12257.904,10000000
28404,12261.938,10000000
28405,12264.932,10000000
28406,12282.807,10000000
28407,12280.621,10000000
28408,12262.464,10000000
28409,12266.996,10000000
28410,12255.488,10000000
28411,12270.292,10000000
28412,12269.704,10000000
28413,12236.771,10000000
28414,12291.484,10000000
28415,12269.718,10000000
28416,12293.080,10000000
28417,12277.828,10000000
28418,12273.760,10000000
28419,12279.196,10000000
28420,12247.047,10000000
28421,12290.467,10000000
28422,12256.545,10000000
28423,12257.756,10000000
28424,12268.226,10000000
28425,12289.931,10000000
28426,12255.383,10000000
28427,12250.056,10000000
28428,12274.392,10000000
28429,12252.686,10000000
28430,12286.830,10000000
28431,12278.667,10000000
28432,12293.046,10000000
28433,12268.731,10000000
28434,12266.878,10000000
28435,12252.695,10000000
28436,18621.254,10000000
28437,21589.061,10000000
28438,16118.011,10000000
28439,13674.290,10000000
28440,13052.359,10000000
28441,12546.220,10000000
28442,12397.004,10000000
28443,12300.822,10000000
28444,12289.599,10000000
28445,12285.107,10000000
28446,12289.135,10000000
28447,12262.588,10000000
28448,12262.547,10000000
28449,12255.834,10000000
28450,12264.165,10000000
28451,12258.829,10000000
28452,12256.882,10000000
28453,12282.725,10000000
28454,12284.356,10000000
28455,12244.556,10000000
28456,12273.754,10000000
28457,12266.219,10000000
28458,12274.782,10000000
28459,12284.379,10000000
28460,12282.288,10000000
28461,12277.758,10000000
28462,12270.337,10000000
28463,12256.191,10000000
28464,12255.901,10000000
28465,12289.944,10000000
28466,12278.172,10000000
28467,12264.539,10000000
28468,12253.264,10000000
28469,12250.072,10000000
28470,12279.401,10000000
28471,12260.538,10000000
28472,12259.159,10000000
28473,12255.969,10000000
28474,12253.742,10000000
28475,12284.720,10000000
28476,12303.436,10000000
28477,12265.467,10000000
28478,12297.561,10000000
28479,12249.202,10000000
28480,12255.168,10000000
28481,12261.948,10000000
28482,12279.033,10000000
28483,12256.445,10000000
28484,12258.196,10000000
28485,12249.642,10000000
28486,12274.851,10000000
28487,12270.672,10000000
28488,12263.285,10000000
28489,12269.249,10000000
28490,18788.570,10000000
28491,21580.639,10000000
28492,15910.091,10000000
28493,13594.292,10000000
28494,12999.210,10000000
28495,12535.193,10000000
28496,12373.611,10000000
28497,12304.229,10000000
28498,12287.600,10000000
28499,12285.762,10000000
28500,12305.637,10000000
28501,12299.578,10000000
28502,12284.046,10000000
28503,12273.256,10000000
28504,12275.226,10000000
28505,12265.428,10000000
28506,12297.928,10000000
28507,12280.535,10000000
28508,12261.235,10000000
28509,12268.850,10000000
28510,12273.074,10000000
28511,12279.453,10000000
28512,12301.734,10000000
28513,12297.550,10000000
28514,12286.989,10000000
28515,12287.167,10000000
28516,12287.118,10000000
28517,12285.676,10000000
28518,12272.818,10000000
28519,12275.957,10000000
28520,12232.867,10000000
28521,12262.860,10000000
28522,12235.158,10000000
28523,12235.163,10000000
28524,12274.354,10000000
28525,12261.961,10000000
28526,12280.402,10000000
28527,12272.825,10000000
28528,12261.038,10000000
28529,12276.743,10000000
28530,12272.832,10000000
28531,12287.448,10000000
28532,12263.842,10000000
28533,12263.030,10000000
28534,12254.017,10000000
28535,12255.929,10000000
28536,12280.242,10000000
28537,12255.521,10000000
28538,12277.126,10000000
28539,12257.832,10000000
28540,12241.282,10000000
28541,12270.969,10000000
28542,12272.140,10000000
28543,12272.763,10000000
28544,18906.578,10000000
28545,21572.490,10000000
28546,15727.395,10000000
28547,13500.042,10000000
28548,12947.679,10000000
28549,12532.343,10000000
28550,12342.204,10000000
28551,12295.650,10000000
28552,12277.711,10000000
28553,12256.394,10000000
28554,12247.166,10000000
28555,12232.168,10000000
28556,12243.318,10000000
28557,12249.684,10000000
28558,12289.689,10000000
28559,12253.452,10000000
28560,12290.973,10000000
28561,12277.039,10000000
28562,12275.604,10000000
28563,12269.733,10000000
28564,12269.068,10000000
28565,12255.636,10000000
28566,12244.138,10000000
28567,12260.898,10000000
28568,12249.327,10000000
28569,12265.676,10000000
28570,12241.516,10000000
28571,12241.081,10000000
28572,12257.713,10000000
28573,12250.677,10000000
28574,12263.521,10000000
28575,12251.534,10000000
28576,12236.668,10000000
28577,12262.158,10000000
28578,12241.713,10000000
28579,12251.205,10000000
28580,12240.266,10000000
28581,12269.247,10000000
28582,12258.879,10000000
28583,12263.984,10000000
28584,12242.201,10000000
28585,12237.411,10000000
28586,12242.527,10000000
28587,12249.625,10000000
28588,12248.461,10000000
28589,12270.323,10000000
28590,12251.932,10000000
28591,12243.563,10000000
28592,12252.803,10000000
28593,12240.117,10000000
28594,12275.014,10000000
28595,12253.384,10000000
28596,12261.292,10000000
28597,12266.242,10000000
28598,19046.529,10000000
28599,21283.234,10000000
28600,15599.348,10000000
28601,13444.438,10000000
28602,12935.484,10000000
28603,12487.313,10000000
28604,12342.025,10000000
28605,12312.642,10000000
28606,12301.452,10000000
28607,12300.067,10000000
28608,12269.500,10000000
28609,12291.765,10000000
28610,12286.595,10000000
28611,12287.339,10000000
28612,12247.919,10000000
28613,12233.020,10000000
28614,12257.741,10000000
28615,12263.685,10000000
28616,12251.396,10000000
28617,12251.520,10000000
28618,12266.361,10000000
28619,12258.471,10000000
28620,12257.671,10000000
28621,12299.834,10000000
28622,12274.999,10000000
28623,12258.980,10000000
28624,12253.941,10000000
28625,12252.657,10000000
28626,12266.302,10000000
28627,12289.461,10000000
28628,12294.138,10000000
28629,12271.134,10000000
28630,12303.268,10000000
28631,12265.814,10000000
28632,12265.142,10000000
28633,12269.714,10000000
28634,12279.760,10000000
28635,12252.265,10000000
28636,12258.011,10000000
28637,12275.811,10000000
28638,12299.992,10000000
28639,12303.168,10000000
28640,12278.313,10000000
28641,12274.244,10000000
28642,12280.644,10000000
28643,12257.167,10000000
28644,12274.540,10000000
28645,12290.888,10000000
28646,12286.688,10000000
28647,12281.668,10000000
28648,12251.245,10000000
28649,12301.100,10000000
28650,12285.049,10000000
28651,12569.901,10000000
28652,19097.090,10000000
28653,20752.063,10000000
28654,15388.873,10000000
28655,13726.575,10000000
28656,18609.959,10000000
28657,18241.654,10000000
28658,18101.637,10000000
28659,18019.510,10000000
28660,18036.270,10000000
28661,18157.803,10000000
28662,18281.102,10000000
28663,18314.436,10000000
28664,18246.656,10000000
28665,18222.465,10000000
28666,18169.508,10000000
28667,18155.473,10000000
28668,18108.000,10000000
28669,18056.330,10000000
28670,18025.053,10000000
28671,17976.254,10000000
28672,18013.848,10000000
28673,18156.689,10000000
28674,18303.117,10000000
28675,18316.252,10000000
28676,18261.912,10000000
28677,18222.840,10000000
28678,18173.543,10000000
28679,18112.654,10000000
28680,18085.877,10000000
28681,18058.027,10000000
28682,18029.629,10000000
28683,17996.287,10000000
28684,17972.402,10000000
28685,18109.430,10000000
28686,18207.885,10000000
28687,18314.807,10000000
28688,18262.895,10000000
28689,18213.602,10000000
28690,18151.449,10000000
28691,18122.238,10000000
28692,18085.588,10000000
28693,18036.438,10000000
28694,18011.625,10000000
28695,17975.781,10000000
28696,17950.785,10000000
28697,18038.051,10000000
28698,18183.326,10000000
28699,18285.449,10000000
28700,18262.154,10000000
28701,18165.008,10000000
28702,18146.848,10000000
28703,18134.902,10000000
28704,18094.576,10000000
28705,18521.670,10000000
28706,22668.229,10000000
28707,23313.449,10000000
28708,19900.725,10000000
28709,19109.029,10000000
28710,18574.664,10000000
28711,18423.322,10000000
28712,18274.281,10000000
28713,18208.508,10000000
28714,18147.498,10000000
28715,18113.227,10000000
28716,18097.162,10000000
28717,18066.963,10000000
28718,18022.621,10000000
28719,18001.555,10000000
28720,17950.553,10000000
28721,17998.883,10000000
28722,18130.805,10000000
28723,18239.271,10000000
28724,18231.242,10000000
28725,18162.805,10000000
28726,18152.666,10000000
28727,18091.543,10000000
28728,18055.264,10000000
28729,18054.338,10000000
28730,18037.461,10000000
28731,17940.650,10000000
28732,17904.283,10000000
28733,17912.766,10000000
28734,18044.510,10000000
28735,18197.219,10000000
28736,18217.654,10000000
28737,18178.287,10000000
28738,18162.934,10000000
28739,18112.309,10000000
28740,18073.900,10000000
28741,18032.688,10000000
28742,18035.195,10000000
28743,17962.822,10000000
28744,17895.406,10000000
28745,17888.404,10000000
28746,17987.115,10000000
28747,18107.602,10000000
28748,18225.012,10000000
28749,18191.314,10000000
28750,18132.209,10000000
28751,18072.871,10000000
28752,18070.766,10000000
28753,18039.262,10000000
28754,18002.295,10000000
28755,17969.006,10000000
28756,17930.277,10000000
28757,17882.498,10000000
28758,17932.209,10000000
28759,18870.365,10000000
28760,22651.391,10000000
28761,23157.658,10000000
28762,19989.582,10000000
28763,19086.279,10000000
28764,18427.680,10000000
28765,18193.734,10000000
28766,18096.549,10000000
28767,17997.078,10000000
28768,17963.688,10000000
28769,17923.428,10000000
28770,17923.670,10000000
28771,18023.434,10000000
28772,18153.266,10000000
28773,18180.910,10000000
28774,18104.992,10000000
28775,18063.887,10000000
28776,18072.438,10000000
28777,18030.641,10000000
28778,17988.289,10000000
28779,17974.965,10000000
28780,17925.902,10000000
28781,17864.123,10000000
28782,17875.965,10000000
28783,17988.668,10000000
28784,18127.449,10000000
28785,18202.186,10000000
28786,18145.344,10000000
28787,18127.719,10000000
28788,18093.486,10000000
28789,18030.248,10000000
28790,17987.822,10000000
28791,17950.826,10000000
28792,17926.787,10000000
28793,17882.768,10000000
28794,17841.010,10000000
28795,17919.801,10000000
28796,18085.289,10000000
28797,18176.600,10000000
28798,18130.686,10000000
28799,18087.299,10000000
28800,18062.699,10000000
28801,18027.271,10000000
28802,17990.926,10000000
28803,17930.904,10000000
28804,17885.652,10000000
28805,17856.520,10000000
28806,17837.838,10000000
28807,17864.561,10000000
28808,17994.168,10000000
28809,18095.916,10000000
28810,18147.059,10000000
28811,18093.807,10000000
28812,18050.297,10000000
28813,19056.105,10000000
28814,22400.471,10000000
28815,22357.818,10000000
28816,19513.270,10000000
28817,18686.189,10000000
28818,18156.512,10000000
28819,17959.734,10000000
28820,18008.742,10000000
28821,18112.893,10000000
28822,18177.646,10000000
28823,18077.203,10000000
28824,18044.459,10000000
28825,18022.623,10000000
28826,17981.725,10000000
28827,17945.330,10000000
28828,17914.154,10000000
28829,17846.568,10000000
28830,17830.439,10000000
28831,17801.428,10000000
28832,17870.604,10000000
28833,18048.508,10000000
28834,18114.795,10000000
28835,18078.311,10000000
28836,18015.648,10000000
28837,17969.971,10000000
28838,17952.680,10000000
28839,17924.221,10000000
28840,17868.885,10000000
28841,17822.951,10000000
28842,17821.779,10000000
28843,17801.430,10000000
28844,17854.529,10000000
28845,17995.514,10000000
28846,18089.984,10000000
28847,18080.408,10000000
28848,18022.307,10000000
28849,17982.191,10000000
28850,17943.439,10000000
28851,17903.061,10000000
28852,17885.732,10000000
28853,17855.646,10000000
28854,17814.477,10000000
28855,17778.055,10000000
28856,17761.408,10000000
28857,17888.805,10000000
28858,18045.172,10000000
28859,18090.273,10000000
28860,18060.486,10000000
28861,18013.811,10000000
28862,17967.371,10000000
28863,17925.102,10000000
28864,17883.078,10000000
28865,17859.326,10000000
28866,17806.348,10000000
28867,19068.004,10000000
28868,22143.049,10000000
28869,21806.201,10000000
28870,19423.480,10000000
28871,18543.240,10000000
28872,14585.256,10000000
28873,13118.930,10000000
28874,12580.404,10000000
28875,12402.515,10000000
28876,12348.735,10000000
28877,12287.646,10000000
28878,12265.961,10000000
28879,12291.567,10000000
28880,12266.393,10000000
28881,12265.121,10000000
28882,12263.427,10000000
28883,12288.092,10000000
28884,12266.879,10000000
28885,12280.833,10000000
28886,12279.765,10000000
28887,12293.449,10000000
28888,12294.504,10000000
28889,12280.127,10000000
28890,12258.472,10000000
28891,12271.756,10000000
28892,12291.878,10000000
28893,12253.999,10000000
28894,12275.011,10000000
28895,12275.816,10000000
28896,12275.479,10000000
28897,12280.971,10000000
28898,12283.871,10000000
28899,12288.899,10000000
28900,12304.409,10000000
28901,12265.704,10000000
28902,12251.414,10000000
28903,12283.977,10000000
28904,12283.813,10000000
28905,12291.899,10000000
28906,12283.470,10000000
28907,12269.276,10000000
28908,12294.461,10000000
28909,12273.646,10000000
28910,12281.458,10000000
28911,12277.668,10000000
28912,12268.195,10000000
28913,12253.807,10000000
28914,12252.488,10000000
28915,12270.771,10000000
28916,12250.330,10000000
28917,12245.433,10000000
28918,12242.798,10000000
28919,12247.870,10000000
28920,12263.104,10000000
28921,14587.150,10000000
28922,19255.705,10000000
28923,18362.773,10000000
28924,14483.128,10000000
28925,15399.234,10000000
28926,14845.855,10000000
28927,13225.893,10000000
28928,12614.382,10000000
28929,12399.237,10000000
28930,12330.227,10000000
28931,12278.096,10000000
28932,12283.471,10000000
28933,12260.888,10000000
28934,12265.430,10000000
28935,12275.034,10000000
28936,12276.095,10000000
28937,12260.851,10000000
28938,12292.908,10000000
28939,12262.364,10000000
28940,12282.977,10000000
28941,12271.917,10000000
28942,12279.224,10000000
28943,12272.953,10000000
28944,12288.791,10000000
28945,12253.683,10000000
28946,12272.597,10000000
28947,12289.351,10000000
28948,12248.224,10000000
28949,12262.025,10000000
28950,12274.483,10000000
28951,12275.149,10000000
28952,12273.403,10000000
28953,12251.762,10000000
28954,12276.650,10000000
28955,12259.208,10000000
28956,12265.282,10000000
28957,12283.632,10000000
28958,12256.813,10000000
28959,12268.085,10000000
28960,12280.837,10000000
28961,12281.646,10000000
28962,12276.568,10000000
28963,12272.378,10000000
28964,12278.690,10000000
28965,12263.718,10000000
28966,12264.209,10000000
28967,12249.188,10000000
28968,12259.024,10000000
28969,12278.979,10000000
28970,12254.690,10000000
28971,12254.583,10000000
28972,12271.597,10000000
28973,12281.768,10000000
28974,12267.098,10000000
28975,14886.290,10000000
28976,19219.404,10000000
28977,17909.287,10000000
28978,14322.805,10000000
28979,13430.320,10000000
28980,12675.227,10000000
28981,12423.416,10000000
28982,12320.411,10000000
28983,12327.191,10000000
28984,12274.563,10000000
28985,12305.813,10000000
28986,12299.982,10000000
28987,12274.245,10000000
28988,12252.671,10000000
28989,12231.043,10000000
28990,12257.095,10000000
28991,12252.398,10000000
28992,12253.391,10000000
28993,12254.972,10000000
28994,12242.197,10000000
28995,12244.276,10000000
28996,12274.544,10000000
28997,12255.808,10000000
28998,12252.848,10000000
28999,12281.730,10000000
29000,12286.898,10000000
29001,12285.034,10000000
29002,12258.434,10000000
29003,12302.227,10000000
29004,12262.698,10000000
29005,12250.548,10000000
29006,12246.596,10000000
29007,12261.993,10000000
29008,12253.873,10000000
29009,12249.863,10000000
29010,12246.534,10000000
29011,12257.110,10000000
29012,12276.912,10000000
29013,12292.089,10000000
29014,12274.054,10000000
29015,12273.558,10000000
29016,12243.361,10000000
29017,12260.935,10000000
29018,12278.385,10000000
29019,12266.866,10000000
29020,12253.640,10000000
29021,12249.077,10000000
29022,12265.262,10000000
29023,12267.213,10000000
29024,12226.361,10000000
29025,12264.447,10000000
29026,12220.876,10000000
29027,12224.387,10000000
29028,12231.217,10000000
29029,15147.913,10000000
29030,19158.715,10000000
29031,17523.111,10000000
29032,14174.030,10000000
29033,13306.958,10000000
29034,12667.439,10000000
29035,12406.392,10000000
29036,12301.169,10000000
29037,12246.550,10000000
29038,12264.009,10000000
29039,12241.756,10000000
29040,12244.166,10000000
29041,12222.697,10000000
29042,12213.269,10000000
29043,12231.776,10000000
29044,12275.273,10000000
29045,12275.627,10000000
29046,12252.576,10000000
29047,12259.807,10000000
29048,12239.611,10000000
29049,12283.118,10000000
29050,12263.421,10000000
29051,12253.637,10000000
29052,12236.889,10000000
29053,12239.653,10000000
29054,12258.130,10000000
29055,12233.646,10000000
29056,12279.913,10000000
29057,12251.819,10000000
29058,12232.024,10000000
29059,12237.473,10000000
29060,12246.307,10000000
29061,12251.104,10000000
29062,12232.713,10000000
29063,12248.509,10000000
29064,12225.010,10000000
29065,12243.615,10000000
29066,12249.168,10000000
29067,12234.702,10000000
29068,12228.638,10000000
29069,12247.440,10000000
29070,12230.710,10000000
29071,12248.716,10000000
29072,12253.680,10000000
29073,12245.768,10000000
29074,12236.297,10000000
29075,12230.505,10000000
29076,12226.722,10000000
29077,12238.214,10000000
29078,12247.744,10000000
29079,12221.212,10000000
29080,12258.723,10000000
29081,12259.412,10000000
29082,12250.267,10000000
29083,15318.440,10000000
29084,19079.682,10000000
29085,17144.232,10000000
29086,14026.942,10000000
29087,13575.686,10000000
29088,16703.242,10000000
29089,17844.104,10000000
29090,18243.787,10000000
29091,18435.631,10000000
29092,18500.711,10000000
29093,18487.451,10000000
29094,18449.063,10000000
29095,18423.691,10000000
29096,18410.789,10000000
29097,18413.098,10000000
29098,18392.012,10000000
29099,18379.414,10000000
29100,18364.309,10000000
29101,18382.035,10000000
29102,18351.006,10000000
29103,18328.420,10000000
29104,18375.035,10000000
29105,18354.928,10000000
29106,18319.275,10000000
29107,18332.750,10000000
29108,18300.820,10000000
29109,18281.977,10000000
29110,18262.111,10000000
29111,18262.139,10000000
29112,18234.852,10000000
29113,18250.809,10000000
29114,18265.475,10000000
29115,18263.021,10000000
29116,18265.389,10000000
29117,18196.340,10000000
29118,18217.848,10000000
29119,18174.381,10000000
29120,18202.313,10000000
29121,18172.801,10000000
29122,18185.625,10000000
29123,18182.037,10000000
29124,18175.807,10000000
29125,18113.807,10000000
29126,18151.357,10000000
29127,18168.781,10000000
29128,18178.893,10000000
29129,18169.498,10000000
29130,18165.855,10000000
29131,18150.512,10000000
29132,18133.998,10000000
29133,18058.965,10000000
29134,18070.490,10000000
29135,18034.309,10000000
29136,18027.980,10000000
29137,19348.225,10000000
29138,20921.607,10000000
29139,19916.809,10000000
29140,18691.912,10000000
29141,16357.007,10000000
29142,13737.825,10000000
29143,12791.570,10000000
29144,12454.525,10000000
29145,12300.412,10000000
29146,12276.894,10000000
29147,12249.777,10000000
29148,12206.550,10000000
29149,12229.000,10000000
29150,12245.931,10000000
29151,12243.993,10000000
29152,12221.896,10000000
29153,12216.374,10000000
29154,12174.171,10000000
29155,12200.681,10000000
29156,12181.676,10000000
29157,12186.827,10000000
29158,12173.187,10000000
29159,12204.142,10000000
29160,12204.907,10000000
29161,12218.762,10000000
29162,12186.722,10000000
29163,12212.916,10000000
29164,12215.012,10000000
29165,12219.462,10000000
29166,12199.485,10000000
29167,12204.261,10000000
29168,12215.181,10000000
29169,12201.003,10000000
29170,12214.536,10000000
29171,12187.573,10000000
29172,12166.281,10000000
29173,12201.398,10000000
29174,12208.481,10000000
29175,12216.198,10000000
29176,12194.493,10000000
29177,12214.768,10000000
29178,12217.180,10000000
29179,12179.351,10000000
29180,12171.110,10000000
29181,12153.441,10000000
29182,12172.221,10000000
29183,12180.854,10000000
29184,12180.121,10000000
29185,12190.236,10000000
29186,12190.050,10000000
29187,12179.154,10000000
29188,12189.491,10000000
29189,12193.305,10000000
29190,12221.478,10000000
29191,15625.978,10000000
29192,18865.502,10000000
29193,16440.395,10000000
29194,13765.511,10000000
29195,16459.242,10000000
29196,17088.711,10000000
29197,17162.668,10000000
29198,17364.828,10000000
29199,17467.186,10000000
29200,17457.586,10000000
29201,17411.141,10000000
29202,17377.314,10000000
29203,17347.094,10000000
29204,17297.715,10000000
29205,17267.463,10000000
29206,17245.121,10000000
29207,17202.705,10000000
29208,17179.266,10000000
29209,17171.764,10000000
29210,17287.736,10000000
29211,17391.707,10000000
29212,17447.992,10000000
29213,17407.061,10000000
29214,17373.693,10000000
29215,17327.578,10000000
29216,17283.723,10000000
29217,17276.154,10000000
29218,17228.813,10000000
29219,17193.283,10000000
29220,17155.305,10000000
29221,17147.959,10000000
29222,17244.254,10000000
29223,17371.961,10000000
29224,17412.760,10000000
29225,17352.387,10000000
29226,17318.957,10000000
29227,17301.689,10000000
29228,17271.049,10000000
29229,17252.617,10000000
29230,17204.090,10000000
29231,17153.955,10000000
29232,17139.773,10000000
29233,17137.166,10000000
29234,17203.941,10000000
29235,17325.980,10000000
29236,17380.617,10000000
29237,17349.938,10000000
29238,17310.980,10000000
29239,17283.977,10000000
29240,17252.410,10000000
29241,17194.877,10000000
29242,17162.029,10000000
29243,17128.586,10000000
29244,17119.744,10000000
29245,18998.996,10000000
29246,20497.686,10000000
29247,19193.055,10000000
29248,18068.783,10000000
29249,17697.367,10000000
29250,17416.385,10000000
29251,17313.738,10000000
29252,17247.094,10000000
29253,17194.977,10000000
29254,17169.244,10000000
29255,17117.084,10000000
29256,17105.221,10000000
29257,17070.314,10000000
29258,17115.662,10000000
29259,17222.209,10000000
29260,17306.574,10000000
29261,17294.055,10000000
29262,17268.826,10000000
29263,17233.033,10000000
29264,17205.539,10000000
29265,17159.047,10000000
29266,17136.281,10000000
29267,17096.367,10000000
29268,17077.119,10000000
29269,17054.293,10000000
29270,17029.385,10000000
29271,17157.084,10000000
29272,17242.131,10000000
29273,17296.693,10000000
29274,17242.699,10000000
29275,17188.342,10000000
29276,17157.912,10000000
29277,17111.926,10000000
29278,17116.648,10000000
29279,17088.953,10000000
29280,17042.936,10000000
29281,17023.859,10000000
29282,17013.520,10000000
29283,17111.121,10000000
29284,17196.074,10000000
29285,17265.926,10000000
29286,17222.076,10000000
29287,17177.889,10000000
29288,17145.939,10000000
29289,17105.531,10000000
29290,17082.377,10000000
29291,17070.266,10000000
29292,17049.551,10000000
29293,17010.238,10000000
29294,16947.080,10000000
29295,17074.939,10000000
29296,17188.914,10000000
29297,17230.674,10000000
29298,17195.883,10000000
29299,18875.553,10000000
29300,20226.760,10000000
29301,18872.426,10000000
29302,17703.576,10000000
29303,17434.039,10000000
29304,17133.734,10000000
29305,17014.480,10000000
29306,16969.324,10000000
29307,17017.523,10000000
29308,17109.740,10000000
29309,17214.451,10000000
29310,17183.461,10000000
29311,17154.977,10000000
29312,17120.549,10000000
29313,17073.670,10000000
29314,17040.590,10000000
29315,17016.711,10000000
29316,17001.648,10000000
29317,16963.889,10000000
29318,16925.961,10000000
29319,16919.824,10000000
29320,17053.246,10000000
29321,17145.197,10000000
29322,17185.547,10000000
29323,17159.045,10000000
29324,17115.092,10000000
29325,17068.912,10000000
29326,17033.113,10000000
29327,17006.104,10000000
29328,16972.926,10000000
29329,16933.248,10000000
29330,16927.385,10000000
29331,16887.160,10000000
29332,16952.439,10000000
29333,17053.984,10000000
29334,17151.170,10000000
29335,17151.471,10000000
29336,17090.146,10000000
29337,17054.789,10000000
29338,17041.912,10000000
29339,17012.832,10000000
29340,16994.203,10000000
29341,16944.762,10000000
29342,16914.719,10000000
29343,16884.648,10000000
29344,16876.025,10000000
29345,16976.848,10000000
29346,17068.145,10000000
29347,17129.969,10000000
29348,17067.820,10000000
29349,17031.555,10000000
29350,17002.576,10000000
29351,16988.256,10000000
29352,16961.973,10000000
29353,18813.451,10000000
29354,19977.875,10000000
29355,18465.084,10000000
29356,17418.463,10000000
29357,17190.021,10000000
29358,17135.744,10000000
29359,17115.131,10000000
29360,17063.494,10000000
29361,17012.377,10000000
29362,16999.865,10000000
29363,16951.412,10000000
29364,16908.154,10000000
29365,16875.902,10000000
29366,16862.787,10000000
29367,16839.549,10000000
29368,16806.215,10000000
29369,16801.799,10000000
29370,16955.947,10000000
29371,17042.588,10000000
29372,17050.395,10000000
29373,16991.805,10000000
29374,16976.635,10000000
29375,16948.234,10000000
29376,16924.109,10000000
29377,16879.727,10000000
29378,16858.178,10000000
29379,16835.197,10000000
29380,16781.504,10000000
29381,16785.949,10000000
29382,16881.125,10000000
29383,17002.043,10000000
29384,17037.715,10000000
29385,16974.867,10000000
29386,16966.219,10000000
29387,16920.826,10000000
29388,16885.746,10000000
29389,16857.299,10000000
29390,16816.152,10000000
29391,16787.002,10000000
29392,16758.492,10000000
29393,16761.188,10000000
29394,16812.230,10000000
29395,16908.381,10000000
29396,16976.516,10000000
29397,16937.053,10000000
29398,16901.389,10000000
29399,16868.557,10000000
29400,16868.070,10000000
29401,16814.266,10000000
29402,16790.107,10000000
29403,16774.707,10000000
29404,16742.107,10000000
29405,16712.143,10000000
29406,16740.945,10000000
29407,18597.229,10000000
29408,19724.891,10000000
29409,18345.500,10000000
29410,17393.486,10000000
29411,15238.960,10000000
29412,13268.410,10000000
29413,12532.261,10000000
29414,12284.016,10000000
29415,12188.575,10000000
29416,12153.468,10000000
29417,12140.005,10000000
29418,12110.942,10000000
29419,12083.154,10000000
29420,12094.339,10000000
29421,12098.473,10000000
29422,12140.246,10000000
29423,12118.057,10000000
29424,12128.900,10000000
29425,12119.423,10000000
29426,12126.802,10000000
29427,12152.866,10000000
29428,12119.000,10000000
29429,12129.927,10000000
29430,12085.843,10000000
29431,12119.198,10000000
29432,12121.694,10000000
29433,12114.588,10000000
29434,12117.289,10000000
29435,12096.732,10000000
29436,12125.702,10000000
29437,12102.796,10000000
29438,12085.681,10000000
29439,12078.511,10000000
29440,12107.949,10000000
29441,12085.215,10000000
29442,12099.138,10000000
29443,12125.180,10000000
29444,12119.219,10000000
29445,12117.730,10000000
29446,12117.562,10000000
29447,12121.011,10000000
29448,12068.695,10000000
29449,12095.490,10000000
29450,12081.810,10000000
29451,12095.186,10000000
29452,12078.813,10000000
29453,12107.552,10000000
29454,12090.311,10000000
29455,12099.175,10000000
29456,12100.620,10000000
29457,12105.932,10000000
29458,12130.696,10000000
29459,12116.676,10000000
29460,12099.027,10000000
29461,15988.192,10000000
29462,18169.947,10000000
29463,14929.697,10000000
29464,13130.845,10000000
29465,15446.310,10000000
29466,13313.193,10000000
29467,12540.735,10000000
29468,12259.178,10000000
29469,12139.357,10000000
29470,12118.901,10000000
29471,12094.533,10000000
29472,12075.452,10000000
29473,12062.029,10000000
29474,12070.477,10000000
29475,12081.844,10000000
29476,12103.713,10000000
29477,12096.108,10000000
29478,12097.458,10000000
29479,12103.716,10000000
29480,12090.611,10000000
29481,12108.915,10000000
29482,12098.632,10000000
29483,12106.988,10000000
29484,12086.857,10000000
29485,12075.894,10000000
29486,12065.561,10000000
29487,12082.728,10000000
29488,12086.503,10000000
29489,12068.159,10000000
29490,12053.894,10000000
29491,12077.694,10000000
29492,12049.644,10000000
29493,12072.555,10000000
29494,12058.422,10000000
29495,12063.169,10000000
29496,12060.208,10000000
29497,12067.526,10000000
29498,12061.801,10000000
29499,12048.714,10000000
29500,12067.397,10000000
29501,12057.949,10000000
29502,12068.449,10000000
29503,12077.424,10000000
29504,12064.169,10000000
29505,12061.355,10000000
29506,12055.449,10000000
29507,12083.048,10000000
29508,12076.312,10000000
29509,12083.859,10000000
29510,12069.246,10000000
29511,12085.324,10000000
29512,12053.852,10000000
29513,12044.104,10000000
29514,12061.851,10000000
29515,15975.514,10000000
29516,17987.035,10000000
29517,14702.188,10000000
29518,12993.794,10000000
29519,12588.446,10000000
29520,12253.080,10000000
29521,12120.757,10000000
29522,12078.549,10000000
29523,12058.654,10000000
29524,12065.958,10000000
29525,12067.454,10000000
29526,12071.901,10000000
29527,12039.641,10000000
29528,12065.571,10000000
29529,12043.075,10000000
29530,12059.471,10000000
29531,12071.956,10000000
29532,12074.365,10000000
29533,12060.155,10000000
29534,12068.657,10000000
29535,12040.745,10000000
29536,12045.055,10000000
29537,12032.210,10000000
29538,12036.543,10000000
29539,12053.769,10000000
29540,12061.280,10000000
29541,12055.496,10000000
29542,12068.490,10000000
29543,12033.196,10000000
29544,12052.771,10000000
29545,12047.864,10000000
29546,12039.351,10000000
29547,12053.580,10000000
29548,12041.318,10000000
29549,12030.931,10000000
29550,12032.924,10000000
29551,12058.829,10000000
29552,12042.868,10000000
29553,12057.942,10000000
29554,12033.054,10000000
29555,12047.116,10000000
29556,12042.576,10000000
29557,12060.591,10000000
29558,12065.264,10000000
29559,12057.638,10000000
29560,12044.980,10000000
29561,12075.368,10000000
29562,12048.023,10000000
29563,12067.799,10000000
29564,12080.868,10000000
29565,12054.805,10000000
29566,12040.107,10000000
29567,12033.001,10000000
29568,12034.848,10000000
29569,15934.005,10000000
29570,17804.428,10000000
29571,14469.038,10000000
29572,12888.452,10000000
29573,12535.498,10000000
29574,12229.615,10000000
29575,12087.069,10000000
29576,12076.905,10000000
29577,12045.438,10000000
29578,12051.038,10000000
29579,12059.148,10000000
29580,12045.839,10000000
29581,12054.325,10000000
29582,12028.721,10000000
29583,12062.813,10000000
29584,12039.325,10000000
29585,12046.449,10000000
29586,12044.432,10000000
29587,12051.208,10000000
29588,12035.070,10000000
29589,12023.587,10000000
29590,12015.347,10000000
29591,12060.457,10000000
29592,12041.182,10000000
29593,12046.430,10000000
29594,12029.705,10000000
29595,12049.486,10000000
29596,12053.146,10000000
29597,12046.549,10000000
29598,12030.830,10000000
29599,12011.121,10000000
29600,12042.840,10000000
29601,12019.789,10000000
29602,12029.509,10000000
29603,12032.651,10000000
29604,12032.924,10000000
29605,12053.216,10000000
29606,12036.303,10000000
29607,12011.875,10000000
29608,12021.125,10000000
29609,12032.960,10000000
29610,12047.750,10000000
29611,12021.241,10000000
29612,12040.963,10000000
29613,12046.589,10000000
29614,12052.300,10000000
29615,12038.473,10000000
29616,12036.042,10000000
29617,12015.354,10000000
29618,11997.809,10000000
29619,12033.744,10000000
29620,12010.301,10000000
29621,12002.322,10000000
29622,11996.166,10000000
29623,15931.446,10000000
29624,17655.051,10000000
29625,14248.423,10000000
29626,12805.202,10000000
29627,12458.388,10000000
29628,12171.110,10000000
29629,12061.508,10000000
29630,12037.534,10000000
29631,12011.277,10000000
29632,11998.548,10000000
29633,11988.214,10000000
29634,12002.742,10000000
29635,11993.181,10000000
29636,12009.396,10000000
29637,12006.624,10000000
29638,11999.358,10000000
29639,12006.610,10000000
29640,12007.068,10000000
29641,12002.541,10000000
29642,12006.703,10000000
29643,11975.136,10000000
29644,12011.240,10000000
29645,12000.301,10000000
29646,12000.205,10000000
29647,12000.837,10000000
29648,12025.933,10000000
29649,12004.302,10000000
29650,12020.492,10000000
29651,11999.754,10000000
29652,11989.804,10000000
29653,11993.262,10000000
29654,12000.289,10000000
29655,11997.962,10000000
29656,11970.120,10000000
29657,11996.666,10000000
29658,12013.489,10000000
29659,11983.563,10000000
29660,11986.437,10000000
29661,11997.813,10000000
29662,12000.168,10000000
29663,12002.311,10000000
29664,11993.351,10000000
29665,11973.310,10000000
29666,12005.259,10000000
29667,11979.576,10000000
29668,11981.826,10000000
29669,11988.991,10000000
29670,11977.477,10000000
29671,11982.549,10000000
29672,11969.319,10000000
29673,11990.369,10000000
29674,12014.735,10000000
29675,11992.224,10000000
29676,11992.408,10000000
29677,15909.351,10000000
29678,17492.510,10000000
29679,14072.716,10000000
29680,12734.873,10000000
29681,12385.578,10000000
29682,12132.315,10000000
29683,12018.652,10000000
29684,11984.382,10000000
29685,11978.471,10000000
29686,11968.368,10000000
29687,11965.933,10000000
29688,11989.727,10000000
29689,11999.011,10000000
29690,11980.793,10000000
29691,11999.471,10000000
29692,11988.431,10000000
29693,11990.655,10000000
29694,11981.125,10000000
29695,11973.610,10000000
29696,11967.617,10000000
29697,11978.406,10000000
29698,11966.957,10000000
29699,11957.832,10000000
29700,11953.923,10000000
29701,11963.578,10000000
29702,11969.575,10000000
29703,11955.845,10000000
29704,11943.432,10000000
29705,11950.767,10000000
29706,11962.546,10000000
29707,11981.355,10000000
29708,11998.829,10000000
29709,11951.074,10000000
29710,11971.148,10000000
29711,11971.412,10000000
29712,11960.349,10000000
29713,11960.195,10000000
29714,11941.752,10000000
29715,11931.063,10000000
29716,11960.383,10000000
29717,11940.047,10000000
29718,11943.612,10000000
29719,11936.921,10000000
29720,11932.537,10000000
29721,11970.538,10000000
29722,11983.329,10000000
29723,11948.934,10000000
29724,11994.084,10000000
29725,11965.342,10000000
29726,11970.734,10000000
29727,11972.848,10000000
29728,11975.471,10000000
29729,11965.138,10000000
29730,11948.135,10000000
29731,15854.950,10000000
29732,17254.916,10000000
29733,13906.348,10000000
29734,12633.708,10000000
29735,15512.880,10000000
29736,15738.811,10000000
29737,15907.490,10000000
29738,16021.991,10000000
29739,16084.354,10000000
29740,16069.321,10000000
29741,16053.843,10000000
29742,16014.146,10000000
29743,15984.669,10000000
29744,15968.650,10000000
29745,15951.220,10000000
29746,15909.070,10000000
29747,15894.410,10000000
29748,15871.481,10000000
29749,15919.366,10000000
29750,16001.101,10000000
29751,16071.193,10000000
29752,16062.197,10000000
29753,16046.119,10000000
29754,16015.339,10000000
29755,15980.646,10000000
29756,15956.790,10000000
29757,15929.840,10000000
29758,15901.161,10000000
29759,15873.402,10000000
29760,15856.240,10000000
29761,15884.709,10000000
29762,15957.352,10000000
29763,16050.226,10000000
29764,16049.914,10000000
29765,15997.627,10000000
29766,15985.951,10000000
29767,15961.157,10000000
29768,15933.353,10000000
29769,15911.681,10000000
29770,15894.607,10000000
29771,15839.780,10000000
29772,15822.071,10000000
29773,15817.396,10000000
29774,15924.288,10000000
29775,16002.925,10000000
29776,16006.928,10000000
29777,15982.474,10000000
29778,15957.108,10000000
29779,15939.073,10000000
29780,15902.923,10000000
29781,15869.460,10000000
29782,15861.719,10000000
29783,15841.716,10000000
29784,15838.004,10000000
29785,17377.107,10000000
29786,17752.787,10000000
29787,16637.014,10000000
29788,16265.119,10000000
29789,16143.909,10000000
29790,15984.494,10000000
29791,15932.139,10000000
29792,15884.514,10000000
29793,15839.049,10000000
29794,15833.191,10000000
29795,15799.691,10000000
29796,15766.781,10000000
29797,15781.746,10000000
29798,15822.628,10000000
29799,15908.707,10000000
29800,15969.273,10000000
29801,15941.899,10000000
29802,15906.811,10000000
29803,15869.244,10000000
29804,15842.679,10000000
29805,15817.257,10000000
29806,15814.203,10000000
29807,15779.341,10000000
29808,15760.746,10000000
29809,15759.340,10000000
29810,15754.210,10000000
29811,15850.750,10000000
29812,15912.746,10000000
29813,15925.011,10000000
29814,15885.103,10000000
29815,15864.936,10000000
29816,15832.582,10000000
29817,15811.021,10000000
29818,15782.672,10000000
29819,15745.009,10000000
29820,15724.820,10000000
29821,15725.161,10000000
29822,15712.249,10000000
29823,15780.576,10000000
29824,15863.027,10000000
29825,15888.365,10000000
29826,15836.484,10000000
29827,15819.541,10000000
29828,15797.405,10000000
29829,15779.820,10000000
29830,15751.648,10000000
29831,15710.304,10000000
29832,15709.813,10000000
29833,15704.196,10000000
29834,15642.777,10000000
29835,15697.702,10000000
29836,15810.161,10000000
29837,15836.455,10000000
29838,15886.846,10000000
29839,17214.715,10000000
29840,17598.053,10000000
29841,16396.627,10000000
29842,16019.708,10000000
29843,15807.644,10000000
29844,15720.141,10000000
29845,15673.586,10000000
29846,15653.505,10000000
29847,15681.091,10000000
29848,15737.745,10000000
29849,15798.588,10000000
29850,15791.176,10000000
29851,15761.497,10000000
29852,15727.418,10000000
29853,15707.997,10000000
29854,15692.144,10000000
29855,15670.917,10000000
29856,15675.067,10000000
29857,15643.389,10000000
29858,15591.528,10000000
29859,15601.573,10000000
29860,15710.059,10000000
29861,15773.466,10000000
29862,15782.022,10000000
29863,15747.817,10000000
29864,15715.165,10000000
29865,15707.047,10000000
29866,15676.339,10000000
29867,15661.737,10000000
29868,15643.385,10000000
29869,15625.971,10000000
29870,15576.927,10000000
29871,15553.470,10000000
29872,15624.109,10000000
29873,15679.435,10000000
29874,15755.758,10000000
29875,15711.109,10000000
29876,15694.283,10000000
29877,15660.174,10000000
29878,15653.268,10000000
29879,15633.596,10000000
29880,15616.487,10000000
29881,15599.281,10000000
29882,15558.242,10000000
29883,15509.994,10000000
29884,15563.559,10000000
29885,15669.048,10000000
29886,15717.765,10000000
29887,15695.138,10000000
29888,15665.134,10000000
29889,15647.475,10000000
29890,15621.279,10000000
29891,15602.737,10000000
29892,15821.635,10000000
29893,17039.602,10000000
29894,17100.039,10000000
29895,16085.684,10000000
29896,15836.877,10000000
29897,15716.381,10000000
29898,15705.070,10000000
29899,15670.425,10000000
29900,15639.404,10000000
29901,15609.482,10000000
29902,15591.610,10000000
29903,15582.387,10000000
29904,15551.483,10000000
29905,15518.007,10000000
29906,15489.279,10000000
29907,15485.264,10000000
29908,15453.117,10000000
29909,15539.021,10000000
29910,15625.958,10000000
29911,15637.929,10000000
29912,15609.759,10000000
29913,15585.225,10000000
29914,15561.853,10000000
29915,15557.985,10000000
29916,15546.835,10000000
29917,15516.919,10000000
29918,15475.949,10000000
29919,15454.394,10000000
29920,15420.733,10000000
29921,15452.160,10000000
29922,15553.190,10000000
29923,15613.843,10000000
29924,15600.577,10000000
29925,15586.962,10000000
29926,15555.371,10000000
29927,15518.732,10000000
29928,15499.163,10000000
29929,15488.171,10000000
29930,15455.416,10000000
29931,15429.072,10000000
29932,15406.002,10000000
29933,15410.214,10000000
29934,15481.368,10000000
29935,15553.455,10000000
29936,15558.042,10000000
29937,15538.113,10000000
29938,15519.980,10000000
29939,15521.099,10000000
29940,15509.590,10000000
29941,15469.653,10000000
29942,15445.652,10000000
29943,15421.098,10000000
29944,15406.962,10000000
29945,15381.937,10000000
29946,15744.400,10000000
29947,16862.807,10000000
29948,17066.002,10000000
29949,16079.770,10000000
29950,15759.684,10000000
29951,13288.271,10000000
29952,12355.772,10000000
29953,12046.388,10000000
29954,11907.825,10000000
29955,11842.568,10000000
29956,11818.847,10000000
29957,11813.693,10000000
29958,11811.872,10000000
29959,11796.399,10000000
29960,11809.136,10000000
29961,11808.024,10000000
29962,11788.352,10000000
29963,11823.590,10000000
29964,11835.865,10000000
29965,11829.172,10000000
29966,11807.487,10000000
29967,11818.333,10000000
29968,11812.352,10000000
29969,11825.729,10000000
29970,11799.097,10000000
29971,11807.214,10000000
29972,11795.965,10000000
29973,11802.915,10000000
29974,11818.701,10000000
29975,11792.171,10000000
29976,11798.485,10000000
29977,11821.838,10000000
29978,11804.807,10000000
29979,11770.243,10000000
29980,11814.242,10000000
29981,11793.748,10000000
29982,11797.844,10000000
29983,11792.413,10000000
29984,11790.829,10000000
29985,11808.981,10000000
29986,11797.441,10000000
29987,11785.618,10000000
29988,11791.474,10000000
29989,11779.765,10000000
29990,11806.654,10000000
29991,11781.301,10000000
29992,11790.111,10000000
29993,11792.534,10000000
29994,11794.337,10000000
29995,11753.318,10000000
29996,11754.865,10000000
29997,11779.184,10000000
29998,11779.523,10000000
29999,11778.195,10000000
30000,12693.126,10000000
